Phonemic,Katakana,PartOfSpeech
[ʔa],ア,語素
[ʔa],ア,語素
[⸣ʔaː],アー,名
[⸢ʔaː],アー,感
[⸢ʔaː],アー,副
[⸢ʔaːʔaː],アーアー,副
[ʔaː⸢i],アーイ,感
[ʔaː⸣gai],アーガイ,名
[⸢ʔaːga⸣ʧaː],アーガチャー,名
[ʔaːga⸢jaː],アーガヤー,感
[⸢ʔaː⸣guru],アーグル,名
[⸢ʔaː⸣guru],アーグル,名
[⸢ʔaː⸣kuŋ],アークン,自動
[⸢ʔaː⸣kuŋ],アークン,助動
[⸢ʔaː⸣kuŋ],アークン,自動
[⸢ʔaː⸣kuŋ],アークン,補動
[⸢ʔaː⸣kuŋ],アークン,補動
[⸢ʔaː⸣sa],アーサ,名
[⸢ʔaː⸣ʣa],アーザ,名
[⸢ʔaːsa⸣nu ⸣suː],アーサヌスー,連
[ʔaː⸢ʣa⸣ma],アーザマ,名
[⸢ʔaːsarakaː⸣sara],アーサラカーサラ,副
[⸢ʔaː⸣ʃi],アーシ,名
[ʔaː⸢ʃi],アーシ,接尾
[⸢ʔaːʃi⸣kiŋ],アーシキン,名
[⸢ʔaː⸣ʃidʒi],アーシジ,名
[ʔaː⸣ʃi ʃi̥⸢ki⸣ruŋ],アーシシキルン,連
[⸢ʔaːʃik⸣kunaː],アーシックナー,名
[⸢ʔaːʃipau⸣ru],アーシパウル,名
[⸢ʔaːʃi⸣ɸu̥ʧi],アーシフチ,名
[⸢ʔaːʃi⸣munu],アーシムヌ,名
[⸢ʔaː⸣ʃira],アーシラ,名
[⸢ʔaːsuku⸣bu],アースクブ,名
[⸢ʔaːsu̥kuri⸣dʒima],アースクリジマ,名
[⸢ʔaːsuŋ],アースン,他動
[⸢ʔaːsuŋ],アースン,他動
[⸢ʔaːsuŋ],アースン,他動
[⸢ʔaːsuŋ],アースン,他動
[⸢ʔaːsuŋ],アースン,他動
[⸢ʔaː⸣suŋ],アースン,他動
[⸢ʔaː⸣suŋ],アースン,他動
[⸢ʔaː⸣suŋ],アースン,他動
[⸢ʔaː⸣suŋ],アースン,他動
[⸢ʔaː⸣suŋ],アースン,他動
[⸢ʔaː⸣dani],アーダニ,名
[ʔaːda⸢riː],アーダリー,感
[⸢ʔaː⸣ssuŋ],アーッスン,名
[⸢ʔaː⸣ʦubeː],アーツベー,名
[⸢ʔaː⸣ʦumeː],アーツメー,名
[⸢ʔaːtim⸣poː],アーティンポー,名
[⸢ʔaːtoːtu],アートートゥ,感
[⸢ʔaː⸣nijaː],アーニヤー,名
[⸢ʔaːnu⸣ʔiː],アーヌイー,名
[⸢ʔaː⸣nu ʔi⸢ba⸣ʧi],アーヌイバチ,連
[⸢ʔaː⸣nu ⸢kai],アーヌカイ,連
[⸢ʔaː⸣nu ⸣ʃiʤi],アーヌシジ,連
[⸢ʔaː⸣nu ⸢pam⸣biŋ],アーヌパンビン,連
[⸢ʔaː⸣nu pi̥⸢saʃi⸣ʔiː],アーヌピサシイー,連
[⸢ʔaː⸣nu ⸣puː],アーヌプー,連
[⸢ʔaːnumiː⸣su],アーヌミース,名
[⸢ʔaːnu⸣muʧi],アーヌムチ,名
[⸢ʔaː⸣nuŋ],アーヌン,名
[⸢ʔaː⸣neː],アーネー,名
[⸢ʔaː⸣pa],アーパ,名
[⸢ʔaː⸣pa],アーパ,名
[ʔaː⸢paː⸣ma],アーパーマ,名
[⸣ʔaːpaːreː],アーパーレー,名
[⸣ʔaːpaːreː],アーパーレー,名
[⸣ʔaːpaːreːʔuta],アーパーレーウタ,名
[⸢ʔaː⸣bi],アービ,名
[⸢ʔaːpiki⸣ʔuʃi],アーピキウシ,名
[⸢ʔaːpuː⸣ru],アープール,名
[⸢ʔaːɸukikaː⸣ɸu̥ki],アーフキカーフキ,副
[⸢ʔaːbu⸣ku],アーブク,名
[⸢ʔaːɸukuŋ],アーフクン,自動
[⸢ʔaːmiːboː⸣saː],アーミーボーサー,名
[⸢ʔaː⸣miki],アーミキ,名
[⸢ʔaː⸣muʧi],アームチ,名
[⸢ʔaː⸣muru],アームル,名
[⸢ʔaː meː],アーメー,感
[⸢ʔaː⸣ja],アーヤ,名
[⸢ʔaː⸣jabui],アーヤブイ,名
[⸢ʔaːra],アーラ,名
[⸢ʔaːraː⸣ s⸢saː⸣keːŋ],アーラーッサーケーン,文
[⸢ʔaːraki],アーラキ,名
[⸢ʔaːraʃipaku],アーラシパク,名
[⸢ʔaːra⸣suŋ],アーラスン,他動
[⸢ʔaːrasuŋ],アーラスン,他動
[⸢ʔaːrasuŋ],アーラスン,他動
[⸢ʔaːrasuŋ],アーラスン,他動
[⸢ʔaːrasuŋ],アーラスン,他動
[⸢ʔaːrasuŋ],アーラスン,他動
[⸢ʔaːrappaː],アーラッパー,名
[⸢ʔaːrappaːʃiː],アーラッパーシー,名
[⸢ʔaːra⸣nibaru],アーラニバル,名
[⸢ʔaːrabaka],アーラバカ,名
[⸢ʔaːrabakaminatu],アーラバカミナトゥ,名
[⸢ʔaːramaiʣuni],アーラマイズニ,名
[⸢ʔaːraŋkaː],アーランカー,名
[⸢ʔaːribana],アーリバナ,名
[⸢ʔaːrimːma],アーリンーマ,名
[⸢ʔaːru],アール,名
[⸢ʔaːrukadʒi],アールカジ,名
[⸢ʔaːrutida],アールティダ,名
[⸢ʔaːruba⸣ jumi],アールバユミ,連
[⸢ʔaːrupisa],アールピサ,名
[⸢ʔaːrubirutida],アールビルティダ,名
[⸢ʔaːrumuti],アールムティ,名
[ʔaː⸣ruŋ],アールン,自動
[⸢ʔaːruŋ],アールン,自動
[⸢ʔaːruŋ],アールン,自動
[⸢ʔaːruŋ],アールン,自動
[⸢ʔaːruŋ],アールン,自動
[⸢ʔaːruŋ],アールン,自動
[⸢ʔaːruŋ],アールン,自動
[ʔaːruŋkai],アールンカイ,名
[⸢ʔaːreː],アーレー,名
[⸢ʔaːreːki],アーレーキ,名
[⸣ʔai],アイ,副
[⸣ʔai],アイ,感
[⸣ʔai],アイ,名
[⸣ʔai],アイ,名
[⸣ʔai],アイ,名
[⸢ʔai],アイ,名
[⸣ʔai],アイ,感
[⸢ʔa⸣i],アイ,感
[ʔaiː⸢jiː],アイーイー,感
[ʔaiː⸢jiː⸣ ʔauru ⸢jattaː],アイーイーアイルヤッター,連
[⸣ʔaiʔai],アイアイ,感
[ʔai⸢ʔiʤi⸣kaiʔiʤi],アイイジカイイジ,副
[⸢ʔaiʔiʣu],アイイズ,名
[⸢ʔaikaːɸuŋ⸣kaː],アイカーフンカー,名
[⸣ʔaikai],アイカイ,名
[⸣ʔaikai],アイカイ,副
[⸢ʔai⸣kami],アイカミ,名
[⸢ʔai⸣kaŋ],アイカン,名
[⸢ʔai⸣ku],アイク,名
[⸣ʔai⸢sabaŋ⸣ kai⸢sabaŋ],アイサバンカイサバン,副
[⸢ʔai⸣ʣamutu],アイザムトゥ,名
[⸢ʔai⸣ʣamutunu ⸣ʔuta],アイザムトゥヌウタ,連
[⸣ʔaiʃi],アイシ,連
[⸢ʔai⸣ʤi],アイジ,名
[ʔai⸢ʃiː⸣ kaiʃiː],アイシーカイシー,連
[⸣ʔaiʃiːkaiʃiː],アイシーカイシー,副
[ʔai⸢ʃiː⸣kaiʃiː],アイシーカイシー,副
[⸢ʔaiʃi̥ʧi],アイシチ,名
[⸢ʔaiʃi̥ʧijuː],アイシチユー,名
[ʔaiʃi̥⸢ti],アイシティ,接
[⸢ʔaiʤoː],アイジョー,名
[⸣ʔaiʃiŋ ⸣kaiʃiŋ],アイシンカイシン,連
[⸣ʔaiʃiŋkaiʃiŋ],アイシンカイシン,副
[⸣ʔaiʃiŋkaiʃiŋ],アイシンカイシン,副
[⸣ʔai⸢ʃiŋ⸣kaiʃiŋ],アイシンカイシン,副
[ʔai⸢ʃiŋ⸣kaiʃiŋ],アイシンカイシン,副
[⸣ʔai ⸢suː⸣kaː],アイスーカー,連
[⸣ʔai ⸢sunu],アイスヌ,連
[⸢ʔai⸣ʣumi],アイズミ,名
[⸢ʔai⸣ʣumikiŋ],アイズミキン,名
[⸢ʔai⸣ʣumijaː],アイズミヤー,名
[ʔai⸢suŋ⸣keŋ],アイスンケン,副
[ʔai⸢daː],アイダー,連
[⸢ʔaida⸣ʧi],アイダチ,名
[⸢ʔaida⸣ʧi],アイダチ,名
[ʔaida⸢ʧeː⸣ma],アイダチェーマ,名
[⸢ʔai⸣ʦa],アイツァ,名
[⸢ʔaiʦaː⸣suŋ],アイツァースン,自動
[⸢ʔai⸣ʦaʔuʃi],アイツァウシ,名
[⸢ʔai⸣ʦabiːʦa],アイツァビーツァ,副
[⸢ʔai⸣ʦamuni],アイツァムニ,名
[ʔai⸢ʦoː],アイツォー,連
[⸣ʔaiʦoː],アイツォー,連
[ʔai⸢ʦoː⸣ʃeː],アイツォーシェー,連
[⸢ʔaiʦaː⸣suŋ],アイッツァースン,自動
[⸢ʔai⸣tiː],アイティー,名
[⸢ʔaina⸣ka],アイナカ,名
[⸣ʔainarikainari],アイナリカイナリ,副
[⸣ʔaini],アイニ,副
[⸣ʔaini],アイニ,副
[⸣ʔainikaini],アイニカイニ,名
[⸣ʔainuʃeː],アイヌシェー,感
[⸢ʔainu⸣ʃeː],アイヌシェー,感
[⸢ʔai⸣nupana],アイヌパナ,名
[⸣ʔaibu],アイブ,連体
[⸣ʔai ⸢buː munu],アイブームヌ,連
[⸢ʔai⸣pu̥su],アイプス,名
[ʔai⸢bu⸣ʦa],アイブツァ,連体
[⸣ʔaibu ⸣mununu],アイブムヌヌ,連
[ʔai⸢beː⸣ti],アイベーティ,接
[⸢ʔai⸣ma],アイマ,名
[⸢ʔaimaː⸣ruŋ],アイマールン,他動
[⸢ʔaima⸣ʧi],アイマチ,名
[⸢ʔaima⸣ʧi],アイマチ,感
[⸢ʔaima⸣ʧi ⸢suŋ],アイマチスン,連
[⸢ʔai⸣maruŋ],アイマルン,他動
[⸣ʔaimiː],アイミー,連
[⸣ʔaijaː],アイヤー,副
[⸣ʔaijaː ʔa⸢ra⸣nu],アイヤーアラヌ,連
[ʔai⸢jaː⸣kaː],アイヤーカー,接
[ʔai⸢jaː⸣ti],アイヤーティ,接
[⸣ʔai ⸢jatta],アイヤッタ,連
[⸣ʔai ja⸢rabaŋ],アイヤラバン,連
[⸣ʔai ja⸢ru⸣kaː],アイヤルカー,連
[⸣ʔai ⸢jarunu],アイヤルヌ,連
[⸣ʔai ja⸢runda],アイヤルンダ,連
[⸣ʔai ja⸢reː⸣ti],アイヤレーティ,連
[ʔai⸢janda],アイヤンダ,接
[ʔairu],アイル,副
[⸣ʔairu ⸣munu],アイルムヌ,連
[⸢ʔairuŋ],アイルン,自動
[⸢ʔairuŋ],アイルン,自動
[⸢ʔairuŋ],アイルン,自動
[⸢ʔairuŋ],アイルン,自動
[⸢ʔairuŋ],アイルン,他動
[⸣ʔaindu ja⸢ru⸣kaː],アインドゥヤルカー,連
[⸢ʔau],アウ,名
[⸣ʔau],アウ,名
[⸢ʔauau⸣ʃi],アウアウシ,副
[⸢ʔauirabuʧi],アウイラブチ,名
[⸢ʔauiru],アウイル,名
[⸢ʔaukari],アウカリ,名
[⸢ʔaugaŋ],アウガン,名
[⸢ʔaukuː],アウクー,名
[⸢ʔaukoːdʒi],アウコージ,名
[⸢ʔausabi],アウサビ,名
[⸢ʔauʣamuŋ],アウザムン,自動
[⸢ʔauʃiːsu],アウシース,名
[⸢ʔauʃiʤi],アウシジ,名
[⸢ʔauʃitadari],アウシタダリ,副
[⸢ʔauʃita⸣daru],アウシタダル,副
[⸢ʔauʤiru],アウジル,名
[⸢ʔau⸣ta],アウタ,名
[⸢ʔau⸣da],アウダ,名
[⸢ʔautaː],アウター,名
[⸢ʔaudaki],アウダキ,名
[⸢ʔauta⸣nu f⸢fa],アウタヌッふァ,連
[⸢ʔautamunu],アウタムヌ,名
[⸢ʔaudaŋ],アウダン,名
[⸢ʔaussaː⸣ŋ],アウッサーン,形
[⸢ʔaussari⸣kaʣa],アウッサリカザ,名
[⸢ʔaussari⸣munu],アウッサリムヌ,名
[⸢ʔautinʣoː],アウティンゾー,名
[⸢ʔautuː],アウトゥー,名
[⸢ʔaunaki],アウナキ,名
[⸢ʔauna⸣ʤi],アウナジ,名
[⸢ʔaunasuŋ],アウナスン,他動
[⸢ʔaunaru],アウナル,名
[⸢ʔaunuːru],アウヌール,名
[⸢ʔaunuːru],アウヌール,名
[⸢ʔaunuŋ],アウヌン,自動
[⸢ʔaunuŋ],アウヌン,自動
[⸢ʔaunuŋ],アウヌン,自動
[⸢ʔaupaː],アウパー,名
[⸢ʔaupaːongi],アウパーオンギ,名
[⸢ʔaubai],アウバイ,名
[⸢ʔaubasa],アウバサ,名
[⸢ʔaubatu],アウバトゥ,名
[⸢ʔaupanadaru],アウパナダル,名
[⸣ʔaupanari],アウパナリ,名
[⸢ʔaupaŋ],アウパン,名
[⸢ʔaupaŋ],アウパン,名
[⸢ʔaupiː],アウピー,名
[⸢ʔaupiki],アウピキ,名
[⸢ʔaupinakaŋ],アウピナカン,名
[⸢ʔauɸu̥ki],アウフキ,名
[⸢ʔauɸukuri],アウフクリ,名
[⸢ʔauboːda],アウボーダ,名
[⸢ʔaumami],アウマミ,名
[⸢ʔaumiː],アウミー,名
[⸢ʔaumiʦa],アウミツァ,名
[⸢ʔaumuʃi],アウムシ,名
[⸢ʔaumunu],アウムヌ,名
[⸢ʔaumuŋ],アウムン,自動
[⸢ʔaujasai],アウヤサイ,名
[⸢ʔau⸣ri],アウリ,名
[⸢ʔau⸣ri],アウリ,名
[⸢ʔau⸣ruŋ],アウルン,他動
[⸢ʔauŋ],アウン,自動
[⸢ʔauŋ],アウン,自動
[⸢ʔauŋ],アウン,自動
[⸢ʔauŋ],アウン,他動
[⸣ʔauŋ],アウン,自動
[⸣ʔauŋ],アウン,自動
[⸣ʔauŋ],アウン,自動
[⸢ʔauntaːruŋ],アウンタールン,自動
[⸢ʔaoː⸣ŋ],アオーン,形
[⸣ʔaka],アカ,名
[⸣ʔaka],アカ,名
[ʔa⸢ga],アガ,接頭
[ʔa⸢ga],アガ,接頭
[ʔa⸢ga⸣ː],アガー,感
[ʔa⸢gaːʔagaː⸣ʃi],アガーアガーシ,副
[ʔagaː⸢mui⸣saŋ],アガームイサン,形
[ʔa⸢gaː⸣ŋ],アガーン,形
[ʔa⸢gaʔaːgai],アガアーガイ,名
[ʔa⸢gaʔaːru],アガアール,名
[ʔa⸢gaʔiː],アガイー,名
[ʔa⸢gaʔika],アガイカ,名
[ʔa⸢gaʔiʣu],アガイズ,名
[ʔa⸢gaitu],アガイトゥ,名
[⸣ʔagaija],アガイヤ,感
[ʔa⸢gairabuʧi],アガイラブチ,名
[ʔa⸢gairu],アガイル,名
[ʔa⸢gaʔumuti],アガウムティ,名
[ʔa⸢kagaːra],アカガーラ,名
[ʔa⸢kagaːrajaː],アカガーラヤー,名
[ʔa⸢gakani],アガカニ,名
[ʔa⸢gakabi],アガカビ,名
[ʔa⸢gagamadʒi],アガガマジ,名
[⸣ʔakakaraʤi],アカカラジ,名
[ʔa⸢gakiː],アガキー,名
[ʔa⸢gakiŋ],アガキン,名
[ʔa⸢ga⸣kuŋ],アガクン,自動
[ʔa⸢gageː],アガゲー,名
[ʔa⸢gakoːʤi],アガコージ,名
[ʔa⸢gasanai],アガサナイ,名
[ʔa⸢gasabi],アガサビ,名
[ʔa⸢gasari],アガサリ,名
[ʔa⸢ka⸣ʃi],アカシ,名
[ʔa⸢gaʤiː],アガジー,名
[ʔa⸢gaʤiː],アガジー,名
[ʔa⸢gaʃiːʃi],アガシーシ,名
[ʔa⸢gaʃiːsu],アガシース,名
[ʔa⸢ka⸣ʃi̥kiŋ],アカシキン,名
[ʔa⸢kaʃi̥kim⸣buʃi],アカシキンブシ,名
[ʔa⸢gaʃitadaru],アガシタダル,名
[ʔa⸢kaʤinaː],アカジナー,名
[ʔa⸢gaʃinumaːru],アガシヌマール,名
[⸣ʔakaʃimaː],アカシマー,名
[ʔa⸢kadjzuː],アカジュー,名
[ʔa⸢ka⸣ʤiraː],アカジラー,名
[ʔa⸢gadʒiru],アガジル,名
[ʔa⸢gaʤiru],アガジル,名
[ʔa⸢gadʒiru],アガジル,名
[ʔa⸢gaʃiruʃi],アガシルシ,名
[ʔa⸢gaʤiŋ],アガジン,名
[ʔa⸢gaʣiŋ],アガジン,名
[ʔa⸢gaʤinnaː⸣ma],アガジンナーマ,名
[ʔa⸢ka⸣ʣumikiː],アカズミキー,名
[ʔa⸢ka⸣suri],アカスリ,名
[ʔa⸢ka⸣suŋ],アカスン,他動
[ʔa⸢ka⸣suŋ],アカスン,他動
[ʔa⸢ka⸣suŋ],アカスン,他動
[ʔa⸢gadaikuni],アガダイクニ,名
[⸣ʔagadaŋ],アガダン,名
[ʔa⸢gassu⸣çaː],アガッスヒャー,連
[ʔa⸢gaffaː⸣ma],アガッふァーマ,名
[ʔa⸢gaffaː⸣ma],アガッふァーマ,名
[ʔa⸢gatida],アガティダ,名
[ʔa⸢ka⸣tubi],アカトゥビ,名
[ʔa⸢ka⸣turu],アカトゥル,名
[ʔa⸢kanaː],アカナー,名
[ʔa⸢ganaːsaki],アガナーサキ,名
[ʔa⸢ga⸣niːbaru],アガニーバル,名
[ʔa⸢ganiʧi],アガニチ,名
[ʔa⸢ganuːnu],アガヌーヌ,名
[ʔa⸢ganuːru],アガヌール,名
[ʔa⸢kabaː],アカバー,名
[ʔa⸢gapaː],アガパー,名
[ʔa⸢kabaka],アカバカ,名
[ʔa⸢gapagi],アガパギ,名
[ʔa⸢gabasa],アガバサ,名
[ʔa⸢gapaʤi],アガパジ,名
[ʔa⸢gapaʤiŋ],アガパジン,名
[ʔa⸢kabata],アカバタ,名
[ʔa⸢kabata],アカバタ,名
[ʔa⸢kabata],アカバタ,名
[ʔa⸢kabata],アカバタ,名
[ʔa⸢gapata],アガパタ,名
[ʔa⸢gapadaka],アガパダカ,名
[ʔa⸢kahaʧi],アカハチ,名
[⸣ʔagapana],アガパナ,名
[ʔa⸢gapana],アガパナ,名
[ʔa⸢kabanikamasaː],アカバニカマサー,名
[ʔa⸢kabanibura],アカバニブラ,名
[ʔa⸢gapantari],アガパンタリ,名
[ʔa⸢gapiːkaː],アガピーカー,名
[ʔa⸢gapiːru],アガピール,名
[ʔa⸢gapiki],アガピキ,名
[ʔa⸢gapita],アガピタ,名
[ʔa⸢gapitʧiŋ],アガピッチン,名
[ʔa⸢gapitʧiŋ],アガピッチン,副
[ʔa⸢gapini],アガピニ,名
[ʔa⸢gapinsoː],アガピンソー,名
[ʔa⸢gabuː],アガブー,名
[ʔa⸢gaɸu̥ki],アガフキ,名
[⸣ʔakabuʣa],アカブザ,名
[⸣ʔakabuʣamai],アカブザマイ,名
[ʔa⸢gapusuma],アガプスマ,名
[ʔa⸢gaɸuda],アガフダ,名
[ʔa⸢gaɸubi],アガフビ,名
[ʔa⸢gapurimunu],アガプリムヌ,名
[ʔa⸢gabeː⸣ru],アガベール,感
[ʔa⸢gaboːda],アガボーダ,名
[ʔa⸢gamai],アガマイ,名
[ʔa⸢gamainu⸣ ʔiː],アガマイヌイー,連
[ʔa⸢gamasuŋ],アガマスン,他動
[⸣ʔakamataː],アカマター,名
[ʔa⸢kamaʧi],アカマチ,名
[ʔa⸢gamami],アガマミ,名
[ʔa⸢gamaminu⸣ ʔaŋ],アガマミヌアン,連
[ʔa⸢gamaminu⸣ʔiː],アガマミヌイー,名
[⸣ʔagamaraː],アガマラー,名
[⸣ʔagamaraːʔuʃi],アガマラーウシ,名
[ʔa⸢gamiː],アガミー,名
[ʔa⸢gamiː],アガミー,名
[ʔa⸢gamiːsu],アガミース,名
[ʔa⸢gamiʦa],アガミツァ,名
[ʔa⸢gamiʦaʤiː],アガミツァジー,名
[ʔa⸢gami⸣ruŋ],アガミルン,自動
[ʔa⸢gamuːʤi],アガムージ,名
[ʔa⸢gamuʧi],アガムチ,名
[ʔa⸢gamuʧi],アガムチ,名
[ʔa⸢gamunoː⸣ma],アガムノーマ,名
[ʔa⸢gamuŋ],アガムン,自動
[ʔa⸢ga⸣muŋ],アガムン,他動
[ʔaga⸢ja],アガヤ,感
[ʔaga⸢jaː],アガヤー,感
[⸣ʔagajaː],アガヤー,感
[⸣ʔagajaː],アガヤー,感
[ʔa⸢gajaːʔagaja⸣ʃi],アガヤーアガヤシ,副
[ʔagaja⸢heː],アガヤヘー,感
[ʔa⸢gajarabi],アガヤラビ,名
[ʔa⸢gajukuʃi],アガユクシ,名
[ʔa⸢gajoː],アガヨー,感
[ʔa⸢gajoːmui⸣saŋ],アガヨームイサン,形
[ʔa⸢ka⸣raː],アカラー,名
[ʔa⸢garapatara],アガラパタラ,副
[ʔa⸢garisaga⸣ri],アガリサガリ,名
[ʔa⸢gari⸣ʣatu],アガリザトゥ,名
[ʔa⸢kari⸣ruŋ],アカリルン,自動
[ʔa⸢kari⸣ruŋ],アカリルン,自動
[ʔakaru],アカル,名
[ʔa⸢karu],アカル,名
[ʔa⸢garuŋ],アガルン,自動
[ʔa⸢garuŋ],アガルン,自動
[ʔa⸢garoː⸣ʣa],アガローザ,名
[ʔa⸢garoː⸣ruŋ],アガロールン,自動
[ʔa⸢kaŋki],アカンキ,名
[ʔa⸢kaŋkiː],アカンキー,名
[ʔa⸢gantaːruŋ],アガンタールン,自動
[⸣ʔakammaːbuʃi],アカンマーブシ,名
[⸣ʔaki],アキ,名
[⸣ʔaki],アキ,名
[⸣ʔaki],アキ,名
[ʔa⸢ki],アキ,名
[ʔa⸢gi],アギ,名
[ʔa⸢giaba],アギアバ,名
[ʔa⸢giura⸣ʃi],アギウラシ,名
[ʔa⸢gikau],アギカウ,名
[ʔa⸢ki⸣kḁʦu],アキカツ,名
[ʔa⸢gi⸣sagi],アギサギ,名
[ʔa⸢kiʣama⸣ruŋ],アキザマルン,自動
[⸣ʔagiʣamijoː],アギザミヨー,感
[⸣ʔagiʣamijoː],アギザミヨー,感
[ʔa⸢giʤeː],アギジェー,感
[ʔa⸢giʤimaː],アギジマー,名
[ʔa⸢giʣoː],アギゾー,名
[ʔa⸢gisokkoː],アギソッコー,名
[ʔa⸢ki⸣taroː],アキタロー,名
[ʔa⸢kitiŋ⸣ ku⸢ri⸣tiŋ],アキティンクリティン,連
[ʔa⸢kitiŋkuri⸣tiŋ],アキティンクリティン,連
[ʔa⸢gidoːɸu],アギドーフ,名
[ʔa⸢ki⸣nai],アキナイ,名
[ʔa⸢ki⸣nai ⸢suŋ],アキナイスン,連
[ʔa⸢kinai⸣pu̥su],アキナイプス,名
[ʔa⸢kinai⸣munu],アキナイムヌ,名
[ʔa⸢ginabi],アギナビ,名
[ʔa⸢giniː],アギニー,名
[ʔa⸢ginu⸣ pu̥⸢su],アギヌプス,連
[ʔa⸢kipatakkuŋ],アキパタックン,他動
[ʔa⸢kipatiruŋ],アキパタティルン,自動
[ʔa⸢kipatissaːku],アキパティッサーク,名
[ʔa⸢kipatimuni],アキパティムニ,名
[ʔa⸢kipatiruŋ],アキパティルン,自動
[ʔa⸢kipatiwaʣa],アキパティワザ,名
[ʔa⸢gipani],アギパニ,名
[ʔa⸢kipajaː⸣ŋ],アキパヤーン,形
[ʔa⸢giɸuː],アギフー,名
[ʔa⸢kiɸui],アキフイ,名
[ʔa⸢gimaːsariŋ],アギマーサリン,自動
[ʔa⸢gimaːsuŋ],アギマースン,他動
[ʔa⸢kimiː],アキミー,名
[ʔa⸢kimikkwaː],アキミックヮー,名
[ʔa⸢gimusubi],アギムスビ,名
[ʔa⸢gimuʧi],アギムチ,名
[ʔa⸢gimunu],アギムヌ,名
[ʔa⸢gimunupaʃi],アギムヌパシ,名
[ʔa⸢kijaː],アキヤー,名
[ʔa⸢gi⸣jaː],アギヤー,名
[ʔa⸢kijaʃiki],アキヤシキ,名
[ʔa⸢gijadu],アギヤドゥ,名
[ʔa⸢kirami⸣ruŋ],アキラミルン,自動
[ʔa⸢kira⸣muŋ],アキラムン,自動
[ʔa⸢kirutuʔaː⸣ʃi],アキルトゥアーシ,副
[ʔa⸢kiruŋ],アキルン,自動
[ʔa⸢kiruŋ],アキルン,自動
[ʔa⸢kiruŋ],アキルン,自動
[ʔa⸢kiruŋ],アキルン,他動
[ʔa⸢giruŋ],アギルン,他動
[ʔa⸢giruŋ],アギルン,他動
[ʔa⸢giruŋ],アギルン,他動
[ʔa⸢ku],アク,名
[⸣ʔaku],アク,名
[⸣ʔaku],アク,名
[ʔa⸢ku⸣iŋ],アクイン,名
[ʔa⸢kuʣaka⸣ri],アクザカリ,名
[⸣ʔaku ⸢suŋ],アクスン,連
[ʔagu⸢daː⸣ma],アグダーマ,名
[ʔa⸢ku⸣niŋ],アクニン,名
[ʔa⸢ku⸣nu ⸣kaŋ],アクヌカン,連
[ʔa⸢kunuki],アクヌキ,名
[ʔa⸢kubi],アクビ,名
[ʔa⸢ku⸣ma],アクマ,名
[⸣ʔakujuku],アクユク,名
[ʔa⸢kuri⸣ruŋ],アクリルン,自動
[ʔa⸢kuŋ],アクン,他動
[ʔa⸢kuŋ],アクン,自動
[ʔa⸢guŋ],アグン,他動
[ʔa⸢guŋ],アグン,他動
[ʔa⸢guŋ],アグン,他動
[ʔa⸢koːkiː],アコーキー,名
[ʔa⸢go⸣ʧikiː],アゴチキー,名
[ʔa⸢gotʧeː⸣ma],アゴッチェーマ,名
[⸣ʔagoja],アゴヤ,名
[⸣asa],アサ,名
[⸣ʔaʣa],アザ,名
[ʔa⸢ʣa],アザ,名
[ʔa⸢ʣa],アザ,名
[ʔa⸢ʣaːra⸣suŋ],アザーラスン,他動
[ʔa⸢ʣaː⸣rikaʣaːri],アザーリカザーリ,副
[ʔa⸢ʣaːri⸣ruŋ],アザーリルン,自動
[ʔa⸢ʣaː⸣ruŋ],アザールン,自動
[ʔa⸢saː⸣ŋ],アサーン,形
[ʔa⸢saː⸣ŋ],アサーン,形
[ʔa⸢sa⸣ʔimi],アサイミ,名
[ʔa⸢sa⸣ʔuki],アサウキ,名
[ʔa⸢sakai],アサカイ,名
[ʔa⸢sa⸣kai],アサカイ,名
[ʔa⸢ʣa⸣kai],アザカイ,名
[ʔaʣakai⸢jaː⸣ma],アザカイヤーマ,名
[ʔa⸢ʣa⸣kaʣaː],アザカザー,名
[ʔa⸢sakaʤi],アサカジ,名
[ʔa⸢sakaŋgai],アサカンガイ,名
[ʔa⸢sakannaː⸣ru],アサカンナール,名
[ʔa⸢sa⸣ki],アサキ,名
[ʔa⸢sakiʤi],アサキジ,名
[ʔa⸢sakubiŋ],アサクビン,名
[ʔa⸢ʣa⸣keːŋ],アザケーン,形
[ʔa⸢sasaː],アササー,名
[ʔa⸢sa⸣ʃi],アサシ,名
[ʔa⸢saʃiga⸣ki],アサシガキ,名
[ʔa⸢sa⸣ʃuː],アサシュー,名
[ʔa⸢ʣakkaiparak⸣kai],アザッカイパラッカイ,副
[ʔa⸢ʣateː],アザテー,名
[ʔa⸢satida],アサティダ,名
[ʔa⸢sadoː⸣jajunta],アサドーヤユンタ,名
[ʔa⸢sa⸣turi],アサトゥリ,名
[ʔa⸢sa⸣turu],アサトゥル,名
[ʔa⸢ʣanaː],アザナー,名
[ʔa⸢ʣanaː⸣ŋ],アザナーン,形
[ʔa⸢sa⸣nibi],アサニビ,名
[ʔa⸢sanoː⸣ri],アサノーリ,名
[ʔa⸢sabaː],アサバー,名
[ʔa⸢sabasuŋ],アサバスン,他動
[ʔa⸢sa⸣pana],アサパナ,名
[ʔa⸢ʣabarai],アザバライ,名
[ʔa⸢ʣa⸣barai],アザバライ,名
[ʔa⸢ʣa⸣parai],アザパライ,名
[ʔa⸢ʣabaŋ juː⸣ʣoː ⸢naː⸣nu],アザバンユーゾーナーヌ,連
[ʔa⸢sabi],アサビ,名
[ʔa⸢sabikasa⸣bi],アサビカサビ,名
[ʔa⸢saçikama⸣buku],アサヒカマブク,名
[ʔa⸢sa⸣pi̥ki],アサピキ,名
[ʔsa⸢bigutu],アサビグトゥ,名
[ʔa⸢sabiʃigutu],アサビシグトゥ,名
[ʔa⸢sabissaːku],アサビッサーク,名
[ʔa⸢sabiffa],アサビッふァ,名
[ʔa⸢sabiduʃi],アサビドゥシ,名
[ʔa⸢sabinarai],アサビナライ,名
[ʔa⸢sabipada],アサビパダ,名
[ʔa⸢sabibana],アサビバナ,名
[ʔa⸢sabiburi],アサビブリ,名
[ʔa⸢sabimaːri],アサビマーリ,名
[ʔa⸢sa⸣biri],アサビリ,名
[ʔa⸢sabuŋ],アサブン,自動
[ʔa⸢sabuŋ],アサブン,自動
[ʔa⸢sabeː],アサベー,名
[ʔa⸢sabeː⸣kasabeː],アサベーカサベー,副
[ʔa⸢sa⸣boŋ],アサボン,名
[ʔa⸢sa⸣bondʒibuŋ],アサボンジブン,名
[ʔa⸢samai⸣ri],アサマイリ,名
[ʔa⸢samaʃiː],アサマシー,連体
[ʔa⸢samas⸣saŋ],アサマッサン,形
[ʔa⸢samajuː⸣ma],アサマユーマ,名
[ʔa⸢ʣa⸣miʧi],アザミチ,名
[ʔa⸢ʣamu⸣kuŋ],アザムクン,他動
[ʔa⸢sa⸣munu],アサムヌ,名
[ʔa⸢sa⸣jaki],アサヤキ,名
[ʔa⸢sa⸣juː],アサユー,名
[ʔa⸢ʣaraiʃi],アザライシ,名
[⸣ʔasaragoː],アサラゴー,名
[⸣ʔasaragoː],アサラゴー,名
[ʔa⸢ʣarasuŋ],アザラスン,他動
[ʔa⸢ʣaramiʧi],アザラミチ,名
[ʔa⸢ʣaraŋ⸣ nakaːra],アザランナカーラ,連
[ʔa⸢ʣariruŋ],アザリルン,自動
[ʔa⸢ʣariŋ],アザリン,自動
[⸣ʔasarugoː],アサルゴー,名
[ʔa⸢sa⸣ruŋ],アサルン,他動
[ʔa⸢ʣaruŋ],アザルン,自動
[ʔa⸢saŋ⸣guru],アサングル,名
[ʔa⸢saŋ⸣gurukiː],アサングルキー,名
[ʔa⸢ʣan⸣tantiŋ],アザンタンティン,連
[⸣ʔasaɲjusaŋ],アサンユサン,名
[⸣ʔaʃi],アシ,名
[⸣ʔaʃi],アシ,名
[ʔaʃi],アシ,名
[ʔaʃi],アシ,名
[ʔaʃi],アシ,名
[ʔaʃi],アシ,名
[⸣ʔaʤi],アジ,名
[ʔa⸢ʤi],アジ,名
[ʔa⸢ʤi],アジ,名
[⸣ʔaʃiː],アシー,感
[⸢ʔasi̥kai],アシゥカイ,名
[⸢ʔasi̥kaiguri⸣saŋ],アシゥカイグリサン,形
[⸢ʔasi̥kaijas⸣saŋ],アシゥカイヤッサン,形
[⸢ʔasï̥kauŋ],アシゥカウン,他動
[⸢ʔasï̥kauŋ],アシゥカウン,他動
[⸢ʔasï̥kari⸣munu],アシゥカリムヌ,名
[⸢ʔasï̥⸣karuŋ],アシゥカルン,他動
[ʔa⸢ʃi⸣utu],アシウトゥ,名
[⸣ʔaʃeː],アシェー,感
[⸣ʔaʃeːçaː],アシェーヒャー,感
[ʔa⸢ʤeː⸣ŋ],アジェーン,他動
[⸣ʔaʃikakaː],アシカカー,名
[ʔa⸢ʃi⸣kaʣa],アシカザ,名
[ʔaʤiganaʃi],アジガナシ,名
[ʔa⸢ʃikaraː⸣ŋ],アシカラーン,形
[ʔa⸢ʤikiʃi⸣muni],アジキシムニ,名
[⸢ʔaʃi̥ki⸣ruŋ],アシキルン,他動
[ʔa⸢ʃi⸣ku̥ʃi],アシクシ,名
[ʔa⸢ʃikubaː⸣ŋ],アシクバーン,形
[ʔa⸢ʤisi̥kasuŋ],アジシゥカスン,他動
[ʔa⸢ʤi⸣ʃi̥ki],アジシキ,名
[ʔa⸢ʤiʃiki⸣munu],アジシキムヌ,名
[ʔa⸢ʤi⸣ ʃi̥⸢ki⸣ruŋ],アジシキルン,連
[⸣ʔaʃiʤibuŋ],アシジブン,名
[⸣ʔaʃi su̥⸢ku],アシスクン,連
[ʔa⸢ʤisu̥kuŋ],アジスクン,連
[ʔa⸢ʤisu̥kuŋ],アジスクン,連
[ʔa⸢ʤi suŋ],アジスン,連
[ʔa⸢ʃi⸣dai],アシダイ,名
[ʔa⸢ʃi⸣dajaː],アシダヤー,名
[ʔa⸢ʃi⸣dajaː],アシダヤー,名
[ʔaʃi̥⸢taintiŋ],アシタンティン,接
[ʔa⸢ʃi⸣ʦa],アシツァ,名
[ʔa⸢ʤikkaː⸣ruŋ],アジッカールン,自動
[ʔa⸢ʃissaː⸣ŋ],アシッサーン,形
[ʔa⸢ʃissu⸣ru],アシッスル,名
[ʔaʃi̥⸢ti],アシティ,接
[⸢ʔaʃi⸣tu],アシトゥ,名
[ʔa⸢ʤituːsuŋ],アジトゥースン,他動
[⸢ʔaʃitu⸣nu ⸣juː],アシトゥヌユー,連
[ʔa⸢ʃi⸣dumi],アシドゥミ,名
[ʔa⸢ʃi⸣nu pa⸢damaː⸣ruŋ],アシヌパダマールン,文
[ʔa⸢ʃi⸣ba],アシバ,連
[ʔa⸢ʤipaʤimiruŋ],アジパジミルン,他動
[ʔa⸢ʃipajaː⸣ŋ],アシパヤーン,形
[ʔa⸢ʃipaja⸣mi],アシパヤミ,副
[ʔa⸢ʃipari⸣munu],アシパリムヌ,名
[⸣ʔaʃi paruŋ],アシパルン,連
[ʔa⸢ʃi⸣bu],アシブ,名
[ʔa⸢ʤi⸣ ɸu̥⸢kuma⸣suŋ],アジフクマスン,連
[ʔa⸢ʤi⸣ ɸu̥⸢ku⸣muŋ],アジフクムン,連
[ʔa⸢ʃiɸu̥koː⸣ŋ],アシフコーン,形
[ʔa⸢ʃi⸣ɸuŋ],アシフン,名
[ʔa⸢ʃiɸumpisa⸣ɸuŋ],アシフンピサフン,名
[ʔa⸢ʤi⸣maː],アジマー,名
[ʔa⸢ʤi⸣maː],アジマー,名
[ʔa⸢ʤimaː⸣ŋ],アジマーン,形
[ʔa⸢ʤima⸣ki],アジマキ,名
[ʔa⸢ʤimiː],アジミー,名
[ʔa⸢ʃi⸣miʤi],アシミジ,名
[ʔa⸢ʃimu⸣tu],アシムトゥ,名
[ʔa⸢ʃijuː⸣ʧimunu],アシユーチムヌ,名
[ʔa⸢ʤi⸣ruŋ],アジルン,他動
[ʔa⸢ʤiŋ⸣kaʃin ⸢naː⸣nu],アジンカシンナーヌ,連
[ʔa⸢ʤiŋguri⸣saŋ],アジングリサン,形
[ʔa⸢ʃi⸠miː],アシ⸠ミー,連
[ʔa⸢su⸣kaː],アスカー,接
[ʔa⸢su⸣kaː],アスカー,接
[ʔa⸢ʣu⸣kaː],アズカー,副
[ʔa⸢ʣu⸣ ku̥tu],アズクトゥ,連
[⸢ʔasu̥⸣kuŋ],アスクン,他動
[ʔasu̥⸢koːʔasu̥koː⸣ʃi],アスコーアスコーシ,副
[ʔa⸢ʣu⸣ʃiʤindu ja⸢ru⸣kaː],アズシジンドゥヤルカー,連
[ʔa⸢ʣutuː⸣ru],アズトゥール,連
[⸣ʔaʣuni],アズニ,連
[ʔa⸢sunu],アスヌ,接続
[ʔa⸢ʣu⸣muti],アズムティ,連
[ʔa⸢suŋ],アスン,自動
[ʔa⸢ʣuŋ],アズン,他動
[ʔa⸢suŋ⸣keŋ],アスンケン,接
[ʔa⸢sundu],アスンドゥ,接
[ʔa⸢ʣoː⸣ruŋ],アゾールン,他動
[ʔa⸢ta-],アタ,接頭
[ʔa⸢ta],アタ,接頭
[ʔa⸢da],アダ,名
[ʔa⸢daːʃikadaːʃi],アダーシカダーシ,名
[ʔa⸢daːsuŋ],アダースン,他動
[ʔa⸢taːʧima],アターチマ,副
[ʔa⸢taʔami],アタアミ,名
[ʔa⸢taʔudaraki],アタウダラキ,名
[ʔa⸢dauʧi],アダウチ,名
[ʔa⸢taujaki],アタウヤキ,名
[ʔa⸢da⸣ka],アダカ,名
[ʔa⸢takaʤi],アタカジ,名
[ʔa⸢takiʃi],アタキシ,名
[ʔa⸢taʃini],アタシニ,名
[ʔa⸢taʤimbuŋ],アタジンブン,名
[ʔa⸢tasu̥kuri],アタスクリ,名
[ʔa⸢tatakuma],アタタクマ,名
[ʔa⸢tanaki],アタナキ,名
[ʔa⸢dana⸣ʃi],アダナシ,名
[ʔa⸢dana⸣ʃiʤina],アダナシジナ,名
[ʔa⸢dana⸣ʃijuːru],アダナシユール,名
[ʔa⸢da⸣ni],アダニ,名
[ʔa⸢taniʧi],アタニチ,名
[ʔa⸢tabaʃi̥ki],アタバシキ,名
[ʔa⸢tabarai],アタバライ,名
[ʔa⸢tapari],アタパリ,名
[ʔa⸢taɸui],アタフイ,名
[ʔa⸢tajaŋ],アタヤン,名
[ʔada⸢raː],アダラー,感
[ʔa⸢tara⸣sa ⸢suŋ],アタラサスン,連
[ʔa⸢tara⸣sa ⸢suŋ],アタラサスン,連
[ʔa⸢tarasamari],アタラサマリ,名
[ʔa⸢tara⸣sawareː],アタラサワレー,連
[ʔa⸢tara⸣saŋ],アタラサン,形
[ʔa⸢tara⸣saŋ],アタラサン,形
[ʔa⸢taraʃeː⸣ma],アタラシェーマ,名
[ʔa⸢tara⸣mai],アタラマイ,名
[ʔa⸢tari],アタリ,名
[ʔada⸢riː],アダリー,感
[ʔa⸢tarikuʤi],アタリクジ,名
[ʔa⸢tariduʃi],アタリドゥシ,名
[ʔa⸢tari⸣mai],アタリマイ,名
[ʔa⸢tarjoː⸣jaː],アタリョーヤー,名
[ʔa⸢taru],アタル,名
[ʔa⸢ta⸣ru],アタル,副助
[ʔa⸢ta⸣ru],アタル,副助
[ʔa⸢ta⸣ru],アタル,副助
[ʔa⸢ta⸣ru],アタル,副助
[ʔa⸢ta⸣ru],アタル,副助
[ʔa⸢taru],アタル,接尾
[ʔa⸢taru],アタル,接尾
[ʔa⸢tarumakaʃi],アタルマカシ,副
[ʔa⸢taruŋ],アタルン,自動
[ʔa⸢taruŋ],アタルン,自動
[ʔa⸢taruŋ],アタルン,自動
[ʔa⸢taruŋ],アタルン,自動
[ʔa⸢taruŋ],アタルン,自動
[ʔa⸢taruŋ],アタルン,自動
[ʔa⸢dam⸣paː],アダンパー,名
[ʔa⸢dam⸣paːsaba],アダンパーサバ,名
[ʔa⸢dam⸣paːmusu],アダンパームス,名
[ʔa⸢dam⸣bura],アダンブラ,名
[ʔa⸢dambura⸣nu ⸣naru],アダンブラヌナル,連
[ʔa⸢dambura⸣nu ⸣ɸu̥ki],アダンブラヌフキ,連
[ʔa⸢dam⸣burajama],アダンブラヤマ,名
[ʔa⸢ʧiːʔaʧiː⸣ʃi],アチーアチーシ,副
[ʔa⸢ʧiːʔaʧiː⸣ʃi],アチーアチーシ,副
[ʔaʧiː⸢ʔaʧiː⸣ʃi],アチーアチーシ,副
[ʔa⸢ʧi⸣ʔiː],アチイー,名
[ʔa⸢ʧi⸣uŋ],アチウン,名
[⸣ʔaʧeːŋ],アチェーン,連
[ʔa⸢ʧikabi],アチカビ,名
[ʔa⸢ʧi⸣ki],アチキ,名
[ʔa⸢ʧi⸣saː],アチサー,名
[ʔa⸢ʧiʧi],アチチ,感
[ʔa⸢ʧissaː⸣ruŋ],アチッサールン,自動
[ʔa⸢ʧi⸣ssu],アチッス,名
[ʔa⸢ʧi⸣bai],アチバイ,名
[ʔa⸢ʧi⸣biː],アチビー,名
[ʔa⸢ʧi⸣biːkai],アチビーカイ,名
[ʔa⸢ʧibirai],アチビライ,名
[ʔa⸢ʧibuttaː],アチブッター,名
[ʔa⸢ʧimi],アチミ,名
[ʔa⸢ʧi⸣munu],アチムヌ,名
[⸣ʔaʧaː],アチャー,名
[ʔa⸢ʧi⸣juː],アチユー,名
[ʔa⸢ʧi⸣rai],アチライ,名
[ʔa⸢ʧirai⸣ruŋ],アチライルン,他動
[ʔa⸢ʧi⸣rauŋ],アチラウン,他動
[ʔa⸢ʧira⸣suŋ],アチラスン,他動
[ʔa⸢ʧi⸣ruŋ],アチルン,自動
[ʔaʔ],アッ,感
[⸣ʔaʦa],アツァ,名
[⸣ʔaʦaː],アツァー,名
[ʔa⸢ʦaː⸣ŋ],アツァーン,形
[ʔaʦa⸢ʔaʃi̥⸣tu],アツァアシトゥ,名
[ʔa⸢ʦakikut⸣ʦaːŋ],アツァキクッツァーン,形
[⸣ʔaʦa ʃi̥⸢tumu⸣ti],アツァシトゥムティ,連
[ʔa⸢ʦa⸣suŋ],アツァスン,他動
[ʔa⸢ʦa⸣suŋ],アツァスン,他動
[ʔa⸢ʦa⸣nu ⸣juː],アツァヌユー,連
[ʔa⸢ʦa⸣maruŋ],アツァマルン,自動
[ʔa⸢ʦa⸣mikaʦami],アツァミカツァミ,副
[ʔa⸢ʦami⸣ruŋ],アツァミルン,他動
[⸣ʔaʦamuisaŋ],アツァムイサン,形
[ʔa⸢ʦa⸣muŋ],アツァムン,他動
[⸣ʔaʦajuneŋ],アツァユネン,名
[⸣ʔaʦaŋ],アツァン,形
[ʔa⸢ʦa⸣ŋ],アツァン,形
[ʔa⸢ʦa⸣ŋ],アツァン,形
[⸣ʔaʦaŋ ⸣gisaŋ],アツァンギサン,連
[⸣ʔakku],アック,名
[⸢ʔakkuː],アックー,名
[⸢ʔakkuːmukkuː],アックームックー,名
[⸣ʔakkuːmukkuː],アックームックー,名
[⸢ʔat⸣ta ⸢taː⸣na],アッタターナ,連
[⸢ʔat⸣tani],アッタニ,副
[⸢ʔat⸣tara],アッタラ,副
[ʔattara⸢ʃeː⸣ma],アッタラシェーマ,名
[⸢ʔat⸣tarumunu],アッタルムヌ,名
[⸣ʔappa],アッパ,名
[⸢ʔappaŋ⸣ganaː],アッパンガナー,名
[⸢ʔappjaː],アッピャー,感
[⸢ʔappuʔap⸣pu],アップアップ,副
[⸣ʔaʦuŋ],アツン,自動
[ʔa⸢teː⸣ ʔaŋ],アテーアン,連
[ʔa⸢teː naː⸣nu],アテーナーヌ,連
[ʔa⸢teːnaː⸣ŋ],アテーナーン,連・副
[ʔa⸢ti],アティ,名
[ʔa⸢ti],アティ,名
[ʔa⸢ti],アティ,名
[ʔa⸢ti],アティ,名
[ʔa⸢ti],アティ,名
[ʔa⸢tikaːruŋ],アティカールン,自動
[ʔa⸢tigaki],アティガキ,名
[ʔa⸢tisaki],アティサキ,名
[ʔa⸢ti⸣soː],アティソー,名
[ʔa⸢ti⸣soː],アティソー,名
[ʔa⸢tiʧigai],アティチガイ,名
[ʔa⸢tikkunaː],アティックナー,名
[ʔa⸢tinaːm⸣munu],アティナーンムヌ,名
[ʔa⸢tinaʃi],アティナシ,名
[ʔa⸢ti⸣ naruŋ],アティナルン,連
[ʔa⸢tipaʤiri],アティパジリ,名
[ʔa⸢tihamaraŋ],アティハマルン,自動
[ʔa⸢tihamiruŋ],アティハミルン,他動
[ʔa⸢tibuʧini],アティブチニ,副
[ʔa⸢tiruŋ],アティルン,他動
[ʔa⸢diŋ⸣gaː],アディンガー,名
[ʔa⸢tiŋgaːriŋ],アティンガーリン,自動
[ʔa⸢tiŋgai⸣ ka⸢tiŋ⸣gai ʃi⸢raranu],アティンガイカティンガイシララヌ,連
[ʔa⸢tiŋgauŋ],アティンガウン,他動
[ʔa⸢tiŋguin naː⸣nu],アティングインナーヌ,連
[ʔa⸢tiŋ⸣kutin ⸢naː⸣nu],アティンクティンナーヌ,連
[ʔa⸢tin⸣soːn ⸢naː⸣nu],アティンソーンナーヌ,連
[⸣ʔatemmateː],アテンマテー,名
[⸣ʔatoː],アトー,連
[⸣ʔadoː],アドー,副
[⸣ʔadoː],アドー,副
[⸣ʔatoːkiː],アトーキー,連
[⸣ʔadoːnari],アドーナリ,副
[ʔa⸢doː⸣nu],アドーヌ,連体
[⸣ʔatoːra],アトーラ,連
[⸣ʔatu],アトゥ,名
[⸣ʔatu],アトゥ,名
[⸣ʔatu],アトゥ,接頭
[⸣ʔatu],アトゥ,名
[⸣ʔadu],アドゥ,名
[⸣ʔadu],アドゥ,連体
[ʔatuʔatu],アトゥアトゥ,名
[⸣ʔatuʔui],アトゥウイ,名
[⸣ʔatuʔuʃi],アトゥウシ,名
[⸣ʔatuʔuʃi],アトゥウシ,名
[⸣ʔatukḁta],アトゥカタ,名
[⸣ʔatukataʤiki],アトゥカタジキ,名
[⸣ʔatusaki],アトゥサキ,名
[⸣ʔatuʣaŋ],アトゥザン,名
[⸣ʔatuʃi̥ki],アトゥシキ,名
[⸣ʔatuʃigi],アトゥシギ,名
[⸣ʔatu ʃi⸢guŋ],アトゥシグン,連
[⸣ʔatuʃimaʧi],アトゥシマチ,名
[⸣ʔatuʃiŋkaː],アトゥシンカー,名
[⸣ʔatusukurimunu],アトゥスクリムヌ,名
[⸣ʔatutu̥ʃi],アトゥトゥシ,名
[⸣ʔatutuʤi],アトゥトゥジ,名
[⸣ʔatudumi],アトゥドゥミ,名
[⸣ʔatuturi],アトゥトゥリ,名
[ʔa⸢du⸣naː],アドゥナー,副
[⸣ʔatunai],アトゥナイ,名
[ʔa⸢du⸣nai],アドゥナイ,副
[⸣ʔatunari sḁ⸢ki⸣nari],アトゥナリサキナリ,連・副
[⸣ʔatunari sḁ⸢ki⸣nari],アトゥナリサキナリ,連・副
[ʔa⸢tu⸣niː],アトゥニー,名
[⸣ʔatubata],アトゥバタ,名
[⸣ʔatubata],アトゥバタ,名
[⸣ʔatubarai],アトゥバライ,名
[⸣ʔatupaŋ],アトゥパン,名
[⸣ʔatupjuːru],アトゥピュール,名
[⸣ʔatuɸuː],アトゥフー,名
[⸣ʔatuɸuni],アトゥフニ,名
[⸣ʔatumaːʃi],アトゥマーシ,名
[⸣ʔatumai],アトゥマイ,名
[⸣ʔatumasari],アトゥマサリ,名
[⸣ʔatumari],アトゥマリ,名
[ʔatumuti],アトゥムティ,連
[⸣ʔatumuduru],アトゥムドゥル,名
[⸣ʔatujaɸu],アトゥヤフ,名
[ʔa⸢tuŋ],アトゥン,他動
[⸣ʔatun sḁ⸢kiŋ],アトゥンサキン,連
[⸣ʔana],アナ,名
[⸣ʔana],アナ,名
[ʔa⸢na⸣purijaː],アナプリヤー,名
[ʔa⸢na⸣pureː],アナプレー,名
[ʔa⸢nami⸣ruŋ],アナミルン,他動
[ʔa⸢na⸣muŋ],アナムン,他動
[ʔa⸢nanduruŋ],アナンドゥルン,他動
[ʔa⸢nu],アヌ,連体
[ʔa⸢nujuː],アヌユー,名
[⸣ʔanujoːnu ⸣munu],アヌヨーヌムヌ,連
[ʔaba],アバ,名
[⸣ʔahaː],アハー,感
[ʔa⸢baːʔabaː],アバーアバー,感
[ʔa⸢baːsuŋ],アバースン,他動
[ʔa⸢bai⸣kabai],アバイカバイ,副
[ʔa⸢ba⸣iʃi],アバイシ,名
[⸣ʔabaiʣu],アバイズ,名
[ʔa⸢bairuŋ],アバイルン,自動
[ʔa⸢bauŋ],アバウン,自動
[ʔa⸢ba⸣kaʃi],アバカシ,名
[ʔa⸢ba⸣kabi],アバカビ,名
[ʔa⸢ba⸣kami],アバカミ,名
[ʔa⸢ba⸣kiː],アバキー,名
[ʔa⸢bagoː⸣daː],アバゴーダー,名
[⸣ʔabagoːdaː],アバゴーダー,名
[ʔa⸢ba⸣sa],アバサ,名
[ʔa⸢ba⸣sa],アバサ,名
[ʔa⸢ba⸣saʃi],アバサシ,名
[ʔa⸢basak⸣kujaː],アバサックヤー,名
[ʔa⸢baʣuː⸣jaŋ],アバズーヤン,形
[ʔa⸢ba⸣subu],アバスブ,名
[ʔa⸢badari⸣munu],アバダリムヌ,名
[ʔabakkaːsuŋ],アバッカースン,他動
[ʔa⸢bakkairuŋ],アバッカイルン,自動
[ʔa⸢bakkauŋ],アバッカウン,自動
[ʔa⸢bat⸣tara],アバッタラ,名
[ʔa⸢bat⸣ʦaː],アバッツァー,名
[ʔa⸢battimunu],アバッティムヌ,名
[ʔa⸢ba⸣tiː],アバティー,名
[ʔa⸢batikaː⸣ti],アバティカーティ,副
[ʔa⸢batikaba⸣ti],アバティカバティ,副
[ʔa⸢batikaba⸣ti ⸢suŋ],アバティカバティスン,連
[ʔa⸢batiruŋ],アバティルン,自動
[ʔa⸢batuŋ],アバトゥン,自動
[ʔa⸢banakinibi],アバナキニビ,名
[ʔa⸢banakuŋ],アバナクン,自動
[ʔa⸢ba⸣nabi],アバナビ,名
[ʔa⸢ba⸣nu ⸣kaʃi],アバヌカシ,連
[ʔa⸢ba⸣nu ʃi⸢ʤi⸣guru],アバヌシジグル,連
[ʔa⸢hahaː],アハハー,感
[ʔa⸢babaː⸣],アババー,名
[ʔa⸢ba⸣pḁku],アバパク,名
[ʔa⸢bapika⸣ri],アバピカリ,名
[⸣ʔaba pi̥⸢kimaːruŋ],アバピキマールン,連
[ʔa⸢ba⸣ɸu̥ʧi],アバフチ,名
[ʔa⸢baɸu̥⸣ʦaː],アバフツァー,名
[⸣ʔabamaʧi],アバマチ,名
[ʔa⸢ba⸣muʃi],アバムシ,名
[ʔa⸢ba⸣munu],アバムヌ,名
[ʔa⸢bara⸣buni],アバラブニ,名
[ʔa⸢barimari],アバリマリ,名
[ʔa⸢barimunu],アバリムヌ,名
[ʔa⸢bariruŋ],アバリルン,自動
[ʔa⸢ba⸣reː pu⸢su],アバレープス,名
[ʔa⸢ba⸣reː mi⸢du⸣mu],アバレーミドゥム,連
[ʔa⸢ba⸣reːwa⸢reː],アバレーワレー,感
[ʔa⸢ba⸣reːŋ],アバレーン,形
[⸣ʔabjaː],アビャー,感
[⸣ʔaçaːʔoː],アヒャーオー,名
[⸣ʔaçaːnugi],アヒャーヌギ,名
[ʔa⸢pi⸣ra],アピラ,名
[ʔa⸢ɸu],アフ,名
[⸣ʔabu],アブ,名
[ʔa⸢bu],アブ,名
[ʔa⸢buʔabu suŋ],アブアブスン,連
[ʔa⸢ɸariruŋ],アファリルン,自動
[ʔa⸢ɸaruŋ],アファルン,自動
[ʔa⸢ɸukami],アフカミ,名
[ʔa⸢bu⸣ʃi],アブシ,名
[ʔa⸢bu⸣ʤi],アブジ,名
[ʔa⸢buʤeː⸣ma],アブジェーマ,名
[ʔa⸢buʃigasa⸣mi],アブシガサミ,名
[ʔa⸢buʃi⸣barai],アブシバライ,名
[ʔa⸢buʃimaf⸣fa],アブシマッふァ,名
[⸣ʔabutateː],アブタテー,名
[ʔa⸢bu⸣ʦa],アブツァ,連体
[ʔa⸢bunaːs⸣saŋ],アブナーッサン,形
[ʔa⸢buneːmu],アブネーム,名
[ʔa⸢buneːmu],アブネーム,感
[ʔa⸢bubata],アブバタ,名
[ʔa⸢buru],アブル,名
[⸣ʔabuŋ],アブン,他動
[⸣ʔabuŋ],アブン,他動
[⸣ʔaboː],アボー,名
[⸣ʔaboː],アボー,名
[ʔa⸢maː⸣kumaː],アマークマー,代
[ʔa⸢maː⸣ŋ],アマーン,形
[ʔa⸢maː⸣ŋ],アマーン,形
[ʔa⸢maʔaʤi],アマアジ,名
[ʔa⸢maʔaʤi],アマアジ,名
[ʔa⸢mai],アマイ,名
[ʔa⸢maiʃimiruŋ],アマイシミルン,他動
[ʔa⸢maipada],アマイパダ,名
[ʔa⸢maibiː],アマイビー,名
[ʔa⸢maijoː⸣ruŋ],アマイヨールン,自動
[ʔa⸢mairuŋ],アマイルン,自動
[ʔa⸢mairuŋ],アマイルン,自動
[ʔa⸢mauŋ],アマウン,自動
[ʔa⸢makaʣa],アマカザ,名
[ʔa⸢maga⸣sa],アマガサ,名
[⸣ʔamakiː],アマキー,名
[ʔa⸢ma⸣gu],アマグ,名
[⸣ʔamakuma],アマクマ,代
[ʔa⸢makumaʃiː],アマクマシー,名
[ʔa⸢ma⸣gumu],アマグム,名
[ʔa⸢ma⸣guru],アマグル,名
[ʔa⸢maʣaki],アマザキ,名
[ʔa⸢maʣara⸣ʃi],アマザラシ,名
[ʔa⸢maʃeː],アマシェー,名
[ʔa⸢maʃeːnu⸣ ʔa⸢ka⸣jammaːteː],アマシェーヌアカヤンマーテー,連
[ʔa⸢maʃeːnu⸣ taroːʣaːteː],アマシェーヌタローザーテー,連
[ʔa⸢maʃeːnu⸣ ɸu̥⸢ʧimaʧiru],アマシェーヌフチマチル,連
[ʔa⸢maʃeːnu⸣ jamaʣaːteː],アマシェーヌヤマザーテー,連
[ʔa⸢maʃi⸣munu],アマシムヌ,名
[ʔa⸢ma⸣ʃuː],アマシュー,名
[ʔa⸢masuː],アマスー,名
[ʔa⸢masuŋ],アマスン,他動
[ʔa⸢ma⸣suŋ],アマスン,他動
[ʔa⸢ma⸣suŋ],アマスン,他動
[ʔa⸢ma⸣da],アマダ,名
[ʔa⸢ma⸣dara],アマダラ,名
[ʔa⸢madara⸣suŋ],アマダラスン,他動
[ʔa⸢madara⸣miʤi],アマダラミジ,名
[ʔa⸢madarukaː⸣daru],アマダルカーダル,副
[ʔa⸢madarukaː⸣daru],アマダルカーダル,副
[ʔa⸢ma⸣daruŋ],アマダルン,自動
[ʔa⸢ma⸣daruŋ],アマダルン,自動
[ʔa⸢ma⸣ʧi],アマチ,名
[ʔa⸢ma⸣ʧi ʔu⸢ta⸣ʃi],アマチウタシ,連
[ʔa⸢mat⸣tabiːtta],アマッタビーッタ,副
[ʔa⸢matiŋ⸣ki],アマティンキ,名
[ʔa⸢madu],アマドゥ,名
[ʔa⸢madu⸣nu ⸣saŋ],アマドゥヌサン,連
[ʔa⸢manaʃi⸣ ku⸢ma⸣naʃi],アマナシクマナシ,連
[ʔa⸢manaraːʃi],アマナラーシ,名
[ʔa⸢manarai],アマナライ,名
[ʔa⸢ma⸣nu],アマヌ,副
[ʔa⸢maɸu̥ʧi],アマフチ,名
[ʔa⸢mamiː],アマミー,名
[ʔa⸢mamiː kuma⸣miː],アマミークマミー,副
[ʔa⸢mamiːsu],アマミース,名
[ʔa⸢mamiʤi],アマミジ,名
[ʔa⸢ma⸣miʤi],アマミジ,名
[ʔa⸢mamiʤikaː],アマミジカー,名
[ʔa⸢mamiŋ],アマミン,名
[ʔa⸢mamunu],アマムヌ,名
[ʔa⸢ma⸣mujoː],アマムヨー,名
[ʔa⸢ma⸣muri],アマムリ,名
[ʔa⸢majuː],アマユー,名
[ʔa⸢majoːŋ],アマヨーン,名
[ʔa⸢mara⸣suŋ],アマラスン,他動
[ʔa⸢ma⸣ri],アマリ,名
[ʔa⸢mari⸣kaʤi],アマリカジ,名
[ʔa⸢mari⸣pusu],アマリプス,名
[ʔa⸢mari⸣muni],アマリムニ,名
[ʔa⸢mari⸣munu],アマリムヌ,名
[ʔa⸢mari⸣munu],アマリムヌ,名
[ʔa⸢ma⸣ruŋ],アマルン,自動
[ʔa⸢maruŋ],アマルン,自動
[ʔa⸢maŋ⸣gasa],アマンガサ,名
[ʔa⸢maŋ⸣gui],アマングイ,名
[ʔa⸢maŋ⸣guiʔuta],アマングイウタ,名
[ʔa⸢mambeːruŋ],アマンベールン,自動
[⸣ʔami],アミ,名
[ʔa⸢mi],アミ,名
[ʔa⸢mioʃi⸣ki],アミオシキ,名
[ʔa⸢mi⸣gasa],アミガサ,名
[ʔa⸢mi⸣kaʤi],アミカジ,名
[ʔa⸢mikabi],アミカビ,副
[ʔa⸢mikabuŋ],アミカブン,自動
[ʔa⸢miguma⸣ri],アミグマリ,名
[ʔa⸢mi⸣guru],アミグル,名
[ʔa⸢mi⸣ʃiji],アミシジ,名
[ʔa⸢miʃiʤi⸣ki],アミシジキ,名
[ʔa⸢miʃita⸣ɸu],アミシタフ,名
[ʔa⸢midaputu⸣ki],アミダプトゥキ,名
[ʔa⸢midama],アミダマ,名
[ʔa⸢miʧidʒi⸣ki],アミチヂキ,名
[⸣ʔamiʦa],アミツァ,名
[ʔamiʦa],アミツァ,名
[ʔamiʦa],アミツァ,名
[⸣ʔamiʦanu gu⸢ru],アミツァヌグル,連
[⸣ʔamiʦa ⸢paː⸣ʃi],アミツァパーシ,名
[ʔa⸢mi⸣duʃi],アミドゥシ,名
[ʔa⸢miniŋ⸣gai],アミニンガイ,名
[ʔa⸢mi⸣nu ka⸢ta⸣ka],アミヌカタカ,連
[ʔa⸢mipara⸣ʃi],アミパラシ,名
[ʔa⸢mi⸣pari],アミパリ,名
[ʔa⸢mi⸣ɸui],アミフイ,名
[ʔa⸢miɸui⸣kaʣa],アミフイカザ,名
[ʔa⸢miɸuiʃi̥ta⸣ɸu],アミフイシタフ,名
[ʔa⸢miboː⸣sa],アミボーサ,名
[ʔa⸢mimaː⸣ʧi],アミマーチ,名
[ʔa⸢mi⸣munu],アミムヌ,名
[ʔa⸢mi⸣mujoː],アミムヨー,名
[ʔa⸢miruŋ],アミルン,他動
[⸣ʔamiŋ ʃi̥⸢tak⸣kariŋ],アミンシタッカリン,連
[ʔa⸢mu⸣samuisaŋ],アムサムイサン,形
[ʔa⸢mu⸣saŋ],アムサン,形
[ʔa⸢mu⸣saŋ],アムサン,形
[ʔa⸢mu⸣nu],アムヌ,名
[ʔa⸢muri⸣bana],アムリバナ,名
[ʔa⸢muŋ],アムン,他動
[⸣ʔamuŋ],アムン,他動
[ʔa⸢meː⸣ma],アメーマ,名
[ʔa⸢moː⸣ri],アモーリ,名
[ʔa⸢moː⸣ri ⸢soː⸣ruŋ],アモーリソールン,連
[ʔa⸢moː⸣ruŋ],アモールン,他動
[⸣ʔaja],アヤ,名
[ʔa⸢jaː⸣makiŋ],アヤーマキン,名
[ʔa⸢jaː⸣ŋ],アヤーン,形
[ʔa⸢jakaːri⸣munu],アヤカーリムヌ,名
[ʔa⸢jakaː⸣ruŋ],アヤカールン,他動
[⸣ʔajakiŋ],アヤキン,名
[ʔa⸢ja⸣sapidarasaːŋ],アヤサピダラサーン,形
[ʔa⸢jas⸣saːŋ],アヤッサーン,形
[ʔa⸢jas⸣saːŋ],アヤッサーン,形
[ʔa⸢ja⸣turi],アヤトゥリ,名
[ʔa⸢ja⸣naki],アヤナキ,名
[ʔa⸢ja⸣pani],アヤパニ,名
[ʔa⸢jamaː⸣ruŋ],アヤマールン,自動
[ʔa⸢jama⸣sa],アヤマサ,名
[ʔa⸢jami⸣ruŋ],アヤミルン,他動
[ʔa⸢ja⸣muni],アヤムニ,名
[ʔa⸢ja⸣muŋ],アヤムン,他動
[⸣ʔajameː],アヤメー,名
[ʔa⸢jam⸣maː],アヤンマー,名
[ʔa⸢jammaː⸣ruŋ],アヤンマールン,自動
[⸣ʔajoː],アヨー,名
[ʔa⸢ra-],アラ,接頭
[ʔa⸢ra-],アラ,接頭
[ʔa⸢raːʃimiruŋ],アラーシミルン,他動
[ʔa⸢raːsuŋ],アラースン,他動
[ʔa⸢raː⸣suŋ],アラースン,他動
[ʔa⸢raː⸣riŋ],アラーリン,自動
[ʔa⸢raːriŋ],アラーリン,自動
[ʔa⸢raː⸣ŋ],アラーン,形
[ʔa⸢raː⸣ŋ],アラーン,形
[ʔa⸢raː⸣ŋ],アラーン,形
[ʔa⸢raigamaʤi],アライガマジ,名
[ʔa⸢raikusai],アライクサイ,名
[ʔa⸢raiguri⸣saŋ],アライグリサン,連
[ʔa⸢raʔinoŋ],アライノン,名
[ʔa⸢raipana],アライパナ,名
[ʔa⸢raimunu],アライムヌ,名
[ʔa⸢rauŋ],アラウン,他動
[ʔa⸢ra⸣kaː],アラカー,固
[ʔa⸢rakaː],アラカー,固
[ʔa⸢ra⸣kaːʔugaŋ],アラカーウガン,固
[ʔa⸢rakiguri⸣saŋ],アラキグリサン,連
[ʔa⸢rakiʣa⸣ru],アラキザル,名
[ʔa⸢ra⸣kiʤi],アラキジ,名
[ʔa⸢ra⸣ki ⸢ʃeː⸣ŋ],アラキシェーン,連
[ʔa⸢rakisuː⸣bu],アラキスーブ,名
[ʔa⸢raki⸣narai],アラキナライ,名
[ʔa⸢rakiniː⸣baŋ],アラキニーバン,連
[ʔa⸢rakipaʤi⸣mi],アラキパジミ,名
[ʔa⸢raki⸣miʧi],アラキミチ,名
[ʔa⸢rakiŋ],アラキン,名
[ʔa⸢rakuː],アラクー,名
[ʔa⸢ragusu̥⸣ku],アラグスク,名
[ʔa⸢ragusu̥ku⸣teː],アラグスクテー,名
[ʔa⸢rakunaʃi],アラクナシ,名
[ʔa⸢ra⸣kuŋ],アラクン,自動
[ʔa⸢raʣara⸣ŋ],アラザラン,連体
[ʔa⸢raʃi],アラシ,名
[ʔa⸢raʃiʔaki],アラシアキ,名
[ʔa⸢rasïkai],アラシゥカイ,名
[ʔa⸢rasi̥ka⸣ʃi],アラシゥカシ,名
[ʔa⸢raʃi kai⸣suŋ],アラシカイスン,連
[ʔa⸢raʃigutu],アラシグトゥ,名
[ʔa⸢raʃikoːʃi],アラシコーシ,名
[ʔa⸢ra⸣suːŋ],アラスーン,自動
[ʔa⸢ra⸣sui],アラスイ,名
[ʔa⸢rasui],アラスイ,名
[ʔa⸢rasui⸣gutu],アラスイグトゥ,名
[ʔa⸢rasu̥kuri],アラスクリ,名
[ʔa⸢rasu̥kuri],アラスクリ,名
[ʔa⸢rasuŋ],アラスン,他動
[ʔa⸢ra⸣suŋ],アラスン,他動
[ʔa⸢rasoːri],アラソーリ,名
[ʔa⸢rada⸣ti],アラダティ,名
[ʔa⸢radati⸣ruŋ],アラダティルン,他動
[ʔa⸢rada⸣tuŋ],アラダトゥン,他動
[ʔa⸢ra⸣tabi],アラタビ,名
[ʔa⸢ratama⸣ru ⸣tuʃi],アラタマルトゥシ,連
[ʔa⸢ratama⸣ruŋ],アラタマルン,自動
[ʔa⸢ratami⸣ruŋ],アラタミルン,他動
[ʔa⸢ra⸣tamuŋ],アラタムン,他動
[ʔa⸢rassaːku],アラッサーク,名
[ʔa⸢rappaː],アラッパー,名
[ʔa⸢rappaːmuni],アラッパームニ,名
[ʔa⸢ra⸣tiː],アラテイー,名
[ʔa⸢ra⸣tiː],アラテイー,名
[ʔa⸢ratu],アラトゥ,名
[ʔa⸢ratuː],アラトゥー,名
[ʔa⸢ra⸣duː],アラドゥー,名
[ʔa⸢ratui],アラトゥイ,名
[ʔa⸢ratuʃi],アラトゥシ,名
[ʔa⸢ra⸣naː],アラナー,連
[ʔa⸢ranaŋ],アラナン,名
[ʔa⸢ranaŋ⸣ka],アラナンカ,名
[ʔa⸢raniʃi],アラニシ,名
[ʔaranu],アラヌ,連
[ʔa⸢ranuːnu],アラヌーヌ,名
[ʔa⸢ranuː⸣ru],アラヌール,名
[ʔa⸢rabaː],アラバー,名
[ʔa⸢rapaka],アラパカ,名
[ʔa⸢rapaʤi⸣mi],アラパジミ,名
[ʔa⸢rabuʃi̥keː],アラブシケー,名
[ʔa⸢ra⸣ɸuni],アラフニ,名
[ʔa⸢raɸuru⸣mai],アラフルマイ,名
[ʔa⸢ramaːsu],アラマース,名
[ʔa⸢ramai],アラマイ,名
[ʔa⸢ra⸣miʧi],アラミチ,名
[ʔa⸢ramu⸣tu],アラムトゥ,名
[ʔa⸢ra⸣muni],アラムニ,名
[ʔa⸢ramunu],アラムヌ,名
[ʔa⸢ra⸣munu],アラムヌ,名
[ʔa⸢ramoːki],アラモーキ,名
[ʔa⸢rajaː],アラヤー,名
[ʔa⸢rajaː],アラヤー,名
[ʔa⸢rawari⸣ruŋ],アラワリルン,自動
[ʔa⸢raŋ⸣kaː],アランカー,連
[ʔa⸢raŋ⸠juː],アラン⸠ユー,連
[⸢ʔa⸣ri],アリ,感
[⸣ʔariː],アリー,名
[⸣ʔariʔari],アリアリ,感
[ʔa⸢rigatai⸣ ku̥tu],アリガタイクトゥ,連
[ʔa⸢ri⸣ʣuː],アリズー,名
[⸣ʔari ⸢taboː⸣ri],アリタボーリ,連
[⸣ʔarissaruŋ],アリッサルン,自動
[ʔa⸢riduː],アリドゥー,名
[⸣ʔariçaː],アリヒャー,感
[ʔa⸢riɸu̥ku⸣ri],アリフクリ,名
[ʔa⸢ri⸣pusaŋ],アリプサン,連
[ʔa⸢rijoːʔarijoː],アリヨーアリヨー,感
[ʔa⸢rijoːkuri⸣joː],アリヨークリヨー,名
[ʔa⸢riruŋ],アリルン,自動
[⸣ʔarin ⸢naː⸣ŋ],アリンナーン,連
[⸣ʔaru],アル,連体
[⸣ʔaru ⸣ʔubi],アルウビ,連
[ʔaru⸢kaka⸣raː],アルカカラー,副
[⸣ʔarukutu ⸢naːŋ⸣kutu],アルクトゥナーンクトゥ,連
[⸣ʔarusï̥kai],アルシゥカイ,名
[⸣ʔaru ⸢tuː⸣ru],アルトゥール,連
[⸣ʔaru ⸣piŋ],アルピン,連
[⸣ʔarumunu ⸢naːm⸣munu],アルムヌナーンムヌ,連
[⸣ʔareː ⸣ku̥tu],アレークトゥ,連
[ʔa⸢roː⸣na],アローナ,名
[ʔa⸢roː⸣ruŋ],アロールン,自動
[ʔa⸢wa⸣iʃi],アワイシ,名
[ʔa⸢waʣa⸣ki],アワザキ,名
[ʔa⸢wamisa⸣ku],アワミサク,名
[ʔa⸢wa⸣ri],アワリ,名
[ʔa⸢wa⸣rikuʧisa],アワリクチサ,名
[ʔa⸢wari⸣nu ⸢goːka⸣ʤi],アワリヌゴーカジ,連
[ʔa⸢wa⸣rijoːri],アワリヨーリ,名
[ʔa⸢woː⸣ŋ],アヲーン,形
[⸣ʔaŋ],アン,名
[ʔan],アン,名
[ʔaŋ],アン,自動
[ʔaŋ],アン,自動
[⸢ʔaŋ],アン,名
[⸣ʔaŋ],アン,名
[⸣ʔaŋ],アン,名
[⸢ʔaŋ⸣kaː],アンカー,名
[⸢ʔaŋ⸣kaːʤina],アンカージナ,名
[⸢ʔaŋ⸣kaːʤina],アンカージナ,名
[⸢ʔaŋkadʒi],アンカジ,名
[⸢ʔaŋ⸣gama],アンガマ,名
[⸢ʔaŋ⸣gama ⸣kabuŋ],アンガマカブン,連
[⸢ʔaŋ⸣gama ⸣kabuŋ],アンガマカブン,連
[⸢ʔaŋ⸣gamakui],アンガマクイ,名
[⸢ʔaŋ⸣gamamuni],アンガマムニ,名
[⸢ʔaŋgarasuŋ],アンガラスン,他動
[⸢ʔaŋgarasuŋ],アンガラスン,他動
[⸢ʔaŋgarasuŋ],アンガラスン,他動
[⸢ʔaŋgaripjaːŋ⸣gari],アンガリピャーンガリ,名
[⸢ʔaŋgaruŋ],アンガルン,自動
[⸢ʔaŋgiruŋ],アンギルン,他動
[⸢ʔaŋguŋ],アングン,他動
[⸢ʔaŋguŋ],アングン,他動
[⸢ʔansaŋ],アンサン,名
[⸢ʔaŋʃi̥ki⸣ʔitu],アンシキイトゥ,名
[⸢ʔaŋʃiki⸣paru],アンシキパル,名
[⸢ʔaŋʃiŋ],アンシン,名
[⸢ʔan⸣suku],アンスク,名
[⸢ʔansu̥ku⸣rai],アンスクライ,名
[⸢ʔanta],アンタ,名
[⸢ʔantanu ʣunʣunnu⸣ ɸu̥⸢ʧi],アンタヌズンズンヌフチ,連
[⸢ʔantahantagwaː⸣teː],アンタハンタグヮーテー,名
[⸢ʔandamiː⸣su],アンダミース,名
[⸢ʔanʦoː],アンツォー,名
[ʔan⸢deː⸣kaː],アンデーカー,接
[⸢ʔan⸣turu],アントゥル,名
[⸢ʔan⸣duru],アンドゥル,名
[⸣ʔan ⸣toŋ],アントン,連
[ʔan⸢naː⸣ma],アンナーマ,名
[ʔan⸢naː⸣ma ⸣kuːŋ],アンナーマクーン,連
[ʔan⸢naː⸣ma ⸢saːri⸣joi],アンナーマサーリヨイ,連
[ʔan⸢naː⸣ma ⸢saːruŋ],アンナーマサールン,連
[ʔan⸢naː⸣ma naruŋ],アンナーマナルン,連
[ʔan⸢naːma⸣nu ⸣ʔau],アンナーマヌアウ,連
[ʔan⸢naː⸣majoi],アンナーマヨイ,名
[⸣ʔan ⸢naː⸣n s⸢sanu],アンナーンッサヌ,連
[⸢ʔannai⸣nu ⸢kau],アンナイヌカウ,連
[⸢ʔannukaː],アンヌカー,名
[⸢ʔannumura],アンヌムラ,名
[⸢ʔambai],アンバイ,名
[⸢ʔambai],アンバイ,名
[⸢ʔampakasuŋ],アンパカスン,他動
[⸢ʔampakuŋ],アンパクン,他動
[⸣ʔambata],アンバタ,名
[⸣ʔamparu],アンパル,固
[⸣ʔampitaː],アンピター,名
[⸢ʔambu⸣ʃi],アンブシ,名
[⸢ʔampoːtim⸣poː],アンポーティンポー,名
[⸣ʔamma],アンマ,名
[⸣ʔamma],アンマ,名
[⸣ʔamma],アンマ,名
[⸢ʔam⸣ma],アンマ,名
[⸢ʔammaː⸣ʔika],アンマーイカ,名
[ʔam⸢maː⸣ma],アンマーマ,名
[⸢ʔamma⸣kaː],アンマカー,名
[⸢ʔamma⸣nu],アンマヌ,副
[⸢ʔam⸣muʧi],アンムチ,名
[⸢ʔammu⸣tu],アンムトゥ,名
[⸢ʔam⸣munu],アンムヌ,名
[⸣ʔaŋjuːti],アンユーティ,連
[⸣ʔaŋjuː ⸢naːŋ⸣juː],アンユーナーンユー,連
[⸢ʔanraku],アンラク,名
[-i],イ,終助
[i],イ,助数
[ʔiː],イー,名
[⸣ʔiː],イー,名
[ʔiː],イー,名
[⸢ʔiː],イー,連体
[⸢ʔi⸣ː],イー,感
[ʔiː⸢iː],イーー,感
[⸢ʔiː⸣gai],イーガイ,名
[⸢ʔiːkaki⸣pu̥su],イーカキプス,名
[⸢ʔiːkakoːni],イーカコーニ,副
[⸢ʔiːkaŋgai],イーカンガイ,名
[⸢ʔiːkukuʧi],イーククチ,名
[⸢ʔiːkutu],イークトゥ,名
[⸢ʔiːkutu⸣ juː],イークトゥユー,成
[ʔiːgu⸢juː],イーグユー,感
[⸢ʔiːkuru],イークル,名
[⸢ʔiː⸣ʃi],イーシ,名
[⸢ʔiːʃi̥ki],イーシキ,名
[⸢ʔiːʃikiruŋ],イーシキルン,他動
[⸢ʔiːʃi⸣nu ⸢koː⸣ma],イーシヌコーマ,連
[⸢ʔiː⸣ʃibiː],イーシビー,名
[⸢ʔiː⸣ʃipu̥ʃi],イーシプシ,名
[⸢ʔiːʤibuŋ],イージブン,連
[⸢ʔiːʤoːmiː],イージョーミー,名
[⸢ʔiːʣu],イーズ,名
[⸢ʔiː suːbu],イースーブ,連
[⸢ʔiːsu̥ku],イースク,名
[⸢ʔiːsu̥ku],イースク,名
[⸣ʔiː su⸢bu⸣ruŋ],イースブルン,連
[⸢ʔiː⸣ soŋgaʧi],イーソンガチ,連
[⸢ʔiːffaidaː⸣ra],イーッふァイダーラ,名
[⸢ʔiːtuʃi],イートゥシ,名
[⸢ʔiːtuʃi],イートゥシ,名
[⸢ʔiːduʃi],イードゥシ,名
[⸢ʔiː naka],イーナカ,連
[⸢ʔiːnaʤiki],イーナジキ,名
[⸢ʔiː⸣nabi],イーナビ,名
[⸢ʔiː⸣neː],イーネー,名
[⸢ʔiːpai],イーパイ,名
[⸢ʔiːpaisaba],イーパイサバ,名
[⸢ʔiːpai⸣ mu⸢ti⸣pu̥su],イーパイムティプス,連
[⸢ʔiːbasu],イーバス,名
[⸢ʔiːbasu],イーバス,副
[⸢ʔiːpjuːru],イーピュール,名
[⸢ʔiː pjoːʃi],イーピョーシ,連
[⸢ʔiːpusu],イープス,名
[⸢ʔiːmaka⸣ru],イーマカル,名
[⸢ʔiːjasassa],イーヤサッサ,感
[⸢ʔiːraː],イーラー,名
[⸢ʔiːraʔaːra],イーラアーラ,名
[⸢ʔiːramaːri],イーラマーリ,名
[⸢ʔiːramaːri],イーラマーリ,名
[⸢ʔiːra⸣riŋ],イーラリン,自動
[⸢ʔiːra⸣riŋ],イーラリン,自動
[⸢ʔiːri],イーリ,名
[⸢ʔiːriki],イーリキ,名
[⸢ʔiːriʤibuŋ],イーリジブン,名
[⸢ʔiːriʤima],イーリジマ,名
[⸢ʔiːri⸣ffa],イーリッふァ,名
[⸢ʔiːritida],イーリティダ,名
[⸢ʔiːribana],イーリバナ,名
[⸢ʔiːrimaiʣuni],イーリマイズニ,名
[⸢ʔiːrimuti],イーリムティ,名
[⸢ʔiːri⸣munu],イーリムヌ,名
[⸢ʔiː⸣ru],イール,名
[⸢ʔiːru],イール,名
[⸢ʔiːrukaʤi],イールカジ,名
[⸢ʔiːrutida],イールティダ,名
[⸢ʔiːrupi̥sa],イールピサ,名
[⸢ʔiːruŋ],イールン,自動
[⸢ʔiː⸣ruŋ],イールン,他動
[⸢ʔiːruŋkai],イールンカイ,名
[⸢ʔiːreːki],イーレーキ,名
[ʔiː⸢roː⸣ma],イーローマ,名
[⸢ʔiː⸣roːruŋ],イーロールン,他動
[⸢ʔiːwaki],イーワキ,名
[⸢je⸣ː],イェー,感
[je⸢ː],イェー,感
[⸣ʔijei],イエイ,名
[ʔi⸢ga],イガ,名
[⸣ʔikaːra],イカーラ,連体
[ʔi⸢kaːra],イカーラ,副
[⸣ʔikaːrakakoːni],イカーラカコーニ,副
[⸣ʔikaːrakakoːnu],イカーラカコーヌ,連
[⸣ʔikaːrakoː⸢ra⸣ʃi],イカーラコーラシ,副
[⸣ʔikaːra ⸣ʃiʤi],イカーラシジ,連
[⸣ʔikaːru],イカール,連体
[ʔi⸢kaːn⸣ na⸢ran⸣du],イカーンナランドゥ,連
[ʔi⸢gaiʣu],イガイズ,名
[ʔi⸢gagarasu],イガガラス,名
[ʔi⸢ka⸣saru],イカサル,連体
[ʔi⸢ka⸣ʃi],イカシ,副
[ʔi⸢gaʤiː],イガジー,名
[ʔi⸢ka⸣ʃi̥kaːʃi],イカシカーシ,副
[ʔi⸢ka⸣ʃita],イカシタ,連体
[ʔi⸢kaʃi̥takaː⸣ʃi̥ta],イカシタカーシタ,連体
[ʔi⸢ka⸣suku],イカスク,名
[ʔi⸢ka⸣suku],イカスク,副
[ʔi⸢ka⸣suŋ],イカスン,他動
[⸣ʔikadaki],イカダキ,名・副
[ʔi⸢kana],イカナ,連体
[ʔi⸢ganaː],イガナー,名
[ʔi⸢kana⸣ʃi],イカナシ,副
[ʔi⸢ganu⸣tiː],イガヌティー,名
[ʔi⸢ganu⸣ ba⸢tagara⸣su],イガヌバタガラス,連
[ʔi⸢gabaːki],イガバーキ,名
[⸣ʔikabakara],イカバカラ,副
[⸣ʔikaɸudu],イカフドゥ,副
[ʔi⸢kamusu̥⸣ku],イカムスク,副
[ʔi⸢gameː],イガメー,名
[ʔi⸢gameːdoŋgu],イガメードング,名
[ʔi⸢gajama],イガヤマ,名
[⸣ʔikajoːni],イカヨーニ,副
[ʔi⸢karaːʔikaraː],イカラーイカラー,副
[ʔi⸢karaːʔikaraː⸣ʃi],イカラーイカラーシ,副
[ʔi⸢karaː⸣saŋ],イカラーサン,形
[ʔi⸢karaː⸣ŋ],イカラーン,形
[ʔi⸢ga⸣rampu],イガランプ,名
[ʔiki],イキ,名
[ʔiki],イキ,名
[⸣ʔiki],イキ,名
[ʔi⸢kiʔasaː⸣ŋ],イキアサーン,形
[ʔi⸢ki⸣ui],イキウイ,名
[ʔi⸢kigaira⸣suŋ],イキガイラスン,他動
[ʔi⸢kikairi],イキカイリ,名
[ʔi⸢kikai⸣ruŋ],イキカイルン,自動
[ʔi⸢kiki̥ʃi⸣ruŋ],イキキシルン,自動
[⸣ʔiki ki̥⸢ʃiŋgisa⸣ru],イキキシンギサル,連
[ʔi⸢ki⸣ki̥suŋ],イキキスン,自動
[ʔi⸢ki⸣ki̥suŋ],イキキスン,自動
[ʔi⸢kiguri⸣saŋ],イキグリサン,形
[ʔi⸢kiʣaː⸣saŋ],イキザーサン,形
[ʔi⸢kiʣai],イキザイ,名
[ʔi⸢kisaraː⸣ŋ],イキサラーン,形
[⸣ʔiki ⸢ʃiːmaːki],イキシーマーキ,連
[ʔi⸢kiʃi̥ʧi],イキシチ,名
[⸣ʔikiʃini],イキシニ,名
[⸣ʔiki ʃi⸢ma⸣ruŋ],イキシマルン,連
[⸣ʔiki ʃi⸢rariŋ],イキシラリン,連
[⸣ʔiki ⸢suː⸣ madun ⸢naː⸣nu],イキスーマドゥンナーヌ,成
[⸣ʔiki su̥⸢kuŋ],イキスクン,連
[⸣ʔiki ⸢suŋ],イキスン,連
[ʔi⸢ki⸣dama],イキダマ,名
[ʔi⸢kissaː⸣ŋ],イキッサーン,形
[ʔi⸢kissari⸣kaʣa],イキッサリカザ,名
[⸣ʔikihaːhaː],イキハーハー,名
[⸣ʔiki ⸢haːhaː],イキハーハー,連
[ʔi⸢kibaka⸣ri],イキバカリ,名
[⸣ʔiki ⸣pḁkuŋ],イキパクン,連
[ʔi⸢ki⸣paʤi],イキパジ,名
[ʔi⸢kipḁti],イキパティ,名
[ʔi⸢ki⸣bana],イキバナ,名
[ʔi⸢kibui],イキブイ,名
[ʔi⸢kibui suː⸣ruŋ],イキブイスールン,連
[ʔi⸢kiɸu̥kikaː⸣ɸu̥ki],イキフキカーフキ,副
[⸣ʔiki ɸu̥⸢kikai⸣suŋ],イキフキカイスン,連
[ʔi⸢kiɸu̥ki⸣munu],イキフキムヌ,名
[ʔi⸢ki⸣ɸu̥kuŋ],イキフクン,自動
[ʔi⸢ki⸣pu̥su],イキプス,名
[ʔi⸢kiputu⸣ki],イキプトゥキ,名
[ʔi⸢kiburu],イキブル,名
[ʔi⸢ki⸣ma],イキマ,名
[ʔi⸢kimu⸣ʃi],イキムシ,名
[ʔi⸢kimu⸣ʃi],イキムシ,名
[ʔi⸢kimuduru],イキムドゥル,名
[ʔi⸢ki⸣munu],イキムヌ,名
[ʔi⸢ki⸣ruŋ],イキルン,自動
[ʔi⸢ki⸣ruŋ],イキルン,他動
[ʔi⸢ki⸣roː],イキロー,名
[ʔi⸢ki⸣roː],イキロー,名
[⸣ʔiki ⸣ʔnʣuŋ],イキンズン,連
[⸣ʔikinnubiŋ ʃi⸢raranu],イキンヌビンシララヌ,連
[ʔi⸢ku⸣sa],イクサ,名
[ʔi⸢ku⸣sa],イクサ,名
[ʔi⸢kusa⸣ʔatu],イクサアトゥ,名
[ʔi⸢kusa⸣juː],イクサユー,名
[ʔiku⸢buŋ],イクブン,副
[ʔigu⸢juː],イグユー,感
[⸣ʔikuŋ],イクン,自動
[⸣ʔiguŋ],イグン,名
[ʔi⸢goː⸣ʣaʣaːteː],イゴーザザーテー,名
[ʔikoː⸢saŋ],イコーサン,副
[ʔikoː⸢saŋ],イコーサン,副
[ʔi⸢goː⸣ʤi],イゴージ,名
[ʔi⸢koːra],イコーラ,副
[⸣ʔisa],イサ,名
[ʔi⸢sai],イサイ,名
[ʔi⸢ʣaibiː],イザイビー,名
[⸣ʔisaʔoːnaːru],イサオーナール,成
[ʔi⸢ʣa⸣teː],イザテー,名
[ʔi⸢sanaki],イサナキ,固
[ʔi⸢sanakidunʧi],イサナキドゥンチ,名
[ʔi⸢sanakipu̥su],イサナキプス,名
[ʔi⸢sanakimuni],イサナキムニ,名
[ʔi⸢samiruŋ],イサミルン,他動
[⸣ʔisajoːʣoː],イサヨーゾー,名
[ʔi⸢ʣari⸣kaʣari],イザリカザリ,名
[ʔi⸢ʣarinuŋgaːri],イザリヌンガーリ,名
[ʔi⸢ʣarinuŋgaru],イザリヌンガール,名
[ʔi⸢ʣarimunu],イザリムヌ,名
[ʔi⸢ʣariruŋ],イザリルン,連
[ʔi⸢ʣariŋ],イザリン,連
[ʔi⸢ʣariŋ],イザリン,連
[ʔi⸢saŋ⸣jaː],イサンヤー,名
[ʔi⸢ʃi],イシ,名
[ʔi⸢ʤi],イジ,名
[ʔi⸢ʤi],イジ,名
[ʔi⸢ʤiʔaːsuŋ],イジアースン,他動
[ʔi⸢ʤiʔauŋ],イジアウン,他動
[ʔi⸢ʤiʔatiruŋ],イジアティルン,他動
[⸢ʔisï̥⸣kaː ⸢goː⸣raː],イシゥカーゴーラー,連
[⸢ʔisï̥⸣kaːgoːraː],イシゥカーゴーラー,名
[⸢ʔisi̥⸣kaːtantiŋ],イシゥカータンティン,連
[⸢ʔisi̥⸣kaːtantiŋ],イシゥカータンティン,連
[⸢ʔisi̥⸣kaː ⸢naː⸣ja],イシゥカーナーヤ,連
[⸢ʔisï̥⸣kaːŋ],イシゥカーン,形
[⸢ʔisï̥⸣kaːŋ],イシゥカーン,形
[⸢ʔisi̥kamaː⸣ʃi],イシゥカマーシ,連
[⸢ʔisi̥kamaː⸣ru],イシゥカマール,名
[ʔi⸢ʃeː⸣ma],イシェーマ,名
[ʔi⸢ʃeːramiʧi],イシェーラミチ,名
[ʔi⸢ʃi⸣ga],イシガ,名
[ʔi⸢ʤikaisuŋ],イジカイスン,他動
[ʔi⸢ʃikatana],イシカタナ,名
[ʔi⸢ʤikantiː],イジカンティー,名
[ʔi⸢ʃigampara],イシガンパラ,名
[ʔi⸢ʃi⸣kiri],イシキリ,名
[⸢ʔiʃi̥kiruŋ],イシキルン,他動
[ʔi⸢ʃiguː],イシグー,名
[ʔi⸢ʃiguː],イシグー,名
[⸢ʔiʃi̥keːʣuni],イシケーズニ,名
[ʔi⸢ʃiʣaiku],イシザイク,名
[ʔi⸢ʃiʤi],イシジ,名
[ʔi⸢ʤisi̥kasuŋ],イジシゥカスン,他動
[ʔi⸢ʃiʤi⸣ bi⸢suŋ],イシジビスン,連
[ʔi⸢ʤiʣuːwaŋ],イジズーワン,形
[ʔi⸢ʃisu̥ku],イシスク,名
[ʔi⸢ʃisu̥ku],イシスク,名
[ʔi⸢ʤi⸣su̥kuŋ],イジスクン,連
[ʔi⸢ʃisuburu],イシスブル,名
[ʔi⸢ʃisuburu],イシスブル,名
[ʔi⸢ʤiʣoːʤi],イジゾージ,名
[ʔi⸢ʤitaraːsuŋ],イジタラースン,他動
[ʔi⸢ʤitaraːnu],イジタラーヌ,連
[ʔi⸢ʃidaŋ],イシダン,名
[ʔi⸢ʃitaŋkik⸣kunaː],イシタンキックナー,名
[ʔi⸢ʤikkunaː],イジックナー,名
[ʔi⸢ʤikkumiruŋ],イジックミルン,他動
[ʔi⸢ʤitʦaːsuŋ],イジッツァースン,他動
[ʔi⸢ʤitʦaːsuŋ],イジッツァースン,他動
[ʔi⸢ʤittoː],イジットー,名
[⸢ʔiʃi̥⸣toː],イシトー,名
[ʔi⸢ʣituː⸣suŋ],イジトゥースン,他動
[ʔi⸢ʃituːru],イシトゥール,名
[ʔi⸢ʃiduːru],イシドゥール,名
[ʔi⸢ʤitudumiruŋ],イジトゥドゥミルン,他動
[ʔi⸢ʃinagu],イシナグ,名
[ʔi⸢ʤinaraːʃi],イジナラーシ,名
[ʔi⸢ʤinaraːsuŋ],イジナラースン,他動
[ʔi⸢ʤinarauŋ],イジナラウン,他動
[ʔi⸢ʃi⸣niːbaru],イシニーバル,名
[ʔi⸢ʃinu⸣ʃiː],イシヌシー,名
[ʔi⸢ʃinu⸣ffa],イシヌッふァ,名
[ʔi⸢ʤinu naː⸣nu],イジヌナーヌ,連
[ʔi⸢ʃinu⸣ miː],イシヌミー,連
[ʔi⸢ʃinuŋ],イシヌン,名
[ʔi⸢ʤinoːsuŋ],イジノースン,他動
[ʔi⸢ʃipaʃi],イシパシ,名
[ʔi⸢ʤibappai],イジバッパイ,名
[ʔi⸢ʃibana],イシバナ,名
[ʔi⸢ʃibanamiʧi],イシバナミチ,名
[ʔi⸢ʃibansuru],イシバンスル,名
[ʔi⸢ʃibukuʤiː],イシブクジー,名
[ʔi⸢ʃibukujama],イシブクヤマ,名
[ʔi⸢ʤipusaː naːnu⸣nu],イジプサーナーヌヌ,連
[ʔi⸢ʤiɸuʣariŋ],イジフザリン,自動
[ʔi⸢ʤiɸuʣuŋ],イジフズン,他動
[ʔi⸢ʃiɸu̥ʧibai],イシフチバイ,名
[ʔi⸢ʃiputuki],イシプトゥキ,名
[ʔi⸢ʃiputuki],イシプトゥキ,名
[ʔi⸢ʤibuŋ],イジブン,名
[ʔi⸢ʤimaːki],イジマーキ,名
[ʔi⸢ʤimaːsuŋ],イジマースン,他動
[ʔi⸢ʤimakasuŋ],イジマカスン,他動
[ʔi⸢ʃimakoː],イシマコー,名
[ʔi⸢ʃimaʃi],イシマシ,名
[ʔi⸢ʤimaʧigai],イジマチガイ,名
[ʔi⸢ʤimaʧigauŋ],イジマチガウン,自動
[ʔi⸢ʃimaffa],イシマッふァ,名
[ʔi⸢ʃimami],イシマミ,名
[ʔi⸢ʤimarabasuŋ],イジマラバスン,他動
[ʔi⸢ʃimiː⸣ ka⸢nimiː],イシミーカニミー,連
[ʔi⸢ʃimiʧi],イシミチ,名
[ʔi⸢ʤimiʧi],イジミチ,名
[ʔi⸢ʃijaː],イシヤー,名
[ʔi⸢ʤaː],イジャー,名
[ʔi⸢ʃijukki],イシユッキ,名
[ʔi⸢ʤijoː],イジヨー,名
[ʔi⸢ʤi joː⸣ŋ],イジヨーン,連
[ʔi⸢ʤiŋguri⸣saŋ],イジングリサン,連
[ʔi⸢ʤiŋguri⸣saŋ],イジングリサン,連
[ʔi⸢ʤiŋguri⸣saŋ],イジングリサン,連
[ʔi⸢ʤi⸣ ʔn⸢ʣa⸣suŋ],イジンザスン,連
[ʔi⸢ʤiʔnʣasuŋ],イジンザスン,他動
[ʔi⸢ʤi⸣ ʔn⸢ʤi⸣ruŋ],イジンジルン,連
[ʔi⸢ʤi⸣ ʔnʣuŋ],イジンズン,連
[ʔi⸢su],イス,名
[ʔi⸢ʣu],イズ,名
[ʔi⸢ʣu⸣ ʔu⸢ra⸣suŋ],イズウラスン,連
[ʔi⸢ʣu⸣kaː],イズカー,連
[ʔi⸢ʣukaːʃipusu],イズカーシプス,名
[ʔi⸢ʣukaki],イズカキ,名
[ʔi⸢suga⸣saŋ],イスガサン,形
[ʔi⸢suga⸣suŋ],イスガスン,他動
[⸢ʔisu̥⸣ku],イスク,名
[ʔi⸢ʣukubaŋ],イズクバン,名
[ʔi⸢sukubiŋ],イスクビン,名
[⸢ʔisu̥kuŋ],イスクン,他動
[⸢ʔisu̥kuŋ],イスクン,他動
[ʔi⸢su⸣guŋ],イスグン,自動
[ʔi⸢ʣuʃimpiraku],イズシンピラク,名
[ʔi⸢ʣuturiʃiŋ⸣ka],イズトゥリシンカ,名
[ʔi⸢ʣuturi⸣pu̥su],イズトゥリプス,名
[ʔi⸢ʣutu⸣riɸuni],イズトゥリフニ,名
[ʔi⸢ʣunaː],イズナー,名
[ʔi⸢ʣunamaʃi],イズナマシ,名
[ʔi⸢ʣunu⸣suː],イズヌスー,名
[ʔi⸢ʣunu⸣ bata],イズヌバタ,連
[ʔi⸢ʣunu⸣ pa⸢ni],イズヌパニ,連
[ʔi⸢ʣunu⸣ puni],イズヌプニ,連
[ʔi⸢ʣunu miː],イズヌミー,連
[ʔi⸢ʣunu⸣miː],イズヌミー,名
[ʔi⸢ʣunu min⸣tama],イズヌミンタマ,連
[ʔi⸢ʣunu mun⸣dani],イズヌムンダニ,連
[ʔi⸢ʣunu⸣jaː],イズヌヤー,名
[ʔi⸢ʣuneːʃigama],イズネーシガマ,名
[ʔi⸢subata],イスバタ,名
[ʔi⸢ʣubiː],イズビー,名
[ʔi⸢ʣubuku],イズブク,名
[ʔi⸢ʣubeːʃi⸣kiː],イズベーシキー,名
[ʔi⸢ʣubeːʃi⸣ssa],イズベーシッサ,名
[ʔi⸢ʣu beː⸣suŋ],イズベースン,連
[ʔi⸢ʣuhoː⸣ʃi],イズホーシ,名
[ʔi⸢ʣuhoːʃi⸣naː],イズホーシナー,名
[ʔi⸢ʣuhoːʃi⸣pu̥su],イズホーシプス,名
[ʔi⸢ʣumaʧi],イズマチ,名
[ʔi⸢ʣumuʃi],イズムシ,名
[ʔi⸢ʣuŋ],イズン,他動
[ʔi⸢ʣuŋ],イズン,他動
[ʔi⸢ʣuŋ],イズン,他動
[ʔi⸢ʣum⸣puni],イズンプニ,名
[ʔi⸢soː],イソー,名
[ʔi⸢soːkiŋ],イソーキン,名
[ʔi⸢soːʃi],イソーシ,名
[ʔi⸢soːʃi̥taɸu],イソーシタフ,名
[ʔi⸢soːʃipu̥su],イソーシプス,連
[ʔi⸢soːʃiŋka],イソーシンカ,名
[ʔi⸢soː suŋ],イソースン,連
[ʔi⸢soːdoŋgu],イソードング,名
[⸣ʔisoːpaːreː],イソーパーレー,名
[ʔi⸢soːɸuʤiri],イソーフジリ,名
[ʔi⸢soːpusu],イソープス,名
[ʔi⸢soːɸuni],イソーフニ,名
[ʔi⸢ʣoː⸣ma],イゾーマ,名
[⸣ʔiʣoikiː],イゾイキー,名
[ʔi⸢ta⸣ʣai],イタザイ,名
[ʔi⸢taʤira],イタジラ,名
[⸣ʔidaɸuni],イダフニ,名
[⸣ʔidaɸuni],イダフニ,名
[⸣ʔidaɸuni],イダフニ,名
[ʔi⸢ta⸣muŋ],イタムン,自動
[ʔi⸢taram⸣ muni],イタランムニ,連
[ʔi⸢taram⸣ munu],イタランムヌ,連
[ʔi⸢dariː],イダリー,感
[ʔida⸢riː],イダリー,感
[ʔidariʔida⸢riː],イダリイダリー,感
[ʔi⸢tan⸣da],イタンダ,名
[ʔi⸢tanda⸣sï̥kai],イタンダシゥカイ,名
[ʔi⸢tanda⸣ʤiŋ],イタンダジン,名
[ʔi⸢tandassaː⸣ku],イタンダッサーク,名
[ʔi⸢tanda⸣ffai],イタンダッふァイ,名
[ʔi⸢tandapḁtara⸣ki],イタンダパタラキ,名
[ʔi⸢tandapata⸣raki],イタンダパタラキ,名
[ʔi⸢tanda⸣munu],イタンダムヌ,名
[⸣ʔiʧi],イチ,名
[ʔi⸢ʧi],イチ,名
[ʔi⸢ʧi],イチ,代
[ʔi⸢ʧiʔiʧi],イチイチ,代
[ʔi⸢ʧi⸣ʔiʧi],イチイチ,副
[ʔi⸢ʧeːra],イチェーラ,連
[⸣ʔiʧeːra ʤuː⸢baː⸣ki],イチェーラジューバーキ,連
[⸣ʔiʧeːra ⸣ʤuː⸢baː⸣ki],イチェーラジューバーキ,連
[ʔi⸢ʧika],イチカ,副
[ʔi⸢ʧiguru],イチグル,名
[ʔi⸢ʧi⸣ʃi̥ki],イチシキ,名
[⸣ʔiʧidai],イチダイ,名
[ʔi⸢ʧi⸣ʧi],イチチ,名
[ʔi⸢ʧiʧiŋ⸣gu],イチチング,名
[ʔi⸢ʧik⸣kara],イチッカラ,名
[ʔi⸢ʧit⸣ʧi],イチッチ,名
[ʔi⸢ʧit⸣ʧiŋ],イチッチン,名
[ʔi⸢ʧideːʤi],イチデージ,名
[ʔi⸢ʧi⸣ti],イチティ,名
[ʔi⸢ʧi⸣du],イチドゥ,名
[ʔi⸢ʧinaŋ⸣ka],イチナンカ,名
[ʔi⸢ʧini⸣ʧi],イチニチ,名
[ʔi⸢ʧiniŋ],イチニン,名
[ʔi⸢ʧi⸣nu ⸢ʤiŋ],イチヌジン,連
[ʔi⸢ʧinu⸣ madu],イチヌマドゥ,連
[ʔi⸢ʧibaː⸣kiŋ],イチバーキン,連
[ʔi⸢ʧi⸣baŋ],イチバン,名
[ʔi⸢ʧibanʔura⸣ʣa],イチバンウラザ,名
[ʔi⸢ʧiban⸣ʣaː],イチバンザー,名
[ʔi⸢ʧibaŋʃiː⸣munu],イチバンシームヌ,名
[ʔi⸢ʧiban⸣ʤoː],イチバンジョー,名
[ʔi⸢ʧiban⸣duʃi],イチバンドゥシ,名
[ʔi⸢ʧiban⸣duru],イチバンドゥル,名
[ʔi⸢ʧibam⸣miː],イチバンミー,名
[ʔi⸢ʧibam⸣muku],イチバンムク,名
[ʔi⸢ʧibaɲ⸣jaku],イチバンヤク,名
[ʔi⸢ʧi⸣ɸu],イチフ,名
[ʔi⸢ʧibukaraː],イチブカラー,名
[ʔi⸢ʧiɸukjoː⸣dai],イチフキョーダイ,名
[ʔi⸢ʧiɸu⸣bui],イチフブイ,名
[ʔi⸢ʧiɸubuʣa⸣sa],イチフブザサ,名
[ʔi⸢ʧiɸububaː⸣ma],イチフブバーマ,名
[ʔi⸢ʧiɸuŋ⸣keːŋ],イチフンケーン,連
[ʔi⸢ʧimuŋ],イチムン,名
[ʔi⸢ʧi jaru⸣juː],イチヤルユー,連
[ʔi⸢ʧijoː],イチヨー,副
[⸣ʔiʧoː],イチョー,名
[ʔi⸢ʧoː⸣niʧi],イチョーニチ,名
[ʔi⸢ʧoː⸣nu ɸu̥⸢ʧi⸣ru],イチョーヌフチル,連
[ʔi⸢ʧi⸣ri],イチリ,名
[ʔi⸢ʧiŋ],イチン,副
[ʔi⸢ʧiŋgasa],イチンガサ,副
[ʔi⸢ʧiŋgasa],イチンガサ,副
[ʔi⸢ʧiŋga⸣ʧi],イチンガチ,名
[ʔi⸢ʧiŋ⸣goː],イチンゴー,名
[ʔi⸢ʧiŋgoːnaka⸣muru],イチンゴーナカムル,名
[ʔi⸢ʧinnaː⸣ka],イチンナーカ,副
[⸣ʔiʦu],イツ,名
[⸣ʔiʦa],イツァ,名
[ʔiʦaː⸢ʔiʦaː⸣ʃi],イツァーイツァーシ,副
[ʔi⸢ʦaː⸣ŋ],イツァーン,形
[ʔi⸢ʦaː⸣ŋ],イツァーン,形
[ʔi⸢ʦaː⸣ŋ],イツァーン,形
[ʔi⸢ʦa⸣kau],イツァカウ,名
[ʔi⸢ʦa⸣kubi],イツァクビ,名
[⸣ʔiʦadoːɸu],イツァドーフ,名
[ʔi⸢ʦa⸣nu ⸣ki̥ʃi],イツァヌキシ,連
[⸣ʔiʦabaki],イツァバキ,名
[ʔi⸢ʦa⸣bi],イツァビ,名
[ʔi⸢ʦa⸣bira],イツァビラ,名
[ʔi⸢ʦabiraːma],イツァビラーマ,名
[⸣ʔiʦaɸu̥kubi],イツァフクビ,名
[ʔi⸢ʦa⸣ɸuŋ],イツァフン,名
[ʔi⸢ʦaɸun⸣ʦa],イツァフンツァ,名
[⸣ʔiʦajadu],イツァヤドゥ,名
[ʔi⸢ʦam⸣paikiː],イツァンパイキー,名
[ʔi⸢ʦoːm⸣pu̥su],イツォーンプス,名
[ʔik⸢ka],イッカ,副
[ʔik⸢kana⸣ʃi],イッカナシ,副
[ʔik⸢kana⸣ʃiŋ],イッカナシン,副
[⸣ʔiʦukiŋ],イツキン,名
[⸢ʔikkiŋ],イッキン,名
[⸣ʔiʦuku̥kuru],イツククル,名
[⸣ʔiʦuku̥tuba],イツクトゥバ,名
[⸢ʔik⸣kwaŋ],イックヮン,名
[ʔik⸢kena],イッケナ,副
[⸢ʔikkeŋ],イッケン,名
[ʔik⸢keŋ],イッケン,副
[ʔik⸢keŋ],イッケン,副
[ʔis⸢sai],イッサイ,副
[ʔis⸢saikassai],イッサイカッサイ,名・副
[⸢ʔis⸣saku],イッサク,名
[⸢ʔis⸣saku],イッサク,名
[⸢ʔiʃ⸣ʃiŋ],イッシン,名・副
[⸣ʔiʃʃiŋguriŋ],イッシングリン,名
[⸣ʔiʃʃimmiː],イッシンミー,名
[⸢ʔis⸣su],イッス,名
[⸢ʔis⸣suː],イッスー,名
[⸢ʔissu⸣gai],イッスガイ,名
[⸢ʔissu⸣kubiŋ],イッスクビン,名
[⸢ʔissu⸣saː],イッスサー,名
[⸢ʔissu⸣tḁki],イッスタキ,名
[⸢ʔis⸣suŋ],イッスン,名
[⸢ʔissoː⸣pari],イッソーパリ,名
[⸢ʔissoː⸣ra],イッソーラ,副
[⸢ʔit⸣taŋ],イッタン,名
[⸢ʔit⸣taŋ],イッタン,名
[⸢ʔit⸣taŋ],イッタン,副
[⸢ʔitʧiː],イッチー,名
[⸢ʔit⸣ʧoː],イッチョー,名
[⸢ʔitʧoː⸣ra],イッチョーラ,名
[ʔit⸢ʧiŋ],イッチン,副
[ʔit⸢ʧiŋ],イッチン,副
[⸢ʔittoːf⸣faː],イットーッふァー,名
[⸢ʔit⸣tu],イットゥ,名
[⸢ʔittuː],イットゥー,名
[⸢ʔittu⸣kami],イットゥカミ,名
[⸢ʔit⸣tuki],イットゥキ,名
[⸢ʔittuki⸣nu ⸢paŋʃi],イットゥキヌパンシ,連
[ʔi⸢ʦu⸣nu ⸣ʔui],イツヌウイ,連
[ʔi⸢ʦu⸣nu ⸣kiʃi],イツヌキシ,連
[⸢ʔip⸣paː],イッパー,名
[⸢ʔip⸣pai],イッパイ,副
[⸣ʔiʦubata],イツバタ,名
[⸣ʔiʦubata],イツバタ,名
[⸣ʔiʦupipiru],イツピピル,名
[⸢ʔip⸣pjuː],イッピュー,名
[⸢ʔippinrjoː⸣ri],イッピンリョーリ,名
[⸣ʔiʦuɸu̥kudaː],イツフクダー,名
[⸣ʔiʦuɸu̥kubi],イツフクビ,名
[⸢ʔippuŋ⸣giː],イップンギー,名
[⸢ʔippum⸣maʧi],イップンマチ,名
[⸢ʔip⸣poː],イッポー,名
[⸢ʔippoː⸣giː],イッポーギー,名
[⸣ʔitu],イトゥ,名
[ʔi⸢tu⸣kaki],イトゥカキ,名
[ʔi⸢tu⸣ʃiʤi],イトゥシジ,名
[ʔi⸢tu⸣nu ʃi⸢bi⸣ tu⸢ʣumiruŋ],イトゥヌシビトゥズミルン,成
[ʔi⸢tu⸣basaː],イトゥバサー,名
[ʔi⸢tu⸣ma],イトゥマ,名
[ʔi⸢tu⸣ma],イトゥマ,名
[ʔi⸢tu⸣ma],イトゥマ,名
[ʔi⸢tumagui],イトゥマグイ,名
[ʔi⸢tu⸣ma ʃi⸢miruŋ],イトゥマシミルン,連
[ʔi⸢naka],イナカ,名
[ʔi⸢nakaː],イナカー,名
[ʔi⸢nakapu̥su],イナカプス,名
[ʔi⸢nakamuni],イナカムニ,名
[ʔi⸢nakamunu],イナカムヌ,名
[ʔi⸢na⸣ʃi̥ki],イナシキ,名
[ʔi⸢naʃi̥ki⸣duru],イナシキドゥル,名
[ʔi⸢na⸣pi],イナピ,名
[ʔi⸢na⸣pini],イナピニ,名
[ʔi⸢namunu],イナムヌ,名
[ʔi⸢namunukana⸣munu],イナムヌカナムヌ,名
[ʔi⸢namunu⸣ ki⸢mui⸣ʦaː],イナムヌキムイツァー,連
[ʔi⸢najoː],イナヨー,名
[⸣ʔinajoː],イナヨー,名
[ʔini],イニ,名
[ʔi⸢ni⸣kari],イニカリ,名
[ʔi⸢ni⸣ssai],イニッサイ,名
[ʔi⸢ni⸣pi̥ki],イニピキ,名
[ʔi⸢nimaʤi⸣mi],イニマジミ,名
[⸢ʔinimbiː],イニンビー,名
[ʔi⸢nu⸣ʧi],イヌチ,名
[⸣ʔinoː],イノー,名
[⸣ʔinoːkaʤi],イノーカジ,名
[ʔi⸢noŋ],イノン,名
[ʔi⸢nonʤiː],イノンジー,名
[ʔi⸢noŋhakubi],イノンハクビ,名
[ʔi⸢bai],イバイ,名
[ʔi⸢baimutu],イバイムトゥ,名
[ʔi⸢ba⸣ʧi],イバチ,名
[ʔi⸢baraː],イバラー,名
[ʔi⸢baruŋ],イバルン,自動
[ʔi⸢bi],イビ,名
[ʔi⸢biː],イビー,感
[ʔi⸢çiːʔahaː],イヒーアハー,感
[ʔi⸢çiʔahaː],イヒアハー,感
[ʔi⸢bi⸣ʦu],イビツ,名
[ʔi⸢çiçi],イヒヒ,名
[ʔi⸢bi⸣buri],イビブリ,名
[ʔi⸢bi⸣ra],イビラ,名
[ʔi⸢pi⸣ru],イピル,名
[ʔi⸢biruŋ],イビルン,他動
[ʔi⸢biruŋ],イビルン,他動
[ʔi⸢buku⸣ru],イブクル,名
[ʔi⸢ɸuna],イフナ,連体
[ʔiɸu⸢naːʔiɸunaː],イフナーイフナー,連体
[ʔi⸢ɸunaː⸣ŋ],イフナーン,形
[ʔi⸢ɸuna pu̥su],イフナプス,連
[ʔi⸢ɸuna muni],イフナムニ,連
[ʔi⸢buŋ],イブン,他動
[ʔi⸢buŋ],イブン,他動
[ʔi⸢ma⸣ʃimi],イマシミ,名
[ʔi⸢maʃimi⸣ʔuta],イマシミウタ,名
[ʔi⸢maʃimi⸣ruŋ],イマシミルン,他動
[ʔi⸢ma⸣ʃimuŋ],イマシムン,他動
[ʔi⸢ma⸣munu],イマムヌ,名
[ʔi⸢ma⸣juː],イマユー,名
[⸣ʔimi],イミ,名
[⸣ʔimi],イミ,名
[⸣ʔimi],イミ,名
[ʔi⸢mi],イミ,名
[ʔi⸢miaki],イミアキ,名
[ʔi⸢miʔamu⸣saŋ],イミアムサン,形
[ʔi⸢mi⸣ʔuʧi],イミウチ,名
[ʔi⸢migai⸣ʃi],イミガイシ,名
[ʔi⸢mikasama⸣saŋ],イミカサマサン,形
[ʔi⸢migamaːra⸣saŋ],イミガマーラサン,形
[ʔi⸢migamara⸣saːŋ],イミガマラサーン,形
[ʔi⸢migamara⸣saŋ],イミガマラサン,形
[ʔi⸢mi⸣kuʤi],イミクジ,名
[ʔi⸢mi⸣sara],イミサラ,副
[ʔi⸢mi⸣saŋ],イミサン,形
[ʔi⸢miʃi̥ta⸣fu],イミシタフ,名
[ʔi⸢miʃira⸣ʃi],イミシラシ,名
[⸣ʔimi ⸢suŋ],イミスン,連
[ʔi⸢mi⸣diru],イミディル,名
[ʔi⸢mina⸣kara],イミナカラ,名
[ʔi⸢mi⸣nu pu⸢rimunu],イミヌプリムヌ,連
[ʔi⸢mira⸣riŋ],イミラリン,自動
[ʔi⸢mi⸣runŋ],イミルン,他動
[ʔi⸢miŋ⸣ kuʤin s⸢sanu],イミンクジンッサヌ,成
[⸣ʔiminʦaŋ],イミンツァン,副
[⸣ʔimim mu⸢taba⸣riŋ],イミンムタバリン,連
[ʔi⸢meːnukaː⸣ʤi],イメーヌカージ,感
[ʔi⸢meːma],イメーマ,副
[⸣ʔimeːŋkaːŋ],イメーンカーン,副
[ʔi⸢moʧi⸣bjoː],イモチビョー,名
[ʔi⸢ja],イヤ,名
[ʔi⸢jaː],イヤー,名
[ʔi⸢juʔiju],イユイユ,副
[⸣ʔijoː],イヨー,名
[ʔi⸢ra],イラ,名
[⸣ʔira],イラ,助数
[⸢ʔira],イラ,感
[⸣ʔirai],イライ,名
[⸣ʔiraipintoː],イライピントー,名
[ʔi⸢rai⸣ruŋ],イライルン,自動
[ʔi⸢ra⸣ka],イラカ,名
[ʔi⸢rakaʣakeː],イラカザケー,名
[ʔi⸢ra⸣kamai],イラカマイ,名
[ʔi⸢ra⸣ki],イラキ,名
[ʔi⸢ra⸣ki],イラキ,名
[ʔi⸢raki⸣gumu],イラキグム,名
[ʔi⸢raki⸣nabi],イラキナビ,名
[ʔi⸢raki⸣munu],イラキムヌ,名
[ʔi⸢ra⸣kuŋ],イラクン,他動
[ʔi⸢raʣaraŋ⸣ku̥tu],イラザランクトゥ,連
[ʔi⸢rasuŋ],イラスン,連
[ʔi⸢raba⸣suŋ],イラバスン,連
[ʔi⸢raba⸣riŋ],イラバリン,自動
[ʔi⸢rabik⸣kuru],イラビックル,名
[ʔi⸢rabi⸣ nu⸢ka⸣suŋ],イラビヌカスン,連
[ʔi⸢rabinuka⸣ru],イラビヌカル,名
[ʔi⸢rabi noː⸣suŋ],イラビノースン,連
[ʔi⸢ra⸣bu],イラブ,名
[ʔi⸢rabu⸣ʧi],イラブチ,名
[ʔi⸢ra⸣bureː],イラブレー,名
[ʔi⸢ra⸣bureː],イラブレー,名
[ʔi⸢ra⸣bureːnu man⸢naː⸣maʣaːteː],イラブレーヌマンナーマザーテー,連
[ʔi⸢ra⸣buŋ],イラブン,他動
[ʔi⸢ramuti],イラムティ,名
[ʔi⸢raŋ],イラン,連体
[ʔi⸢raŋ⸣kutu],イランクトゥ,連
[ʔi⸢ram⸣ muni],イランムニ,連
[ʔi⸢riutu⸣suŋ],イリウトゥスン,他動
[ʔi⸢rikaːri⸣ tḁ⸢ʧikaː⸣ri],イリカーリタチカーリ,連
[ʔi⸢rikaːruŋ],イリカールン,自動
[ʔi⸢rikairuŋ],イリカイルン,他動
[ʔi⸢rikauŋ],イリカウン,他動
[ʔi⸢ri⸣gaŋ],イリガン,名
[ʔi⸢ri⸣gu],イリグ,名
[ʔi⸢rikunu⸣tiː],イリクヌティー,名
[ʔi⸢rikumaffa],イリクマッふァ,名
[ʔi⸢rikun suŋ],イリクンスン,連
[ʔi⸢riʤibuŋ],イリジブン,名
[ʔi⸢ridaka],イリダカ,名
[ʔi⸢riʧigai],イリチガイ,名
[ʔi⸢rikkaːru⸣ ʔn⸢ʤikkaː⸣ru],イリッカールンジッカール,連
[ʔi⸢rikkumuŋ],イリックムン,自動
[ʔi⸢rinakuŋ],イリナクン,他動
[ʔi⸢ribaː],イリバー,名
[ʔi⸢ri⸣paː],イリパー,名
[ʔi⸢ripaː],イリパー,名
[ʔi⸢riɸu̥kiruŋ],イリフキルン,自動
[ʔi⸢riɸu̥kuŋ],イリフクン,自動
[ʔi⸢riɸuni],イリフニ,名
[ʔi⸢ri⸣ɸuni],イリフニ,名
[ʔi⸢riɸuni⸣joi],イリフニヨイ,名
[ʔi⸢ri⸣miː],イリミー,名
[ʔi⸢rimuku],イリムク,名
[ʔi⸢rimusa],イリムサ,名
[ʔi⸢rimunu],イリムヌ,名
[ʔi⸢rijuː],イリユー,名
[ʔi⸢riruŋ],イリルン,他動
[ʔi⸢riŋga⸣sa],イリンガサ,名
[⸣ʔiru],イル,名
[⸣iru],イル,助数
[ʔi⸢ru⸣iru],イルイル,名
[ʔi⸢ru⸣ʔuti],イルウティ,名
[ʔi⸢ru⸣kaʤi],イルカジ,名
[⸣ʔirukiŋ],イルキン,名
[⸣ʔirukuruː],イルクルー,名
[ʔi⸢ruʃi̥kisok⸣koː],イルシキソッコー,名
[ʔi⸢ruʃiki⸣muʧi],イルシキムチ,名
[⸣ʔiru ʃi̥⸢ki⸣ruŋ],イルシキルン,連
[ʔi⸢ru⸣ʤina],イルジナ,連体
[ʔi⸢ruʤinakaː⸣ʤina],イルジナカージナ,副
[ʔi⸢ru⸣ʤina ⸣muni],イルジナムニ,連
[⸣ʔiruʤiruː],イルジルー,名
[⸣ʔiru su⸢muŋ],イルスムン,連
[ʔi⸢ru⸣dai],イルダイ,名
[ʔi⸢rus⸣sai],イルッサイ,名
[⸣ʔiru s⸢sai⸣ruŋ],イルッサイルン,連
[⸣ʔiru ⸣ssauŋ],イルッサウン,連
[⸣ʔiru s⸢soː⸣ŋ],イルッソーン,連
[⸣ʔiru tu⸢buŋ],イルトゥブン,連
[ʔi⸢ru⸣duri],イルドゥリ,名
[ʔi⸢rudurikaː⸣duri],イルドゥリカードゥリ,副
[ʔi⸢ru⸣nu kḁ⸢taː⸣ŋ],イルヌカターン,連
[ʔi⸢ru⸣nugi],イルヌギ,名
[⸣ʔiru nu⸢gi⸣ruŋ],イルヌギルン,連
[ʔi⸢runu⸣munu],イルヌムヌ,名
[⸣ʔiru ɸu̥⸢kai⸣ruŋ],イルフカイルン,連
[⸣ʔiru ɸu̥⸢kiruŋ],イルフキルン,連
[⸣ʔiru ⸣ɸu̥kuŋ],イルフクン,連
[ʔi⸢ru⸣buri],イルブリ,名
[ʔi⸢ruburi⸣munu],イルブリムヌ,名
[ʔi⸢rumu⸣ʧi],イルムチ,名
[ʔi⸢ru⸣jaŋ],イルヤン,名
[ʔi⸢ru⸣juku],イルユク,名
[ʔi⸢ruŋ],イルン,他動
[ʔi⸢ruŋ],イルン,他動
[ʔi⸢ruŋ],イルン,自動
[ʔi⸢ruŋ],イルン,自動
[ʔi⸢ruŋgaː⸣ri],イルンガーリ,名
[ʔi⸢ruŋkasuŋ],イルンカスン,他動
[ʔi⸢run⸣na],イルンナ,連体
[⸣ʔiroː ⸢ʔauɸu̥kiruŋ],イローアウフキルン,連
[⸣ʔiroː mi⸢ʤi⸣ naruŋ],イローミジナルン,成
[ʔi⸢roːra],イローラ,名
[ʔi⸢wari],イワリ,名
[ʔiŋ],イン,名
[⸣ʔiŋ],イン,名
[⸣ʔiŋ],イン,名
[⸢ʔiŋ],イン,名
[⸣ʔiŋ],イン,名
[⸣ʔiŋ],イン,名
[⸣jiŋ],イン,名
[⸣ʔiŋʔaːsa],インアーサ,名
[⸣ʔiŋʔiʃi],インイシ,名
[⸢ʔiŋkaʤi],インカジ,名
[⸢ʔiŋ⸣ ki̥suŋ],インキスン,連
[⸢ʔiŋkiri⸣muni],インキリムニ,名
[⸢ʔiŋkiri⸣munu],インキリムヌ,名
[⸢ʔiŋkiri⸣ruŋ],インキリルン,自動
[⸢ʔiŋkunigai],インクニガイ,名
[⸢ʔiŋ⸣gumi],イングミ,名
[⸣ʔiŋkurasaː],インクラサー,名
[⸢ʔin⸣ʣa],インザ,名
[⸢ʔinta],インタ,名
[⸣ʔinda],インダ,名
[⸢ʔintakaː],インタカー,名
[⸢ʔintanu tuː],インタヌトゥー,連
[⸢ʔintanu⸣ piː],インタヌピー,連
[⸢ʔintanu⸣ pi⸢ʣa⸣ɸu̥ʧi],インタヌピザフチ,連
[⸢ʔintapanaʃi̥keː],インタパナシケー,名
[⸢ʔintapu̥sak⸣kjaː],インタプサッキャー,名
[⸢ʔintapu̥su],インタプス,名
[⸢ʔinta⸣jadu],インタヤドゥ,名
[⸢ʔintaʔŋkai],インタンカイ,名
[⸢ʔintammaranu⸣ pu̥⸢su],インタンマーラヌプス,連
[⸢ʔin⸣ʦommaː],インツォンマー,名
[⸢ʔin⸣dipu̥su],インディプス,名
[⸢ʔin⸣dimari],インディマリ,名
[⸢ʔindoːmami],インドーマミ,名
[⸢ʔinduː⸣waŋ],インドゥーワン,形
[⸢ʔinduː⸣waŋ],インドゥーワン,形
[⸢ʔintuku],イントゥク,名
[⸣ʔinduʃi],インドゥシ,名
[⸢ʔintu⸣mapama],イントゥマパマ,名
[⸢ʔin⸣tu ⸣maja],イントゥマヤ,連
[⸢ʔin⸣tu ⸣maja],イントゥマヤ,連
[⸢ʔin⸣dumi],インドゥミ,名
[ʔin⸢naː⸣ma],インナーマ,名
[⸣ʔinnaba],インナバ,名
[⸢ʔin⸣niː],インニー,名
[⸢ʔinniku],インニク,名
[⸢ʔinnukaː],インヌカー,名
[⸢ʔin⸣nu kḁ⸢ta],インヌカタ,連
[⸢ʔin⸣nu ⸢kiː],インヌキー,連
[⸢ʔin⸣nu su̥⸢kunaːru],インヌスクナール,連
[⸢ʔin⸣nu ⸣ssu],インヌッス,連
[⸢ʔin⸣nu s⸢su⸣nu tḁ⸢kaʔaŋ⸣gari],インヌッスヌタカアンガリ,連
[⸢ʔin⸣nu f⸢fa],インヌッふァ,連
[⸢ʔin⸣nu ⸣paː],インヌパー,連
[⸢ʔin⸣nu bata],インヌバタ,連
[⸢ʔinnumura],インヌムラ,名
[⸢ʔin⸣nujaː],インヌヤー,名
[⸢ʔin⸣nujaːnu ⸣niː],インヌヤーヌニー,連
[⸢ʔin⸣nu ⸢jaː⸣ma],インヌヤーマ,連
[⸢ʔimpateː⸣ŋ],インパテーン,形
[⸢ʔimpa⸣teːŋ],インパテーン,形
[⸢ʔimpati⸣muni],インパティムニ,名
[⸣ʔimpabu],インパブ,名
[⸢ʔim⸣biː],インビー,名
[⸢ʔim⸣biki],インビキ,名
[⸣ʔimpi̥ʦu],インピツ,名
[⸣ʔimpuʣoː],インプゾー,名
[⸢ʔimpuri⸣kiː],インプリキー,名
[⸢ʔimpuri⸣pusu],インプリプス,名
[⸣ʔimmaja],インマヤ,名
[⸢ʔiɲ⸣jaː],インヤー,名
[ʔu],ウ,語素
[ʔu],ウ,接頭
[⸣ʔuː],ウー,名
[⸣ʔuː],ウー,名
[⸢ʔu⸣ː],ウー,感
[⸢ʔuː],ウー,接頭
[⸢ʔuːʔami],ウーアミ,名
[⸢ʔuː⸣kaː],ウーカー,名
[⸢ʔuːgaː⸣ra],ウーガーラ,名
[⸢ʔuːkaʤi],ウーカジ,名
[⸢ʔuːka⸣suŋ],ウーカスン,他動
[⸢ʔuːkata],ウーカタ,名
[⸢ʔuːkata],ウーカタ,副
[⸢ʔuː⸣ki],ウーキ,名
[⸢ʔuː⸣kikaːki],ウーキカーキ,名
[⸢ʔuːkiguri⸣saŋ],ウーキグリサン,形
[⸢ʔuːgu⸣ʧi],ウーグチ,名
[⸢ʔuːgutu],ウーグトゥ,名
[⸢ʔuː⸣kuŋ],ウークン,自動
[⸢ʔuː⸣kuŋ],ウークン,自動
[ʔuː⸢keː⸣ma],ウーケーマ,名
[⸢ʔuː⸣sa],ウーサ,名
[⸢ʔuː⸣ʣara],ウーザラ,名
[⸢ʔuː⸣sari],ウーサリ,感
[⸢ʔuːsariʔaː⸣sari],ウーサリアーサリ,名
[⸢ʔuːsarihaː⸣sari],ウーサリハーサリ,副
[⸢ʔuːʤika⸣ki],ウージカキ,名
[⸢ʔuːʃigu⸣tu],ウーシグトゥ,名
[⸢ʔuːʃik⸣kunaː],ウーシックナー,名
[⸢ʔuː⸣ʃima],ウーシマ,名
[⸢ʔuː⸣ʤiru],ウージル,名
[⸢ʔuːʃi⸣ruŋ],ウーシルン,他動
[⸢ʔuːʃiŋka],ウーシンカ,名
[⸢ʔuː⸣suː],ウースー,名
[⸢ʔuː⸣suŋ],ウースン,他動
[⸢ʔuːʣuŋ],ウーズン,名
[⸢ʔuː⸣soː],ウーソー,名
[⸢ʔuːsoːdoː],ウーソードー,名
[⸢ʔuːdai⸣ku],ウーダイク,名
[⸢ʔuːda⸣ʧi],ウーダチ,名
[⸢ʔuːtigara],ウーティガラ,名
[⸢ʔuː⸣toːtu],ウートートゥ,感
[⸢ʔuː⸣duː],ウードゥー,名
[⸢ʔuː⸣duku],ウードゥク,名
[⸢ʔuː⸣turi],ウートゥリ,名
[⸢ʔuːturu⸣bai],ウートゥルバイ,名
[⸢ʔuːnami],ウーナミ,名
[⸢ʔuːninʣu],ウーニンズ,名
[⸢ʔuː⸣bani],ウーバニ,名
[⸢ʔuː⸣bani],ウーバニ,名
[⸢ʔuːban⸣ʤiŋ],ウーバンジン,名
[⸢ʔuː⸣pikai],ウーピカイ,名
[⸢ʔuːpikai⸣nu ⸢kau],ウーピカイヌカウ,連
[⸢ʔuː⸣buʃi],ウーブシ,名
[⸢ʔuːma⸣ku],ウーマク,名
[⸢ʔuːma⸣suŋ],ウーマスン,他動
[⸢ʔuːma⸣suŋ],ウーマスン,他動
[⸢ʔuːmata],ウーマタ,名
[⸢ʔuːmiʤi],ウーミジ,名
[⸢ʔuː⸣mitaruŋ],ウーミタルン,自動
[⸢ʔuːmukaʃi],ウームカシ,名
[⸢ʔuː⸣munu],ウームヌ,名
[⸢ʔuː⸣muŋ],ウームン,自動
[⸢ʔuː⸣muŋ],ウームン,自動
[⸢ʔuː⸣muŋ],ウームン,他動
[⸢ʔuː⸣muŋ],ウームン,他動
[⸢ʔuːmoːki],ウーモーキ,名
[⸢ʔuː⸣ru],ウール,名
[⸢ʔuːru],ウール,名
[⸢ʔuːruʔiʃi],ウールイシ,名
[⸢ʔuːrupai],ウールパイ,名
[⸢ʔuːrupaijakigama],ウールパイヤキガマ,名
[⸢ʔuːrumuʧi],ウールムチ,名
[⸢ʔuːŋ],ウーン,他動
[⸢ʔuːŋ],ウーン,他動
[⸣ʔuːŋ],ウーン,自動
[⸣ʔuːŋ],ウーン,自動
[⸢ʔuːŋ],ウーン,他動
[⸣ʔuːŋ],ウーン,自動
[⸣ʔuːŋ],ウーン,自動
[⸣ʔuːŋ],ウーン,自動
[⸣ʔuːŋ],ウーン,自動
[⸣ʔui],ウイ,名
[⸢ʔui],ウイ,名
[⸢ʔui],ウイ,名
[⸢ʔui],ウイ,名
[⸢ʔui],ウイ,名
[⸢ʔui⸣ka],ウイカ,名
[⸢ʔuigaː⸣sa],ウイガーサ,名
[⸢ʔuigaː⸣sa],ウイガーサ,名
[⸢ʔuikaisuŋ],ウイカイスン,他動
[⸢ʔuikakuʧi],ウイカクチ,名
[⸢ʔuikaʤi],ウイカジ,名
[⸢ʔuikata],ウイカタ,名
[⸢ʔui⸣kadaː],ウイカダー,名
[⸢ʔuikanakeː],ウイカナケー,名
[⸢ʔuikanakeːnu ʔeikiʦaʣaːteː],ウイカナケーヌエイキツァザーテー,連
[⸢ʔui⸣kapusu],ウイカプス,名
[⸢ʔuigara⸣saː],ウイガラサー,名
[⸢ʔui⸣kiː],ウイキー,名
[⸢ʔuiku̥suŋ],ウイクスン,他動
[⸢ʔuikumuŋ],ウイクムン,他動
[⸢ʔuikoːsuŋ],ウイコースン,他動
[⸢ʔuisaː⸣ruŋ],ウイサールン,自動
[⸢ʔuiʣateː],ウイザテー,名
[⸢ʔui⸣ʣaŋ],ウイザン,名
[⸢ʔui⸣ʃi],ウイシ,名
[⸢ʔui⸣ʃi̥ki],ウイシキ,名
[⸢ʔuiʃikiruŋ],ウイシキルン,自動
[⸢ʔuiʃigi⸣ruŋ],ウイシギルン,自動
[⸣ʔui ʃi⸢gi⸣ruŋ],ウイシギルン,連
[⸢ʔuiʃi̥tiruŋ],ウイシティルン,他動
[⸢ʔuiʃi̥tuŋ],ウイシトゥン,他動
[⸢ʔuiʃimikaː⸣ʃimi],ウイシミカーシミ,副
[⸢ʔuisuː⸣bu],ウイスーブ,名
[⸢ʔuisuː⸣ruŋ],ウイスールン,自動
[⸢ʔuisugaruŋ],ウイスガルン,連
[⸢ʔuisu̥kuŋ],ウイスクン,自動
[⸢ʔuiʣoː⸣ʤi],ウイゾージ,名
[⸢ʔuidai],ウイダイ,名
[⸢ʔuitatiruŋ],ウイタティルン,他動
[⸢ʔui⸣tabi],ウイタビ,名
[⸢ʔui⸣daru],ウイダル,名
[⸢ʔui⸣daru],ウイダル,名
[⸢ʔui⸣darupu̥su],ウイダルプス,名
[⸢ʔui⸣darumaiɸunaː],ウイダルマイフナー,名
[⸢ʔuikkunaː],ウイックナー,名
[⸢ʔuissaːra],ウイッサーラ,名
[⸢ʔuissaː⸣ruŋ],ウイッサールン,自動
[⸢ʔuitʦaːsuŋ],ウイッツァースン,他動
[⸢ʔuittoːsuŋ],ウイットースン,他動
[⸢ʔuinauina],ウイナウイナ,副
[⸢ʔuinakuŋ],ウイナクン,他動
[⸢ʔuinakuŋ],ウイナクン,他動
[⸢ʔuinakeː],ウイナケー,固
[⸢ʔui⸣naru],ウイナル,名
[⸢ʔui⸣naru],ウイナル,名
[⸢ʔuinu⸣ʔugaŋ],ウイヌウガン,名
[⸢ʔuinukaː],ウイヌカー,名
[⸢ʔuinukariŋ],ウイヌカリン,自動
[⸢ʔuinukuŋ],ウイヌクン,他動
[⸢ʔuinu pu̥su],ウイヌプス,連
[⸢ʔuinu⸣ pu̥⸢su],ウイヌプス,連
[⸢ʔuinu ɸuŋ],ウイヌフン,連
[⸢ʔuinu⸣ miʧi],ウイヌミチ,連
[⸢ʔuinumura],ウイヌムラ,名
[⸢ʔuipaː],ウイパー,名
[⸢ʔui⸣pana],ウイパナ,名
[⸢ʔuipara⸣suŋ],ウイパラスン,他動
[⸢ʔuibarariŋ],ウイバラリン,自動
[⸢ʔuibariŋ],ウイバリン,自動
[⸢ʔuibaru],ウイバル,名
[⸢ʔui⸣paruŋ],ウイパルン,他動
[⸢ʔui⸣bi],ウイビ,名
[⸢ʔuibi⸣nu ⸣mata],ウイビヌマタ,連
[⸢ʔui⸣pu̥su],ウイプス,名
[⸢ʔuipususu̥ku⸣rai],ウイプススクライ,名
[⸢ʔui⸣pu̥soː ki⸢nainu⸣ tḁ⸢ka⸣ra],ウイプソーキナイヌタカラ,連
[⸢ʔuibuŋ],ウイブン,自動
[ʔui⸢beː⸣ma],ウイベーマ,名
[⸢ʔuimaːʃi⸣ ka⸢ruimaː⸣ʃi],ウイマーシカルイマーシ,連
[⸢ʔuimaːsuŋ],ウイマースン,他動
[⸢ʔuimaːsuŋ],ウイマースン,他動
[⸢ʔuimasari],ウイマサリ,名
[⸢ʔui⸣mari],ウイマリ,名
[⸢ʔuijaku],ウイヤク,名
[⸢ʔui⸣ruŋ],ウイルン,自動
[⸢ʔui⸣ruŋ],ウイルン,自動
[⸢ʔuinʣasuŋ],ウインザスン,他動
[⸣ʔuka],ウカ,名
[ʔu⸢kaːʔukaː⸣ʃi],ウカーウカーシ,副
[ʔu⸢kaːʔukaː⸣ʃi],ウカーウカーシ,副
[ʔu⸢kaː⸣saŋ],ウカーサン,形
[ʔu⸢kaː⸣saŋ],ウカーサン,形
[ʔu⸢kakabi⸣munu],ウカカビムヌ,名
[⸣ʔuka ⸣kabuŋ],ウカカブン,連
[ʔu⸢ka⸣gi],ウカギ,名
[ʔu⸢kasariŋ],ウカサリン,自動
[ʔu⸢kasariŋ],ウカサリン,自動
[ʔu⸢kaʃiː],ウカシー,連体
[ʔu⸢kakki⸣ruŋ],ウカッキルン,他動
[ʔu⸢kak⸣kuŋ],ウカックン,他動
[ʔu⸢kattoː⸣ŋ],ウカットーン,形
[ʔu⸢kattu],ウカットゥ,副
[ʔu⸢kattu],ウカットゥ,副
[ʔu⸢ka⸣nu ⸣miː],ウカヌミー,連
[⸣ʔukabarai],ウカバライ,名
[ʔu⸢gamari⸣ruŋ],ウガマリルン,自動
[ʔu⸢gamari⸣ruŋ],ウガマリルン,自動
[ʔu⸢ga⸣muŋ],ウガムン,他動
[ʔu⸢ka⸣jaŋ],ウカヤン,形
[ʔu⸢ka⸣ruŋ],ウカルン,自動
[⸣ʔugaŋ],ウガン,名
[ʔu⸢gaŋ⸣gutu],ウガングトゥ,名
[ʔu⸢gan⸣ʣaki],ウガンザキ,名
[ʔu⸢gan⸣ʣu],ウガンズ,名
[ʔu⸢ganʦuma⸣suŋ],ウガンツマスン,他動
[ʔu⸢ganʦumi⸣ruŋ],ウガンツミルン,自動
[ʔu⸢gan⸣ʦumuŋ],ウガンツムン,自動
[ʔu⸢gambusu̥⸣ku],ウガンブスク,名
[⸣ʔugaŋjama],ウガンヤマ,名
[ʔu⸢ki],ウキ,名
[ʔu⸢ki],ウキ,名
[ʔu⸢ki⸣ʔuːŋ],ウキウーン,他動
[ʔu⸢kiʣaː⸣ra],ウキザーラ,名
[ʔu⸢kiʃigu⸣tu],ウキシグトゥ,名
[ʔu⸢kiʣuː],ウキズー,名
[ʔu⸢kissa],ウキッサ,名
[ʔu⸢kitumi⸣ruŋ],ウキトゥミルン,他動
[ʔu⸢ki⸣turuŋ],ウキトゥルン,他動
[ʔu⸢ki⸣naː],ウキナー,名
[ʔu⸢kinaː⸣kau],ウキナーカウ,名
[ʔu⸢kinaːkjoŋ⸣giŋ],ウキナーキョンギン,名
[ʔu⸢kinaːʃi̥ta⸣ɸu],ウキナーシタフ,名
[ʔu⸢kinaː⸣tabi],ウキナータビ,名
[ʔu⸢kinaː⸣pu̥su],ウキナープス,名
[ʔu⸢kinaː⸣muni],ウキナームニ,名
[ʔu⸢kinaː⸣munu],ウキナームヌ,名
[ʔu⸢kinaː⸣juː],ウキナーユー,名
[ʔu⸢ginai],ウギナイ,名
[ʔu⸢ginauŋ],ウギナウン,他動
[ʔu⸢ki⸣nibi],ウキニビ,名
[⸣ʔukinibi],ウキニビ,名
[ʔu⸢ki⸣nibi],ウキニビ,名
[ʔu⸢ki⸣pana],ウキパナ,名
[ʔu⸢ki⸣pana],ウキパナ,名
[ʔu⸢kipan⸣suŋ],ウキパンスン,他動
[⸣ʔukipintoː],ウキピントー,名
[⸣ʔukimuki],ウキムキ,名
[ʔu⸢ki⸣muʧi],ウキムチ,名
[ʔu⸢ki⸣mutuŋ],ウキムトゥン,他動
[ʔu⸢ki⸣munu],ウキムヌ,名
[ʔu⸢kja⸣ku],ウキャク,名
[⸣ʔukjoː],ウキョー,名
[ʔu⸢kiru],ウキル,名
[ʔu⸢ki⸣ruŋ],ウキルン,他動
[ʔu⸢ki⸣ruŋ],ウキルン,自動
[ʔu⸢kiruŋ],ウキルン,他動
[ʔu⸢ki⸣ruŋ],ウキルン,他動
[⸣ʔukiŋ],ウキン,名
[ʔu⸢kinʤi⸣ruŋ],ウキンジルン,自動
[ʔu⸢kinʣuŋ],ウキンズン,自動
[⸣ʔukimbirin na⸢ra⸣nu],ウキンビリンナラヌ,連
[⸣ʔukimbirin na⸢ra⸣nu],ウキンビリンナラヌ,連
[ʔu⸢ku],ウク,名
[ʔu⸢kuː],ウクー,名
[⸣ʔukusaŋ],ウクサン,名
[ʔu⸢ku⸣ʣi],ウクジ,名
[ʔu⸢kutariruŋ],ウクタリルン,自動
[ʔu⸢kutatuŋ],ウクタルン,自動
[ʔu⸢kunai],ウクナイ,名
[ʔu⸢kunu⸣tiː],ウクヌティー,連
[ʔu⸢kubaː],ウクバー,名
[ʔu⸢ku⸣bjoː],ウクビョー,名
[ʔu⸢kubjoː⸣munu],ウクビョームヌ,名
[ʔu⸢kuɸu̥kaː⸣ŋ],ウクフカーン,形
[ʔu⸢kuɸu̥kaː⸣ŋ],ウクフカーン,形
[ʔu⸢kujama],ウクヤマ,名
[ʔu⸢kurasuŋ],ウクラスン,他動
[ʔu⸢kuri],ウクリ,名
[ʔu⸢kuri],ウクリ,名
[ʔu⸢kurikoːʃi],ウクリコーシ,名
[ʔu⸢kuriʃiːmunu],ウクリシームヌ,名
[ʔu⸢kuriʤiŋ],ウクリジン,名
[ʔu⸢kurisokkoː],ウクリソッコー,名
[ʔu⸢kuripiŋ],ウクリピン,名
[ʔu⸢kuripusu],ウクリプス,名
[ʔu⸢kurimai],ウクリマイ,名
[ʔu⸢kurimujeː],ウクリムエー,名
[ʔu⸢kurimunu],ウクリムヌ,名
[ʔu⸢kuriruŋ],ウクリルン,自動
[ʔu⸢kuriŋkai],ウクリンカイ,名
[ʔu⸢kuruŋ],ウクルン,自動
[ʔu⸢ku⸣ruŋ],ウクルン,自動
[ʔu⸢ku⸣ruŋ],ウクルン,自動
[ʔu⸢kuruŋ],ウクルン,他動
[ʔu⸢kuruŋ],ウクルン,他動
[ʔu⸢guruŋ],ウグルン,他動
[ʔu⸢guruŋ],ウグルン,他動
[⸣ʔukuŋ],ウクン,自動
[⸣ʔukuŋ],ウクン,他動
[ʔu⸢kuŋ],ウクン,他動
[ʔu⸢kuŋ],ウクン,自動
[ʔu⸢kuŋ],ウクン,自動
[⸣ʔukeːpikeːʃi],ウケーピケーシ,副
[ʔu⸢keːrasuŋ],ウケーラスン,他動
[ʔu⸢keːruŋ],ウケールン,自動
[ʔu⸢koː⸣suŋ],ウコースン,他動
[ʔu⸢koː⸣suŋ],ウコースン,他動
[ʔu⸢koːttaŋ],ウコーッタン,連
[ʔu⸢koːri⸣ruŋ],ウコーリルン,自動
[ʔu⸢koː⸣ruŋ],ウコールン,自動
[ʔu⸢saːʃi⸣kḁ⸢saː⸣ʃi],ウサーシカサーシ,名
[ʔu⸢saːsuŋ],ウサースン,他動
[ʔu⸢saːsuŋ],ウサースン,他動
[ʔu⸢saːri],ウサーリ,副
[ʔu⸢saːri⸣kasaːri],ウサーリカサーリ,副
[ʔu⸢saːri⸣ paruŋ],ウサーリパルン,連
[ʔu⸢saːriŋ],ウサーリン,自動
[ʔu⸢saːriŋ],ウサーリン,自動
[ʔu⸢saːriŋ],ウサーリン,自動
[⸣ʔusai],ウサイ,名
[ʔu⸢sai⸣kasai],ウサイカサイ,名
[ʔu⸢saijama],ウサイヤマ,名
[ʔu⸢sairuŋ],ウサイルン,他動
[ʔu⸢sairuŋ],ウサイルン,他動
[ʔu⸢sairuŋ],ウサイルン,他動
[ʔu⸢sairuŋ],ウサイルン,他動
[ʔu⸢sauŋ],ウサウン,他動
[ʔu⸢sauŋ],ウサウン,他動
[ʔu⸢sauŋ],ウサウン,他動
[ʔu⸢sagaruŋ],ウサガルン,他動
[ʔu⸢sagaroː⸣ruŋ],ウサガロールン,他動
[ʔu⸢sa⸣gi],ウサギ,名
[ʔu⸢sagimunu],ウサギムヌ,名
[ʔu⸢sagiruŋ],ウサギルン,他動
[ʔu⸢sa⸣ʃi],ウサシ,名
[ʔu⸢sak⸣karuŋ],ウサッカルン,自動
[ʔu⸢sakki⸣ruŋ],ウサッキルン,他動
[ʔu⸢sakki⸣ruŋ],ウサッキルン,他動
[ʔu⸢sak⸣kuŋ],ウサックン,他動
[ʔu⸢sak⸣kuŋ],ウサックン,他動
[⸣ʔuʣaduru],ウザドゥル,名
[ʔu⸢sama⸣ruŋ],ウサマルン,自動
[ʔu⸢sama⸣ruŋ],ウサマルン,自動
[ʔu⸢sami⸣ruŋ],ウサミルン,他動
[ʔu⸢sami⸣ruŋ],ウサミルン,他動
[ʔu⸢sa⸣muŋ],ウサムン,他動
[ʔu⸢sa⸣muŋ],ウサムン,他動
[ʔu⸢saŋgisokkoː],ウサンギソッコー,名
[ʔu⸢saŋgiruŋ],ウサンギルン,他動
[ʔu⸢saŋkuŋ],ウサンクン,他動
[ʔu⸢saŋguŋ],ウサングン,他動
[⸣ʔusandai],ウサンダイ,名
[⸣ʔuʃi],ウシ,名
[ʔu⸢ʃi],ウシ,名
[ʔu⸢ʃi],ウシ,名
[⸣ʔuʤi],ウジ,名
[⸣ʔuʤi],ウジ,名
[ʔu⸢ʃiːʔuʃi],ウシーウシ,副
[ʔu⸢ʃiʔaː⸣ʃi],ウシアーシ,名
[ʔu⸢ʃiʔagiruŋ],ウシアギルン,他動
[ʔu⸢ʃiʔaguŋ],ウシアグン,他動
[ʔu⸢ʃiʔiʦa],ウシイツァ,名
[ʔu⸢ʃikaki],ウシカキ,名
[ʔu⸢ʃikakiruŋ],ウシカキルン,自動
[ʔu⸢ʃikakuŋ],ウシカクン,自動
[⸢ʔuʃi̥karasuŋ],ウシカラスン,他動
[⸣ʔuʃikiː],ウシキー,名
[⸢ʔuʃi̥kipara⸣ʃi̥ki],ウシキパラシキ,副
[⸢ʔuʃi̥ki⸣jaː],ウシキヤー,名
[⸢ʔuʃi̥kirariŋ],ウシキラリン,連
[⸢ʔuʃi̥kiruŋ],ウシキルン,他動
[⸢ʔuʃi̥kiruŋ],ウシキルン,他動
[ʔu⸢ʃikubaŋ],ウシクバン,名
[ʔu⸢ʃikmiruŋ],ウシクミルン,他動
[⸢ʔuʃi̥kumuŋ],ウシクムン,他動
[⸢ʔuʃi̥kumuŋ],ウシクムン,他動
[ʔu⸢ʃikurasaː],ウシクラサー,名
[ʔu⸢ʃikuraʃimunu],ウシクラシムヌ,名
[ʔu⸢ʃikurubasuŋ],ウシクルバスン,他動
[ʔu⸢ʃiʣaki],ウシザキ,名
[ʔu⸢ʃiʃima⸣riti],ウシシマリティ,副
[⸣ʔuʃiʤiru],ウシジル,名
[⸣ʔuʃisubi],ウシスビ,名
[ʔu⸢ʃidakuŋ],ウシダクン,他動
[ʔu⸢ʃidama],ウシダマ,名
[ʔu⸢ʃidamaruŋ],ウシダマルン,自動
[ʔu⸢ʃikkaisuŋ],ウシッカイスン,他動
[ʔu⸢ʃikkunaː],ウシックナー,名
[ʔu⸢ʃikkumiruŋ],ウシックミルン,他動
[ʔu⸢ʃikkumuŋ],ウシックムン,他動
[ʔu⸢ʃikkurubasuŋ],ウシックルバスン,他動
[ʔu⸢ʃikkeːrasuŋ],ウシッケーラスン,他動
[ʔu⸢ittoːsuŋ],ウシットースン,他動
[ʔu⸢ʃiffaikatana],ウシッふァイカタナ,名
[ʔu⸢ʃiffaimunu],ウシッふァイムヌ,名
[ʔu⸢ʃi⸣di],ウシディ,名
[ʔu⸢ʃidipusu],ウシディプス,名
[ʔu⸢ʃidimari],ウシディマリ,名
[ʔuʃi⸢toː⸣ma],ウシトーマ,名
[⸢ʔuʃi̥⸣tu],ウシトゥ,名
[⸢ʔuʃi̥tu⸣ffa],ウシトゥッふァ,名
[⸢ʔuʃi̥tubiki⸣ru],ウシトゥビキル,名
[⸢ʔuʃi̥tubuna⸣ru],ウシトゥブナル,名
[⸢ʔuʃituma⸣ki],ウシトゥマキ,名
[⸢ʔuʃi̥tu⸣mari],ウシトゥマリ,名
[⸢ʔuʃitu⸣miː],ウシトゥミー,名
[⸢ʔuʃi̥tumidoːŋ⸣ffa],ウシトゥミドーンッふァ,名
[⸢ʔuʃi⸣tu miruŋ],ウシトゥミルン,連
[⸣ʔuʃitura],ウシトゥラ,名
[⸢ʔuʃi̥⸣tuŋkeː],ウシトゥンケー,名
[ʔu⸢ʃinauŋ],ウシナウン,他動
[ʔu⸢ʃinakuŋ],ウシナクン,他動
[ʔu⸢ʃinu⸣ʔugaŋ],ウシヌウガン,名
[ʔu⸢ʃinu⸣ kḁ⸢ta],ウシヌカタ,連
[ʔu⸢ʃinukiruŋ],ウシヌキルン,他動
[ʔu⸢ʃinukuŋ],ウシヌクン,他動
[ʔu⸢ʃinukuŋ],ウシヌクン,他動
[ʔu⸢sinu⸣koi],ウシヌコイ,名
[ʔu⸢ʃinu⸣ koi],ウシヌコイ,連
[ʔu⸢ʃinu⸣ ʃiː],ウシヌシー,連
[ʔu⸢ʃi⸣nu ⸣ʃi̥keː],ウシヌシケー,連
[ʔu⸢sinu⸣ssa],ウシヌッサ,名
[ʔu⸢ʃinu⸣ ssu],ウシヌッス,連
[ʔu⸢ʃinu⸣ f⸢fa],ウシヌッふァ,連
[ʔu⸢ʃinu paː],ウシヌパー,連
[ʔu⸢ʃi⸣nu ⸣paː ⸣tḁtuŋ],ウシヌパータトゥン,連
[ʔu⸢ʃinupan ʣoː⸣re ⸢ʣoː⸣re],ウシヌパンゾーレゾーレ,連
[ʔu⸢sinu⸣ pira],ウシヌピラ,連
[ʔu⸢ʃinumaki],ウシヌマキ,名
[ʔu⸢ʃinu⸣ miː],ウシヌミー,連
[ʔu⸢ʃinu⸣ miŋ],ウシヌミン,連
[ʔu⸢ʃi⸣nu miŋ],ウシヌミン,連
[ʔu⸢ʃinu⸣jaː],ウシヌヤー,連
[ʔu⸢ʃinu⸣ jama],ウシヌヤマ,連
[ʔu⸢ʃinu⸣ joi],ウシヌヨイ,連
[ʔu⸢ʃinu joi⸣nu ⸣ʔuta],ウシヌヨイヌウタ,連
[⸣ʔuʃinoːmai],ウシノーマイ,名
[⸣ʔuʃipaː],ウシパー,名
[⸣ʔuʃipai],ウシパイ,名
[ʔu⸢ʃibakujoː],ウシバクヨー,名
[ʔu⸢ʃipatakkiruŋ],ウシパタッキルン,他動
[ʔu⸢ʃipitʦa⸣suŋ],ウシピッツァスン,他動
[ʔu⸢ʃimaː⸣saː],ウシマーサー,名
[ʔu⸢ʃimaːsuŋ],ウシマースン,他動
[ʔu⸢ʃimaki],ウシマキ,名
[ʔu⸢ʃimagiruŋ],ウシマギルン,他動
[ʔu⸢ʃimaguŋ],ウシマグン,他動
[ʔu⸢ʃimudusuŋ],ウシムドゥスン,他動
[ʔu⸢ʃi⸣moːmoː],ウシモーモー,名
[ʔu⸢ʃijuːʃiruŋ],ウシユーシルン,自動・他動
[ʔu⸢ʃijuːsuŋ],ウシユースン,自動・他動
[ʔuʃuŋ⸢gana⸣ʃeːmai],ウシュンガナシェーマイ,名
[ʔu⸢ʤira⸣niː],ウジラニー,名
[ʔu⸢ʤi⸣ru],ウジル,名
[ʔu⸢ʤi⸣rutamunu],ウジルタムヌ,名
[ʔu⸢ʃiʔnʣasuŋ],ウシンザスン,他動
[⸣ʔuʃinʧiː],ウシンチー,名
[ʔu⸢ʃiʔm⸣ma],ウシンマ,名
[⸣ʔuʣu],ウズ,名
[ʔu⸢suːŋ],ウスーン,他動
[ʔu⸢suːŋ],ウスーン,他動
[⸢ʔusu̥kuŋ],ウスクン,他動
[ʔu⸢sukkumiruŋ],ウスックミルン,他動
[ʔu⸢sukkumuŋ],ウスックムン,他動
[ʔu⸢suf⸣fai],ウスッふァイ,名
[ʔu⸢suf⸣fai ⸣kabuŋ],ウスッふァイカブン,連
[ʔu⸢suf⸣faissuŋ],ウスッふァイッスン,名
[ʔu⸢ʣu⸣nu ⸣ʔaja],ウズヌアヤ,連
[ʔu⸢ʣu⸣nu ⸣kaː],ウズヌカー,連
[ʔu⸢ʣu⸣nu ⸣bata],ウズヌバタ,連
[ʔu⸢subasuŋ],ウスバスン,他動
[ʔu⸢subasuŋ],ウスバスン,他動
[ʔu⸢su⸣baniŋ],ウスバニン,名
[ʔu⸢su⸣ba ⸣juʃi],ウスバユシ,連
[ʔu⸢subuŋ],ウスブン,自動
[ʔu⸢subuŋ],ウスブン,自動
[⸣ʔusumai],ウスマイ,名
[ʔu⸢suma⸣saŋ],ウスマサン,形
[ʔu⸢suma⸣ʃi],ウスマシ,連体
[ʔu⸢suma⸣ʃi ⸣su̥koː],ウスマシスコー,連
[ʔu⸢suma⸣ʃi ⸣munu],ウスマシムヌ,連
[ʔu⸢ʣumariŋ],ウズマリン,自動
[ʔu⸢ʣumariŋ],ウズマリン,自動
[ʔu⸢ʣumaruŋ],ウズマルン,自動
[ʔu⸢sumi⸣ruŋ],ウスミルン,他動
[ʔu⸢ʣumiruŋ],ウズミルン,他動
[ʔu⸢su⸣muŋ],ウスムン,他動
[ʔu⸢ʣumuŋ],ウズムン,他動
[ʔu⸢surirari⸣ruŋ],ウスリラリルン,自動
[ʔu⸢surira⸣riŋ],ウスリラリン,自動
[ʔu⸢suri⸣ruŋ],ウスリルン,他動
[ʔu⸢suŋ],ウスン,自動
[ʔusuŋ⸢gana⸣ʃeːmai],ウスンガナシェーマイ,名
[ʔu⸢ʣuŋki⸣ruŋ],ウズンキルン,自動
[ʔu⸢ʣuŋ⸣kuŋ],ウズンクン,自動
[ʔu⸢ʣuŋ⸣kuŋ],ウズンクン,自動
[ʔu⸢suŋɸukasuŋ],ウスンフカスン,他動
[ʔu⸢suŋɸu̥kuŋ],ウスンフクン,自動
[⸣ʔuʣoːbata],ウゾーバタ,名
[ʔu⸢soːriruŋ],ウソーリルン,自動
[ʔu⸢soːriruŋ],ウソーリルン,自動
[ʔu⸢soːriŋ],ウソーリン,自動
[ʔu⸢soː⸣ŋ],ウソーン,形
[⸣ʔuta],ウタ,名
[ʔu⸢tai],ウタイ,名
[⸣ʔuta ʔi⸢ʤikkunaː],ウタイジックナー,連
[⸣ʔuta ʔi⸢ʣuŋ],ウタイズン,連
[ʔu⸢taijoː⸣ruŋ],ウタイヨールン,他動
[ʔu⸢tagaːriruŋ],ウタガーリルン,自動
[ʔu⸢tagaːriŋ],ウタガーリン,自動
[ʔu⸢tagai],ウタガイ,名
[ʔu⸢tagairuŋ],ウタガイルン,他動
[ʔu⸢tagauŋ],ウタガウン,他動
[⸣ʔutagaki],ウタガキ,名
[⸣ʔutasaŋʃiŋ],ウタサンシン,名
[ʔu⸢taʃi⸣munu],ウタシムヌ,名
[ʔu⸢ta⸣suŋ],ウタスン,他動
[ʔu⸢ta⸣suŋ],ウタスン,他動
[ʔu⸢ta⸣suŋ],ウタスン,他動
[⸣ʔutatanoːru],ウタタノール,名
[ʔu⸢da⸣ti],ウダティ,名
[ʔu⸢datirari⸣ruŋ],ウダティラリルン,自動
[ʔu⸢datira⸣riŋ],ウダティラリン,自動
[ʔu⸢dati⸣ruŋ],ウダティルン,他動
[⸣ʔutaɸu̥kuru],ウタフクル,名
[ʔu⸢tamu⸣ʧi],ウタムチ,名
[ʔu⸢daja⸣ka],ウダヤカ,形動
[ʔu⸢daraka⸣suŋ],ウダラカスン,他動
[ʔu⸢dara⸣ki],ウダラキ,名
[ʔu⸢dara⸣kuŋ],ウダラクン,自動
[ʔu⸢ʧi],ウチ,名
[ʔu⸢ʧi],ウチ,名
[ʔu⸢ʧi],ウチ,接頭
[ʔu⸢ʧiːʔuʧiː⸣ʃi],ウチーウチーシ,副
[ʔu⸢ʧiʔaː⸣suŋ],ウチアースン,他動
[ʔu⸢ʧiʔaː⸣ruŋ],ウチアールン,自動
[ʔu⸢ʧiʔaki⸣ruŋ],ウチアキルン,他動
[ʔu⸢ʧiʔagi⸣ruŋ],ウチアギルン,他動
[ʔu⸢ʧi⸣ʔakuŋ],ウチアクン,他動
[ʔu⸢ʧiʔatari],ウチアタリ,名
[ʔu⸢ʧi⸣ami],ウチアミ,名
[ʔu⸢ʧiutʧi],ウチウチ,名
[ʔu⸢ʧiʔutu⸣suŋ],ウチウトゥスン,他動
[ʔu⸢ʧikai⸣suŋ],ウチカイスン,他動
[⸣ʔuʧikatarai],ウチカタライ,名
[ʔu⸢ʧi⸣ʃiː],ウチシー,名
[⸣ʔuʧisoːdaŋ],ウチソーダン,名
[ʔu⸢ʧidara⸣suŋ],ウチダラスン,他動
[ʔu⸢ʧidara⸣suŋ],ウチダラスン,他動
[ʔu⸢ʧidari⸣ruŋ],ウチダリルン,自動
[ʔu⸢ʧi⸣darŋ],ウチダルン,自動
[ʔu⸢ʧik⸣kurauŋ],ウチックラウン,他動
[ʔu⸢ʧi⸣nakaː],ウチナカー,連
[ʔu⸢ʧina⸣suŋ],ウチナスン,他動
[ʔu⸢ʧiniʧi],ウチニチ,名
[ʔu⸢ʧi⸣nenu ⸣matoːʣateː],ウチネーヌマトーザテー,連
[ʔu⸢ʧi⸣nenu ⸣maʦaːʣaːteː],ウチネヌマツァーザーテー,連
[ʔu⸢ʧibaʃi̥ki⸣ruŋ],ウチバシキルン,自動
[ʔu⸢ʧi⸣ɸu̥ka],ウチフカ,名
[ʔu⸢ʧimaː],ウチマー,名
[ʔu⸢ʧi⸣maː],ウチマー,名
[ʔu⸢ʧimaːri⸣kaʤi],ウチマーリカジ,名
[ʔu⸢ʧimaka⸣suŋ],ウチマカスン,他動
[ʔu⸢ʧimaraba⸣suŋ],ウチマラバスン,他動
[ʔu⸢ʧi⸣miʤi],ウチミジ,名
[ʔu⸢ʧiju],ウチユ,名
[ʔu⸢ʧi⸣ruŋ],ウチルン,自動
[ʔu⸢ʧi⸣ruŋ],ウチルン,自動
[ʔu⸢ʧi⸣ruŋ],ウチルン,自動
[ʔu⸢ʧi⸣ruŋ],ウチルン,自動
[ʔu⸢ʧintaː],ウチンター,名
[ʔu⸢ʦa⸣suŋ],ウツァスン,他動
[ʔu⸢ʦa⸣suŋ],ウツァスン,他動
[ʔu⸢ʦa⸣suŋ],ウツァスン,他動
[ʔu⸢ʦa⸣suŋ],ウツァスン,他動
[ʔu⸢ʦa⸣nauŋ],ウツァナウン,他動
[ʔu⸢ʦana⸣ku],ウツァナク,名
[ʔu⸢ʦana⸣kuŋ],ウツァナクン,他動
[ʔu⸢ʦabanaka⸣suŋ],ウツァバナカスン,他動
[ʔu⸢ʦabana⸣kuŋ],ウツァバナクン,自動
[⸣ʔuʦaŋ],ウツァン,名
[⸢ʔukkai⸣suŋ],ウッカイスン,他動
[⸢ʔuk⸣kaimukkai],ウッカイムッカイ,副
[⸢ʔukkaira⸣suŋ],ウッカイラスン,他動
[⸢ʔukkai⸣ruŋ],ウッカイルン,自動
[⸢ʔukkeː⸣suŋ],ウッケースン,他動
[⸢ʔukkeːra⸣suŋ],ウッケーラスン,他動
[⸢ʔukkeː⸣ruŋ],ウッケールン,自動
[⸢ʔud⸣ʣa],ウッザ,名
[ʔu⸢ʦu⸣suŋ],ウツスン,他動
[ʔu⸢ʦu⸣suŋ],ウツスン,他動
[⸢ʔus⸣soŋ],ウッソン,名
[⸢ʔus⸣son sa⸢riːŋ],ウッソンサリーン,句
[⸢ʔuttairari⸣ruŋ],ウッタイラリルン,自動
[⸢ʔuttairari⸣ruŋ],ウッタイラリルン,自動
[⸢ʔuttaira⸣riŋ],ウッタイラリン,自動
[⸢ʔuttai⸣ruŋ],ウッタイルン,他動
[⸢ʔut⸣tauŋ],ウッタウン,他動
[⸢ʔut⸣ʦaː],ウッツァー,代
[⸢ʔut⸣ʦaː],ウッツァー,代
[⸢ʔutʦaː⸣suŋ],ウッツァースン,自動・他動
[⸢ʔutʦoːri⸣kaʤi],ウッツォーリカジ,名
[⸢ʔutti⸣ ka⸢mi⸣ruŋ],ウッティカミルン,連
[⸢ʔuttoː⸣suŋ],ウットースン,他動
[⸢ʔuttoːri⸣ruŋ],ウットーリルン,自動
[⸢ʔuttoː⸣ruŋ],ウットールン,自動
[⸢ʔuffasuŋ],ウッふァスン,他動
[⸢ʔuffiruŋ],ウッふィルン,自動
[⸢ʔuffuŋ],ウッふン,自動
[ʔu⸢ʦu⸣ruŋ],ウツルン,自動
[⸣ʔudi],ウディ,名
[⸣ʔudi],ウディ,名
[ʔu⸢ti⸣uti],ウティウティ,接尾
[ʔu⸢di⸣kaki],ウディカキ,名
[⸣ʔudi kḁ⸢ki⸣ruŋ],ウディカキルン,連
[⸣ʔudi ⸣kḁkuŋ],ウディカクン,連
[ʔuti ⸣kuːŋ],ウティクーン,連
[ʔuti ⸣kuːŋ],ウティクーン,連
[⸣ʔutikubaʃi],ウティクバシ,名
[⸣ʔutikubaʃi],ウティクバシ,名
[ʔutikubari],ウティクバリ,名
[⸣ʔutikubuʃi],ウティクブシ,名
[⸣ʔudi ⸣kumuŋ],ウディクムン,連
[⸣ʔutisakari],ウティサカリ,名
[ʔu⸢disïka⸣ra],ウディシゥカラ,名
[ʔu⸢ti⸣ʃi̥ki],ウティシキ,名
[ʔu⸢tiʃi̥ki⸣ruŋ],ウティシキルン,自動
[ʔu⸢disuː⸣ri],ウディスーリ,名
[ʔu⸢ti⸣su̥kuŋ],ウティスクン,自動
[ʔu⸢disuŋ⸣guri],ウディスングリ,名
[ʔu⸢di⸣dai],ウディダイ,名
[ʔu⸢ti⸣daka],ウティダカ,名
[⸣ʔudi da⸢kuŋ],ウディダクン,連
[ʔu⸢ti⸣dani],ウティダニ,名
[ʔu⸢ti⸣dani],ウティダニ,名
[ʔu⸢tinan⸣ s⸢sa⸣naŋ],ウティナンッサナン,連
[⸣ʔutinukaru],ウティヌカル,名
[ʔu⸢ti⸣puː],ウティプー,名
[⸣ʔudipu̥su],ウディプス,名
[⸣ʔudimari],ウディマリ,名
[ʔu⸢ti⸣munu],ウティムヌ,名
[ʔu⸢di⸣jarai],ウディヤライ,名
[ʔu⸢ti⸣raʔutira],ウティラウティラ,副
[ʔu⸢ti⸣ruŋ],ウティルン,自動
[ʔu⸢tiruŋ],ウティルン,他動
[ʔu⸢tiŋ⸣gabi],ウティンガビ,名
[ʔu⸢tiŋ⸣gisaŋ],ウティンギサン,連
[⸣ʔutoː],ウトー,名
[ʔu⸢doːsuŋ],ウドースン,他動
[ʔu⸢doːsuŋ],ウドースン,他動
[ʔu⸢tu],ウトゥ,名
[ʔu⸢tu],ウトゥ,名
[ʔu⸢tu],ウトゥ,名
[ʔu⸢tuː⸣ʃi],ウトゥーシ,名
[ʔu⸢tu⸣gai],ウトゥガイ,名
[ʔu⸢duka⸣suŋ],ウドゥカスン,他動
[ʔu⸢duki⸣ruŋ],ウドゥキルン,自動
[ʔu⸢tuku⸣mari],ウトゥクマリ,名
[ʔu⸢du⸣kuŋ],ウドゥクン,自動
[ʔu⸢tu⸣ʣa],ウトゥザ,名
[ʔu⸢tuʣaʣurui],ウトゥザズルイ,名
[ʔu⸢tu⸣sata],ウトゥサタ,名
[ʔu⸢tuʣamari],ウトゥザマリ,名
[ʔu⸢tu⸣ʣamuisaŋ],ウトゥザムイサン,形
[ʔu⸢tu⸣ʣaŋkeːŋ],ウトゥザンケーン,名
[ʔu⸢tu⸣ʃi],ウトゥシ,名
[ʔu⸢tuʃi⸣ʔana],ウトゥシアナ,名
[ʔu⸢tuʃi⸣dani],ウトゥシダニ,名
[ʔu⸢tuʃi⸣nu ⸣jaŋ],ウトゥシヌヤン,連
[ʔu⸢tu⸣ʤiri],ウトゥジリ,名
[ʔu⸢tudakaː⸣ŋ],ウトゥダカーン,形
[ʔu⸢tunas⸣saŋ],ウトゥナッサン,形
[ʔu⸢tu⸣mu],ウトゥム,名
[ʔu⸢tu⸣meː],ウトゥメー,固
[ʔu⸢trui⸣ruŋ],ウトゥルイルン,自動
[ʔu⸢turu⸣saŋ],ウトゥルサン,形
[⸣ʔuturumuʧi],ウトゥルムチ,名
[ʔu⸢tu⸣ruŋ],ウトゥルン,自動
[⸣ʔutuŋ],ウトゥン,他動
[⸣ʔutuŋ],ウトゥン,自動
[ʔu⸢tun],ウトゥン,他動
[⸣ʔuduŋ],ウドゥン,名
[ʔu⸢tuŋgui],ウトゥングイ,名
[ʔu⸢tuŋ⸣ guiŋ],ウトゥングイン,連
[ʔu⸢tuʔnʤi⸣pu̥su],ウトゥンジプス,名
[ʔu⸢tunʤi⸣munu],ウトゥンジムヌ,名
[ʔu⸢tu ʔnʤi⸣ruŋ],ウトゥンジルン,連
[ʔu⸢tu⸣ ʔnʣuŋ],ウトゥンズン,連
[ʔu⸢naː],ウナー,代
[⸣ʔunaː],ウナー,連
[ʔu⸢naː],ウナー,名・代
[ʔu⸢naː],ウナー,名・代
[ʔu⸢naːtaː],ウナーター,代
[⸣ʔunai],ウナイ,名
[⸣ʔunanʣa],ウナンザ,代
[⸣ʔunanʣaː],ウナンザー,代
[⸣ʔuni],ウニ,名
[ʔu⸢nu],ウヌ,連体
[ʔu⸢nu],ウヌ,連体
[ʔu⸢nuata⸣ru],ウヌアタル,連
[ʔu⸢nu ʔata⸣ru],ウヌアタル,連
[ʔu⸢nuʔui],ウヌウイ,接
[ʔu⸢nu⸣ʔuʧi],ウヌウチ,副
[ʔu⸢nu⸣ʔuʧi],ウヌウチ,副
[ʔu⸢nu⸣su̥ku],ウヌスク,副
[ʔu⸢nu⸣su̥ku],ウヌスク,副
[ʔu⸢nu⸣ su̥koː],ウヌスコー,連
[ʔu⸢nu⸣ taki],ウヌタキ,連
[ʔu⸢nu⸣tḁki],ウヌタキ,連
[⸣ʔunutuːru],ウヌトゥール,連
[ʔu⸢nu⸣basu],ウヌバス,連
[ʔu⸢nupaŋʃi],ウヌパンシ,名
[ʔu⸢nu⸣piŋ],ウヌピン,名
[ʔu⸢nu⸣ɸu̥ka],ウヌフカ,連
[ʔu⸢nupusu],ウヌプス,連
[ʔu⸢nupusuŋ⸣keː],ウヌプスンケー,連
[⸣ʔunubuŋ],ウヌブン,副・名
[ʔu⸢nu⸣buŋ],ウヌブン,連
[ʔu⸢numaːma],ウヌマーマ,名
[ʔu⸢numaːma],ウヌマーマ,名
[ʔu⸢numaːra],ウヌマーラ,名
[ʔu⸢numari],ウヌマリ,名
[ʔu⸢numari],ウヌマリ,名
[ʔu⸢nu⸣ muti],ウヌムティ,連
[⸣ʔunujoːna],ウヌヨーナ,連体
[⸣ʔunujoːni],ウヌヨーニ,副
[⸣ʔunujoːnu],ウヌヨーヌ,連体
[ʔu⸢baːsuŋ],ウバースン,他動
[ʔu⸢bai⸣kabai],ウバイカバイ,副
[ʔu⸢bauŋ],ウバウン,自動
[ʔu⸢ha⸣rakuiʧi],ウハラクイチ,名
[⸣ʔubi],ウビ,連体
[⸣ʔubi],ウビ,副
[⸣ʔubi],ウビ,名
[ʔu⸢bi⸣ʔiŋ],ウビイン,名
[ʔubi⸢kaːni],ウビカーニ,副
[ʔu⸢bi⸣kaki],ウビカキ,名
[ʔu⸢bi⸣saki],ウビサキ,名
[⸣ʔubidaki],ウビダキ,副
[ʔu⸢bi⸣ʃʃi],ウビッシ,名
[ʔu⸢bit⸣ʧiŋ],ウビッチン,副
[ʔu⸢bit⸣ʧinʦaŋ],ウビッチンツァン,連
[ʔu⸢bi⸣naː],ウビナー,副
[ʔu⸢bi⸣naː],ウビナー,副
[ʔu⸢bi⸣naː],ウビナー,副
[⸣ʔubibukara],ウビブカラ,副
[⸣ʔubi ⸢joː⸣ruŋ],ウビヨールン,連
[ʔu⸢biŋ⸣gani],ウビンガニ,名
[ʔu⸢bu-],ウブ,接頭
[⸣ʔubuːŋ],ウブーン,他動
[ʔu⸢bu⸣ʔappa],ウブアッパ,名
[ʔu⸢buʔama⸣ʃeː],ウブアマシェー,名
[ʔu⸢bu⸣ʔami],ウブアミ,名
[ʔu⸢bu⸣ʔaja],ウブアヤ,名
[ʔu⸢bu⸣ʔajakiŋ],ウブアヤキン,名
[ʔu⸢bu⸣ʔamma],ウブアンマー,名
[⸣ʔubui],ウブイ,名
[ʔu⸢bu⸣iki],ウブイキ,名
[ʔu⸢bu⸣iki],ウブイキ,名
[ʔu⸢bu⸣ʔiki ⸢maːʔiki],ウブイキマーイキ,連
[ʔu⸢buiguri⸣saŋ],ウブイグリサン,形
[ʔu⸢buʔisa⸣naki],ウブイサナキ,固
[ʔu⸢buimaː⸣ki],ウブイマーキ,連
[ʔu⸢buijuː⸣suŋ],ウブイユースン,他動
[ʔu⸢bui⸣ruŋ],ウブイルン,他動
[ʔu⸢bu⸣ʔuʃi],ウブウシ,名
[ʔu⸢bu⸣ʔusumai],ウブウスマイ,名
[ʔu⸢bu⸣ʔuta],ウブウタ,名
[ʔu⸢buʔudu⸣ki],ウブウドゥキ,名
[ʔu⸢buʔujaːri],ウブウヤーリ,名
[ʔu⸢buʔuja⸣bi],ウブウヤビ,名
[ʔu⸢bu⸣kakaŋ],ウブカカン,名
[ʔu⸢bukaʤi],ウブカジ,名
[ʔu⸢bugama⸣ʤi],ウブガマジ,名
[ʔu⸢bukama⸣ʧi],ウブカマチ,名
[ʔu⸢bu⸣gi],ウブギ,名
[ʔu⸢bu⸣kiː],ウブキー,名
[ʔu⸢bukiʣa⸣ru],ウブキザル,名
[ʔu⸢bu⸣kinai],ウブキナイ,名
[ʔu⸢bu⸣kimu],ウブキム,名
[ʔu⸢bu⸣kui],ウブクイ,名
[ʔu⸢bu⸣guʃi],ウブグシ,名
[ʔu⸢bugwan⸣su],ウブグヮンス,名
[ʔu⸢bu⸣ʣaː],ウブザー,名
[⸣ʔubuʣaː],ウブザー,名
[ʔu⸢bu⸣ʤi],ウブジ,名
[ʔu⸢bu⸣ʤiː],ウブジー,名
[ʔu⸢bu⸣ʃiki],ウブシキ,名
[ʔu⸢bu⸣ʃi̥kiŋ],ウブシキン,名
[ʔu⸢buʃi̥kiŋgana⸣ʃi],ウブシキンガナシ,名
[⸣ʔubuʃi̥keː],ウブシケー,固
[⸣ʔubuʃi̥keːnu ⸢jaʃi̥⸣ki],ウブシケーヌヤシキ,連
[ʔubuʃi̥⸢keː⸣ma],ウブシケーマ,名
[ʔu⸢bu⸣ʃima],ウブシマ,名
[ʔu⸢bu⸣ʃira],ウブシラ,名
[ʔu⸢buʃira],ウブシラ,名
[ʔu⸢bu⸣ʤiŋ],ウブジン,名
[ʔu⸢buʤiŋ],ウブジン,名
[ʔu⸢buʃiŋka],ウブシンカ,名
[ʔu⸢bu⸣su],ウブス,名
[ʔu⸢busuː⸣ʧiʣuː],ウブスーチズー,名
[ʔu⸢bu⸣sudi],ウブスディ,名
[ʔu⸢bu⸣subuttu],ウブスブットゥ,名
[ʔu⸢busuŋ],ウブスン,名
[ʔu⸢busok⸣koː],ウブソッコー,名
[ʔu⸢ɸu⸣daki],ウフダキ,固
[ʔu⸢bu⸣taku],ウブタク,名
[ʔu⸢bu⸣tani],ウブタニ,名
[ʔu⸢ɸu̥ta⸣nu ma⸢ʦu⸣teː],ウフタヌマツテー,連
[ʔu⸢ɸutaŋ⸣jaː],ウフタンヤー,名
[ʔu⸢buʧoː⸣ʧiŋ],ウブチョーチン,名
[ʔu⸢ɸuʔ],ウフッ,感
[ʔu⸢buk⸣karu],ウブッカル,名
[ʔu⸢buk⸣karu ʔu⸢gama⸣ʃi],ウブッカルウガマシ,連
[ʔu⸢bu⸣ssu],ウブッス,名
[ʔu⸢bu⸣ssu],ウブッス,感
[ʔu⸢buffai⸣dama],ウブッふァイダマ,名
[ʔu⸢bu⸣tida],ウブティダ,名
[ʔu⸢bu⸣tiŋ],ウブティン,名
[ʔu⸢bu⸣tuː],ウブトゥー,名
[ʔu⸢bu⸣duː],ウブドゥー,名
[ʔu⸢buduma⸣ru],ウブドゥマル,名
[ʔu⸢butumuru],ウブトゥムル,名
[ʔu⸢bunakara],ウブナカラ,名
[ʔu⸢bunakuraː⸣ŋ],ウブナクラーン,形
[ʔu⸢bu⸣nabi],ウブナビ,名
[ʔu⸢bunaŋ],ウブナン,名
[ʔu⸢buniʧi],ウブニチ,名
[ʔu⸢buninʣu],ウブニンズ,名
[ʔu⸢buninʣuː],ウブニンズー,名
[ʔu⸢buninʣujaː],ウブニンズヤー,名
[ʔu⸢bu⸣nuː],ウブヌー,名
[ʔu⸢bunuʃi⸣turu],ウブヌシトゥル,名
[ʔu⸢bunumi],ウブヌミ,名
[ʔu⸢bubaː⸣ki],ウブバーキ,名
[ʔu⸢buba⸣kajaː],ウブバカヤー,名
[ʔu⸢bu⸣pḁku],ウブパク,名
[ʔu⸢bu⸣basa],ウブバサ,名
[ʔu⸢bu⸣bata],ウブバタ,名
[ʔu⸢bu⸣bata],ウブバタ,名
[ʔu⸢bu⸣bata],ウブバタ,名
[ʔu⸢bu⸣pḁta],ウブパタ,名
[ʔu⸢bu⸣pana],ウブパナ,名
[ʔu⸢bu⸣barai],ウブバライ,名
[ʔu⸢bu⸣paŋ],ウブパン,名
[ʔu⸢bu⸣biː],ウブビー,名
[ʔu⸢bu⸣piː],ウブピー,名
[ʔu⸢bu⸣pi̥sa],ウブピサ,名
[ʔu⸢bupiba⸣ʧi],ウブピバチ,名
[ʔu⸢bu⸣fai],ウブふァイ,名
[ʔu⸢buɸui],ウブフイ,名
[ʔu⸢buɸu̥ku⸣bi],ウブフクビ,名
[ʔu⸢bubusaː⸣ra],ウブブサーラ,名
[ʔu⸢bu⸣buʃi],ウブブシ,名
[ʔu⸢bu⸣pu̥su],ウブプス,名
[ʔu⸢bu⸣pu̥su ⸢maːpu̥su],ウブプスマープス,連
[ʔu⸢bupusu⸣muni],ウブプスムニ,名
[ʔu⸢bu⸣ɸu̥ʧi],ウブフチ,名
[ʔu⸢bu⸣ɸu̥ʧi],ウブフチ,名
[ʔu⸢bubut⸣ʦu],ウブブッツ,名
[ʔu⸢bubudu⸣ru],ウブブドゥル,名
[ʔu⸢bu⸣ɸuni],ウブフニ,名
[ʔu⸢bu⸣buraː],ウブブラー,名
[ʔu⸢bubuŋ⸣gi],ウブブンギ,名
[ʔu⸢bu⸣mai],ウブマイ,名
[ʔu⸢bu⸣maʃi],ウブマシ,名
[ʔu⸢bu⸣mata],ウブマタ,名
[ʔu⸢bumata],ウブマタ,名
[ʔu⸢bu⸣miːʔaŋ],ウブミーアン,名
[ʔu⸢bu⸣miʣi],ウブミジ,名
[ʔu⸢bu⸣miʧi],ウブミチ,名
[ʔu⸢bumuka⸣ʃi],ウブムカシ,名
[ʔu⸢bu⸣muni],ウブムニ,名
[ʔu⸢bu⸣mura],ウブムラ,名
[ʔu⸢bumoːki],ウブモーキ,名
[ʔu⸢bu⸣jaː],ウブヤー,名
[ʔu⸢bujaːnin⸣ʣu],ウブヤーニンズ,名
[ʔu⸢bu⸣jaʦu],ウブヤツ,名
[ʔu⸢bu⸣jaʦu],ウブヤツ,名
[ʔu⸢bu⸣jakkoŋ],ウブヤッコン,名
[ʔu⸢bu⸣jakkoŋ],ウブヤッコン,名
[ʔu⸢bu⸣jaɸu],ウブヤフ,名
[ʔu⸢ɸujama⸣tu],ウフヤマトゥ,名
[ʔu⸢bujama⸣tu],ウブヤマトゥ,名
[ʔu⸢bujamaŋ⸣gu],ウブヤマング,名
[ʔu⸢bujaŋ],ウブヤン,名
[ʔu⸢bujuku⸣ʤiŋ],ウブユクジン,名
[ʔu⸢buʔmː⸣mi],ウブンーミー,名
[ʔu⸢buŋ⸣gai],ウブンガイ,名
[ʔubeː],ウベー,連
[⸣ʔuboː],ウボー,名
[ʔu⸢boː⸣ʣa],ウボーザ,名
[ʔu⸢boː⸣da],ウボーダ,名
[⸣ʔuboːppa],ウボーッパ,名
[⸣ʔuboːppaː],ウボーッパー,名
[⸣ʔuboːma],ウボーマ,名
[⸣ʔubomaː],ウボマー,名
[⸣ʔubojaː],ウボヤー,名
[⸣ʔuboŋ],ウボン,名
[⸣ʔubonʣara],ウボンザラ,名
[⸣ʔubondama],ウボンダマ,名
[⸣ʔuma],ウマ,代
[⸣ʔuma],ウマ,代
[⸣ʔumaː],ウマー,連
[ʔu⸢maː⸣kamaː],ウマーカマー,代
[ʔu⸢maʔarakikamaʔara⸣ki],ウマアラキカマアラキ,連・副
[ʔu⸢maʃiːkama⸣ʃiː],ウマシーカマシー,連
[ʔu⸢masï̥katti⸣ ka⸢masï̥kat⸣ti],ウマシゥカッティカマシゥカッティ,句
[ʔu⸢manaʃikama⸣naʃi],ウマナシカマナシ,連
[ʔu⸢manadikama⸣nadi],ウマナディカマナディ,連・副
[ʔu⸢manarikama⸣nari],ウマナリカマナリ,連・副
[ʔu⸢ma⸣nu ⸣maːraː],ウマヌマーラー,連
[ʔu⸢maparikama⸣pari],ウマパリカマパリ,連・副
[ʔu⸢mamiː⸣ ka⸢ma⸣miː],ウマミーカマミー,連
[ʔu⸢mamiːkama⸣miː],ウマミーカマミー,連・副
[ʔu⸢mamirikama⸣miri],ウマミリカマミリ,連・副
[⸣ʔumaŋkamaŋ],ウマンカマン,連
[⸣ʔumanta],ウマンタ,代
[ʔu⸢manʧu],ウマンチュ,名
[⸣ʔumi],ウミ,名
[⸣ʔumiʔiʃi],ウミイシ,名
[⸣ʔumiʔiʃi],ウミイシ,名
[ʔu⸢mi⸣kaʤi],ウミカジ,名
[ʔu⸢mi⸣ki],ウミキ,名
[ʔu⸢miʣara⸣ʃi],ウミザラシ,名
[ʔumi⸢naːku],ウミナーク,副
[ʔumi⸢naːku suŋ],ウミナークスン,連
[ʔu⸢muː⸣ta ⸢tuː⸣ru],ウムータトゥール,連
[⸣ʔumuːmuti],ウムームティ,副
[⸣ʔumuːŋ],ウムーン,他動
[⸣ʔumuːŋ],ウムーン,他動
[⸣ʔumui],ウムイ,名
[⸣ʔumui],ウムイ,名
[ʔu⸢muiʔata⸣ruŋ],ウムイアタルン,自動
[ʔu⸢muikaː⸣mui],ウムイカームイ,連・副
[ʔu⸢muikai⸣suŋ],ウムイカイスン,他動
[ʔu⸢muigaka⸣ri],ウムイガカリ,名
[ʔu⸢mui⸣ki̥ʃi],ウムイキシ,名
[ʔu⸢mui⸣ki̥ʃi],ウムイキシ,副
[ʔu⸢mui⸣ki̥suŋ],ウムイキスン,他動
[ʔu⸢mui⸣ki̥suŋ],ウムイキスン,他動
[ʔu⸢muikugari⸣ruŋ],ウムイクガリルン,自動
[ʔu⸢muikuga⸣ruŋ],ウムイクガルン,自動
[ʔu⸢mui⸣kumuŋ],ウムイクムン,自動・他動
[ʔu⸢muiʣa⸣suŋ],ウムイザスン,他動
[ʔu⸢mui⸣ʃigi],ウムイシギ,名
[ʔu⸢mui⸣su̥kuŋ],ウムイスクン,自動
[ʔu⸢mui⸣tatuŋ],ウムイタトゥン,他動
[ʔu⸢mui⸣daruŋ],ウムイダルン,自動
[ʔu⸢mui⸣ʦaːŋ],ウムイツァーン,形
[ʔu⸢mui⸣ʦamuŋ],ウムイツァムン,他動
[ʔu⸢muiʦumi⸣ruŋ],ウムイツミルン,他動
[ʔu⸢mui⸣ʦumuŋ],ウムイツムン,他動
[ʔu⸢mui⸣tu ʔa⸢taranu],ウムイトゥアタラヌ,連
[ʔu⸢muituduma⸣ruŋ],ウムイトゥドゥマルン,他動
[ʔu⸢muitudumi⸣ruŋ],ウムイトゥドゥミルン,他動
[ʔu⸢mui⸣naʔumuina],ウムイナウムイナ,副
[ʔu⸢muinaga⸣suŋ],ウムイナガスン,他動
[ʔu⸢muina⸣suŋ],ウムイナスン,他動
[ʔu⸢muinuka⸣suŋ],ウムイヌカスン,他動
[ʔu⸢nui⸣nu ⸢tuː⸣ru],ウムイヌトゥール,連
[ʔu⸢mui⸣nuɸuka],ウムイヌフカ,副
[ʔu⸢muinoː⸣suŋ],ウムイノースン,他動
[ʔu⸢mui⸣buri],ウムイブリ,名
[⸣ʔumui ⸢buŋ],ウムイブン,連
[⸣ʔumui ⸢buŋ],ウムイブン,連
[ʔu⸢mui⸣munu],ウムイムヌ,名
[ʔu⸢mui⸣jami],ウムイヤミ,名
[ʔu⸢muiʔnʣaʃi⸣ffa],ウムインザシッふァ,名
[ʔu⸢muiʔnʣaʃimaː⸣ki],ウムインザシマーキ,連
[ʔu⸢muiʔnʣa⸣suŋ],ウムインザスン,他動
[ʔu⸢mu⸣kaː],ウムカー,名
[ʔu⸢mu⸣kagi],ウムカギ,名
[ʔu⸢mu⸣kaʤi],ウムカジ,名
[ʔu⸢mu⸣kutu],ウムクトゥ,名
[ʔu⸢mu⸣kutu ⸢naːm⸣ munu],ウムクトゥナーンムヌ,連
[ʔu⸢muʃi],ウムシ,名
[ʔu⸢mu⸣ʤi],ウムジ,名
[ʔumu⸢ʤeː⸣ma],ウムジェーマ,名
[ʔu⸢mu⸣ʃiru],ウムシル,連体
[ʔu⸢mu⸣ʃiru],ウムシル,連体
[ʔu⸢mu⸣ʃirumunu],ウムシルムヌ,名
[ʔu⸢mu⸣taː],ウムター,固
[ʔu⸢mus⸣sa ⸢suŋ],ウムッサスン,連
[ʔu⸢mus⸣saŋ],ウムッサン,形
[ʔu⸢mu⸣ti],ウムティ,名
[ʔu⸢mu⸣ti],ウムティ,名
[ʔu⸢mu⸣ti ⸣ʃimuŋ],ウムティシムン,連
[ʔu⸢mu⸣tu],ウムトゥ,固
[ʔu⸢mu⸣tudaki],ウムトゥダキ,固
[ʔu⸢mu⸣naː],ウムナー,名
[ʔu⸢mu⸣nai ʔi⸢ruŋ],ウムナイイルン,連
[ʔu⸢muniː],ウムニー,名
[ʔu⸢muri],ウムリ,名
[ʔu⸢mu⸣ru],ウムル,名
[ʔu⸢munʣuŋ],ウムンズン,他動
[ʔu⸢moː⸣ʣaharaːʣa],ウモーザハラーザ,副
[ʔu⸢moː⸣riŋ],ウモーリン,自動
[ʔu⸢moːm⸣munu ʔu⸢moː⸣ʃi],ウモーンムヌウモーシ,慣
[⸣ʔuja],ウヤ,名
[ʔu⸢jaːgiruŋ],ウヤーギルン,他動
[ʔu⸢jaːsuŋ],ウヤースン,他動
[ʔu⸢jaːbi],ウヤービ,名
[⸣ʔujaːraː],ウヤーラー,名
[ʔu⸢jaː⸣rikajaːri],ウヤーリカヤーリ,名
[ʔu⸢jaː⸣ruŋ],ウヤールン,自動
[ʔu⸢jaːnʧi⸣ʣuŋ],ウヤーンチズン,他動
[ʔu⸢jaːn⸣ʦuŋ],ウヤーンツン,他動
[ʔu⸢ja⸣uʃi],ウヤウシ,名
[⸣ʔujaumui],ウヤウムイ,名
[⸣ʔujakaːru],ウヤカール,名
[ʔu⸢ja⸣kḁta],ウヤカタ,名
[⸣ʔujagami],ウヤガミ,名
[ʔu⸢ja⸣ki],ウヤキ,名
[ʔu⸢ja⸣kiʔakahaʧi],ウヤキアカハチ,固
[ʔu⸢ja⸣ki ⸢suŋ],ウヤキスン,連
[ʔu⸢ja⸣kipanʤoː],ウヤキパンジョウ,名
[ʔu⸢ja⸣kiɸu̥kuʤiŋ],ウヤキフクジン,名
[ʔu⸢ja⸣kipu̥su],ウヤキプス,名
[ʔu⸢ja⸣kimiŋ],ウヤキミン,名
[ʔu⸢ja⸣kijaː],ウヤキヤー,名
[⸣ʔujakjoːdai],ウヤキョーダイ,名
[ʔu⸢ja⸣guni],ウヤグニ,名
[⸣ʔujagwansu],ウヤグヮンス,名
[⸣ʔujakoːkoː],ウヤコーコー,名
[ʔu⸢ja⸣ʣa],ウヤザ,名
[ʔu⸢jaʣa⸣nu ⸢niŋ⸣gai],ウヤザヌニンガイ,連
[ʔu⸢jaʣa⸣nupana],ウヤザヌパナ,名
[ʔu⸢ja⸣ʣajama],ウヤザヤマ,名
[ʔu⸢ja⸣ʤima],ウヤジマ,名
[ʔu⸢jaf⸣fa],ウヤッふァ,名
[ʔu⸢jaffa⸣nu sḁ⸢kaʃi̥ki],ウヤッふァヌサカシキ,連
[⸣ʔujatiŋ f⸢fa⸣tiŋ],ウヤティンッふァティン,連
[ʔu⸢ja⸣duru],ウヤドゥル,名
[⸣ʔujatuŋ f⸢fa⸣tuŋ],ウヤトゥンッふァトゥン,連
[ʔu⸢ja⸣nu ⸢kui⸣ja ⸢kan⸣nu ⸣kui],ウヤヌクイヤカンヌクイ,文
[ʔu⸢ja⸣nu pu⸢rimunu],ウヤヌプリムヌ,連
[ʔu⸢ja⸣nu pu⸢rimunu⸣ f⸢faʧikuʃoː],ウヤヌプリムヌッふァチクショー,成
[ʔu⸢ja⸣numai],ウヤヌマイ,名
[ʔu⸢ja⸣nujaː],ウヤヌヤー,名
[⸣ʔujapaːbuʤi],ウヤパーブジ,名
[ʔu⸢ja⸣bi],ウヤビ,名
[ʔu⸢japjuː⸣ru],ウヤピュール,名
[⸣ʔujaɸu̥koː],ウヤフコー,名
[ʔu⸢ja⸣pusu],ウヤプス,名
[ʔu⸢japu̥su⸣numai],ウヤプスヌマイ,名
[⸣ʔuja bu⸢raːnffa],ウヤブラーンッふァ,連
[ʔu⸢ja⸣buŋ],ウヤブン,名
[ʔu⸢jamaː⸣ru],ウヤマール,名
[ʔu⸢jamaikutuba],ウヤマイクトゥバ,名
[ʔu⸢jamairuŋ],ウヤマイルン,他動
[ʔu⸢jamauŋ],ウヤマウン,他動
[ʔu⸢jamasa⸣ri],ウヤマサリ,名
[ʔu⸢jami⸣sa],ウヤミサ,名
[ʔu⸢jamu⸣tu],ウヤムトゥ,名
[ʔu⸢ja⸣mura],ウヤムラ,名
[⸣ʔujajuʣuri],ウヤユズリ,名
[⸣ʔujaŋgasa],ウヤンガサ,名
[⸣ʔujaŋkeː],ウヤンケー,名
[ʔu⸢jaŋ⸣jaː],ウヤンヤー,名
[ʔu⸢jubuŋ],ウユブン,自動
[ʔu⸢jubuŋ],ウユブン,自動
[⸣ʔujoːŋgasa],ウヨーンガサ,名
[⸣ʔujoːndaː],ウヨーンダー,名
[⸣ʔura],ウラ,名
[⸣ʔura],ウラ,名
[⸣ʔura],ウラ,名
[⸣ʔura],ウラ,代
[⸣ʔuraː ʔu⸢mu⸣ti ⸣nasuŋ],ウラーウムティナスン,連
[⸣ʔuraː ʔu⸢mu⸣ti ⸣nasuŋ],ウラーウムティナスン,連
[ʔuraːu⸢raː⸣ʃi],ウラーウラーシ,副
[⸣ʔuraː ⸢maːmuti],ウラーマームテイ,連
[ʔu⸢raːmi⸣sa ⸢suŋ],ウラーミサスン,連
[ʔu⸢raːmi⸣saŋ],ウラーミサン,形
[ʔu⸢raːnta⸣muni],ウラーンタムニ,名
[⸣ʔuraʔumuti],ウラウムティ,名
[ʔu⸢ragai⸣suŋ],ウラガイスン,他動
[ʔu⸢ra⸣gui],ウラグイ,名
[ʔu⸢ra⸣ʣa],ウラザ,名
[ʔu⸢ra⸣suŋ],ウラスン,他動
[ʔu⸢rasuŋ],ウラスン,他動
[ʔu⸢ra⸣suŋ],ウラスン,他動
[ʔu⸢ra⸣suŋ],ウラスン,他動
[ʔu⸢ra⸣suŋ],ウラスン,他動
[ʔu⸢ra⸣suŋ],ウラスン,他動
[ʔu⸢ra⸣hara],ウラハラ,名
[ʔu⸢ra⸣mi],ウラミ,名
[ʔu⸢rami⸣ruŋ],ウラミルン,他動
[ʔu⸢ra⸣muni],ウラムニ,名
[ʔu⸢ra⸣muŋ],ウラムン,他動
[ʔu⸢ra⸣moːruŋ],ウラモールン,他動
[ʔu⸢raŋgai⸣ʃi],ウランガイシ,名
[ʔu⸢ranʣa⸣ki],ウランザキ,名
[ʔu⸢ran⸣ta],ウランタ,名
[ʔu⸢ran⸣ta],ウランタ,名
[ʔu⸢ranta⸣jaː],ウランタヤー,固
[ʔu⸢ri],ウリ,代
[ʔu⸢ri],ウリ,代
[ʔu⸢ri],ウリ,代
[⸢ʔu⸣ri],ウリ,感
[ʔu⸢riː⸣gutu],ウリーグトゥ,名
[⸣ʔuriːʃuŋgi],ウリーシュンギ,名
[ʔu⸢ri⸣kaː],ウリカー,名
[ʔu⸢ri⸣kaʤi],ウリカジ,名
[ʔu⸢ri⸣kari],ウリカリ,名
[ʔu⸢ri kaŋ⸣gai ku⸢ri kaŋ⸣gai],ウリカンガイクリカンガイ,連
[ʔu⸢ri⸣kuri],ウリクリ,名
[ʔu⸢riʃiː⸣ ka⸢riʃiː],ウリシーカリシー,連
[ʔu⸢rida⸣ʧi],ウリダチ,名
[ʔu⸢ritiba kuitiba],ウリティバクイテイバ,連
[ʔu⸢rituŋ],ウリトゥン,連
[⸣ʔurinuːri],ウリヌーリ,名
[⸣ʔurinuːri],ウリヌーリ,名
[⸣ʔuriçaː],ウリヒャー,感
[⸣ʔuriçaː ⸣ʔuriçaː],ウリヒャーウリヒャー,連
[ʔu⸢ri⸣miʧi],ウリミチ,名
[ʔu⸢rijoːkuri⸣joː],ウリヨークリヨー,名
[ʔu⸢ri⸣ruŋ],ウリルン,自動
[ʔu⸢ri⸣ruŋ],ウリルン,自動
[ʔu⸢riŋ⸣ kuriŋ],ウリンクリン,連
[ʔu⸢rinʦaŋ],ウリンツァン,副
[ʔu⸢rinʦaŋ],ウリンツァン,副
[ʔu⸢ruʃi⸣maki],ウルシマキ,名
[ʔu⸢ru⸣ʣuŋ],ウルズン,名
[ʔu⸢ru⸣nauŋ],ウルナウン,他動
[ʔu⸢ruputu⸣ki],ウルプトゥキ,名
[⸣ʔuruŋ],ウルン,自動
[ʔu⸢ruŋ],ウルン,他動
[ʔureː],ウレー,連
[ʔu⸢reː⸣ra],ウレーラ,連
[ʔu⸢reː⸣ra],ウレーラ,連
[ʔu⸢reː⸣raŋ],ウレーラン,連
[ʔuroː⸢ʔuroː⸣ʃi],ウローウローシ,副
[⸣ʔuroi],ウロイ,名
[ʔu⸢waːrasuŋ],ウワーラスン,他動
[ʔu⸢waːri],ウワーリ,名
[ʔu⸢waːriŋgata],ウワーリンガタ,名
[ʔu⸢waːruŋ],ウワールン,自動
[ʔu⸢waːruŋ],ウワールン,他動
[ʔuŋ],ウン,名
[⸣ʔuŋ],ウン,名
[⸣ʔuŋ],ウン,名
[⸢ʔuŋ],ウン,名
[⸢ʔuŋ],ウン,名
[⸣ʔuŋ ⸢kai⸣suŋ],ウンカイスン,連
[⸣ʔuŋ ⸣kabuŋ],ウンカブン,連
[⸢ʔuŋki],ウンキ,名
[⸢ʔuŋki⸣ ku⸢ra⸣suŋ],ウンキクラスン,連
[⸢ʔuŋkikuri⸣pu̥su],ウンキクリプス,名
[⸢ʔuŋki⸣ kuruŋ],ウンキクルン,連
[⸢ʔuŋkiniŋ⸣gai],ウンキニンガイ,名
[ʔuŋ⸢kiri],ウンキリ,副
[⸢ʔuŋ⸣ku],ウンク,名
[⸢ʔunʣa],ウンザ,代
[⸢ʔunʣakanʣa],ウンザカンザ,代
[⸢ʔunʣammeː],ウンザンメー,代
[⸢ʔuŋʃiː],ウンシー,名
[⸢ʔuntaː],ウンター,名
[⸢ʔun⸣tama],ウンタマ,名
[⸢ʔuntamagiː⸣ru],ウンタマギール,固
[⸢ʔun⸣ʧuː],ウンチュー,名
[⸢ʔunʧiŋ],ウンチン,名
[⸣ʔunʦai],ウンツァイ,名
[⸢ʔun⸣diru],ウンディル,名
[⸢ʔundoːreː],ウンドーレー,副
[⸢ʔun⸣na],ウンナ,接
[⸢ʔun⸣na],ウンナ,連体
[⸢ʔun⸣nakanna],ウンナカンナ,連体
[⸢ʔun⸣nakunna],ウンナクンナ,連
[⸢ʔun⸣na ⸣munu],ウンナムヌ,連
[⸣ʔunnari ⸢ʣaːn⸣nari],ウンナリザーンナリ,成
[⸣ʔunnari ⸢ʣaːn⸣nari],ウンナリザーンナリ,成
[⸢ʔunnu⸣iː],ウンヌイー,名
[⸢ʔunnu⸣kai],ウンヌカイ,名
[⸢ʔunnu⸣kaʣa],ウンヌカザ,名
[⸢ʔunnu⸣kaʃi],ウンヌカシ,名
[⸢ʔunnu⸣kuʣi],ウンヌクジ,名
[⸢ʔunnu⸣kuʤitimpura],ウンヌクジティンプラ,名
[⸢ʔunnu⸣kuʤibutturu],ウンヌクジブットゥル,名
[⸢ʔunnuʤibuŋ],ウンヌジブン,連
[⸢ʔun⸣nu ⸣ʃira],ウンヌシラ,連
[⸢ʔun⸣nuʃiru],ウンヌシル,名
[⸢ʔun⸣nuʃiru],ウンヌシル,名
[⸢ʔunnu⸣ʃiru],ウンヌシル,名
[⸢ʔun⸣nu ⸣ʃiru],ウンヌシル,連
[⸢ʔun⸣nu ⸣ʃiru],ウンヌシル,連
[⸢ʔunnu suː⸣waŋ],ウンヌスーワン,文
[⸢ʔunnu suː⸣waŋ],ウンヌスーワン,文
[⸢ʔunnudaː⸣ki],ウンヌダーキ,名
[⸢ʔun⸣nu ⸢niːʤiru],ウンヌニージル,連
[⸢ʔunnu⸣paː],ウンヌパー,名
[⸢ʔunnu⸣paːʣuːʃi],ウンヌパーズーシ,名
[⸢ʔunnu⸣basu],ウンヌバス,連
[⸢ʔunnu⸣ piŋ],ウンヌピン,連
[⸢ʔunnu⸣piŋ],ウンヌピン,連
[⸢ʔunnu maːraː],ウンヌマーラー,連
[⸢ʔunnumiː⸣su],ウンヌミース,名
[⸢ʔunnu⸣muʧi],ウンヌムチ,名
[⸢ʔun⸣ne],ウンネ,名
[⸢ʔun⸣ne],ウンネ,名
[⸢ʔumbakaʃi⸣ʤibuŋ],ウンバカシジブン,名
[⸢ʔumpaŋ⸣ʃiŋ],ウンパンシン,名
[⸣ʔumputuki],ウンプトゥキ,名
[⸢ʔummagaː⸣ta],ウンマガータ,名
[⸣ʔu⸢misaku],ウンミサク,名
[⸢je⸣~ʔe⸣ː],エー,感
[⸢ʔe⸣ː⸢ʔe⸣ː~⸢je⸣ː⸢je⸣ː],エーエー,感
[⸢ʔeːʤi],エージ,名
[ʔe⸢ːʔ~je⸢ːʔ],エーッ,感
[⸣ʔeŋ],エン,名
[⸣jentuʃi],エントゥシ,名
[⸢jentoʦu],エントツ,名
[⸣ʔoː],オー,名
[⸢ʔo⸣ː],オー,感
[⸢ʔoː],オー,感
[⸢ʔoːkaː],オーカー,名
[⸢ʔoːkakuʧi],オーカクチ,名
[⸣ʔoːkamaː],オーカマー,名
[⸢ʔoːku],オーク,名
[⸢ʔoːkuː],オークー,名
[⸣ʔoːkurasaː],オークラサー,名
[⸣ʔoːsaː],オーサー,名
[⸢ʔoː⸣saːra],オーサーラ,名
[⸢ʔoːsakaː⸣sa],オーサカーサ,名
[⸢ʔoː⸣ʣamma],オーザンマ,名
[⸢ʔoː⸣ʃeː],オーシェー,名
[⸢ʔoːʃiki],オーシキ,名
[⸢ʔoːʃiba],オーシバ,名
[⸢ʔoːʃimunu],オーシムヌ,名
[⸢ʔoːʃimunu],オーシムヌ,名
[⸢ʔoːʤiru],オージル,名
[⸢ʔoːʃiruŋ],オーシルン,他動
[⸢ʔoːsu̥⸣ku],オースク,名
[⸢ʔoː⸣suŋ],オースン,他動
[⸢ʔoː⸣suŋ],オースン,他動
[⸢ʔoːsuŋ],オースン,他動
[⸢ʔoːsuŋ],オースン,補動
[⸢ʔoː⸣suŋ],オースン,他動
[⸢ʔoːsuŋ],オースン,他動
[⸢ʔoːsoː⸣ruŋ],オーソールン,他動
[⸢ʔoːdaŋ],オーダン,名
[ʔoː⸢naː⸣ma],オーナーマ,名
[ʔoː⸢na⸣maː],オーナマー,名
[⸢ʔoːnaru],オーナル,名
[⸢ʔoːnarukaː⸣naru],オーナルカーナル,名
[⸢ʔoːnaru suŋ],オーナルスン,連
[⸢ʔoːnanʤaː],オーナンジャー,名
[⸢ʔoːniː],オーニー,名
[⸢ʔoːnuːru],オーヌール,名
[⸢ʔoː⸣nuʔaba],オーヌアバ,名
[⸢ʔoː⸣nu ʔiː],オーヌイー,名
[⸢ʔoː⸣nu ⸣ʃiː],オーヌシー,連
[⸢ʔoː⸣nu ⸢ʃiː],オーヌシー,連
[⸢ʔoː⸣nu ⸢ʃiː⸣ʃi],オーヌシーシ,連
[⸢ʔoː⸣nu ⸣suː],オーヌスー,連
[⸢ʔoː⸣nussu],オーヌッス,感
[⸢ʔoː⸣nuffa],オーヌッふァ,名
[⸢ʔoː⸣nubatanu ⸢ʃiːmunu],オーヌバタヌシームヌ,連
[⸢ʔoː⸣nu ⸢pan⸣nu ⸣suː],オーヌパンヌスー,連
[⸢ʔoː⸣nu ⸢maki],オーヌマキ,連
[⸢ʔoː⸣nujaː],オーヌヤー,名
[⸢ʔoː⸣nujaː],オーヌヤー,名
[⸢ʔoː⸣nu ja⸢kata⸣buni],オーヌヤカタブニ,連
[⸢ʔoːpaː],オーパー,名
[⸢ʔoːpaː],オーパー,名
[⸢ʔoːbata],オーバタ,名
[⸢ʔoːpa⸣jaː],オーパヤー,副
[⸢ʔoːpini],オーピニ,名
[⸢ʔoːbu],オーブ,名
[⸢ʔoːma⸣ʧi],オーマチ,名
[⸢ʔoːjuda],オーユダ,名
[⸢ʔoːraː],オーラー,名
[⸢ʔoːraːmaːreː],オーラーマーレー,名
[⸢ʔoːrariŋ],オーラリン,自動
[⸢ʔoː⸣ri ta⸢boː⸣ri],オーリタボーリ,連
[⸢ʔoːriruŋ],オーリルン,自動
[⸢ʔoːriŋ],オーリン,自動
[⸢ʔoːriŋ],オーリン,自動
[⸢ʔoː⸣ruŋ],オールン,自動
[⸢ʔoː⸣ruŋ],オールン,補動
[⸢ʔoːŋgi],オーンギ,名
[⸢ʔoːŋguroː⸣ŋ],オーングローン,形
[ʔo⸢ʃiʔita],オシイタ,名
[ʔo⸢ʃi⸣ʔire],オシイレ,名
[⸢ʔoʃi̥ki],オシキ,名
[ʔot⸢ti⸣ ka⸢mi⸣ruŋ],オッティカミルン,連
[⸢ʔoŋgaki],オンガキ,名
[⸢ʔoŋ⸣gi],オンギ,名
[⸢ʔoŋgi⸣duru],オンギドゥル,名
[⸢ʔoŋgi⸣nu ka⸢ʤi],オンギヌカジ,連
[⸢ʔoŋgibudu⸣ru],オンギブドゥル,名
[⸢ʔoŋ⸣guŋ],オングン,他動
[⸣ʔoŋkeː],オンケー,名
[⸣ʔoŋkeːnu ⸣koi],オンケーヌコイ,連
[⸣ʔondaː],オンダー,名
[⸣ʔondaː ⸢suŋ],オンダースン,連
[⸢ʔon⸣deː],オンデー,名
[⸣ʔompuːru],オンプール,名
[⸢ka],カ,助数
[⸣-ka],カ,終助
[⸣-ka],カ,終助
[⸣-ka],カ,終助
[⸣-ka],カ,終助
[ga],ガ,格助
[⸣kaː],カー,名
[⸢kaː],カー,名
[⸣-kaː],カー,接助
[⸣-kaː],カー,接助
[⸣-kaː],カー,接助
[⸣-kaː],カー,接助
[⸣-kaː],カー,接助
[⸣-kaː],カー,接助
[⸣kaː],カー,助数
[⸣gaː],ガー,名
[⸣gaː],ガー,名
[⸢gaː⸣ga],ガーガ,名
[⸢gaː⸣ga],ガーガ,名
[⸢gaː⸣ga],ガーガ,名
[⸢kaː⸣gaː],カーガー,名
[⸣kaːkabeːmuŋ],カーカベームン,名
[⸢kaː⸣ki],カーキ,名
[⸢kaː⸣ki],カーキ,名
[⸢kaːgi],カーギ,名
[⸢gaː⸣ki],ガーキ,接尾
[⸢kaːki⸣munu],カーキムヌ,名
[⸢gaː⸣gu],ガーグ,名
[⸢gaː⸣gu ⸢suŋ],ガーグスン,連
[⸢kaː⸣kuŋ],カークン,自動
[⸢kaː⸣kuŋ],カークン,自動
[⸢gaːsagaːsa],ガーサガーサ,副
[⸣kaːsaba],カーサバ,名
[⸢kaːʣarai],カーザライ,名
[⸢gaːsaragoː⸣sara],ガーサラゴーサラ,副
[⸢kaːsariŋ],カーサリン,自動
[⸢kaːsariŋ],カーサリン,自動
[kaː⸢ʤi],カージ,接尾
[⸢kaːʃi-kisuŋ],カーシ・キスン,他動
[⸢kaːʃi̥ki],カーシキ,名
[⸢kaːʃinukaru],カーシヌカル,名
[⸢kaːʃipu̥su],カーシプス,名
[⸢kaːʃimunu],カーシムヌ,名
[⸣gaːʣuː],ガーズー,名
[⸣gaːsuːbu],ガースーブ,名
[⸣gaːʣuːmunu],ガーズームヌ,名
[⸢gaːʣuː⸣waŋ],ガーズーワン,形
[⸢kaːsuŋ],カースン,他動
[⸢kaːsoː⸣ruŋ],カーソールン,他動
[⸢kaːda],カーダ,名
[⸣gaː tḁ⸢ti⸣ruŋ],ガータティルン,連
[⸣gaː ⸣tḁtuŋ],ガータトゥン,連
[⸢kaː⸣ʧiː],カーチー,名
[⸢kaːʧiː⸣bai],カーチーバイ,名
[⸢kaːʧiːjabu⸣ri],カーチーヤブリ,名
[⸢kaːp⸣pari],カーッパリ,名
[⸢gaːffaːnʤibuŋ],ガーッふァーンジブン,名
[⸢gaːtuffaː⸣tu],ガートゥッふァートゥ,名
[⸢gaː⸣dureː],ガードゥレー,名
[kaː⸢naː],カーナー,終助
[⸣gaː ⸢naːm⸣munu],ガーナーンムヌ,連
[kaː⸢ni],カーニ,副助
[kaː⸢ni],カーニ,副助
[kaː⸢ni],カーニ,副助
[kaː⸢ni],カーニ,副助
[kaː⸢ni],カーニ,副助
[kaː⸢ni],カーニ,副助
[kaː⸢ni],カーニ,副助
[kaː⸢ni],カーニ,副助
[kaː⸢ni],カーニ,副助
[kaː⸢ni],カーニ,副助
[kaː⸢ni],カーニ,副助
[⸢gaː⸣nuː],ガーヌー,名
[⸢kaːnu⸣ si̥ka],カーヌシゥカ,連
[⸢kaːnu su̥kunu ʔau⸣ta],カーヌスクヌアウタ,成
[⸢kaːnu niŋ⸣gai],カーヌニンガイ,連
[⸢kaːnupata],カーヌパタ,連
[⸢kaːnu⸣ pḁ⸢ta],カーヌパタ,連
[⸣gaːpaʤiŋ],ガーパジン,名
[⸢gaːpatakkari],ガーパタッカリ,名
[⸢kaː⸣bari],カーバリ,名
[⸢gaːpari⸣munu],ガーパリムヌ,名
[⸣kaː pa⸢ruŋ],カーパルン,連
[⸣gaː ⸣paruŋ],ガーパルン,連
[⸣gaː pa⸢ruŋ],ガーパルン,連
[⸢kaːɸu̥⸣kubi],カーフクビ,名
[⸢kaːɸukura⸣beː],カーフクラベー,名
[⸣kaːpuʣoː],カープゾー,名
[⸢kaːbu⸣ʧi],カーブチ,名
[⸢kaː⸣bujaː],カーブヤー,名
[⸢gaːɸurakki],ガーフラッキ,名
[⸣gaː bu⸢ri⸣ruŋ],ガーブリルン,連
[⸣gaːburuʔusumai],ガーブルウスマイ,名
[⸢gaːburugaːburu],ガーブルガーブル,名
[⸣gaːburuŋ],ガーブルン,自動
[kaː⸢ma],カーマ,副
[kaː⸢ma],カーマ,副
[kaː⸢ma],カーマ,副
[kaː⸢ma],カーマ,連体
[kaː⸢ma],カーマ,名
[⸣kaːmaːru],カーマール,名
[⸣kaːmai],カーマイ,名
[kaː⸢ma tuːsa],カーマトゥーサ,連
[kaː⸢ma⸣ mu⸢ka⸣ʃi],カーマムカシ,連
[⸣kaːmiː],カーミー,名
[⸢kaːmi⸣ruŋ],カーミルン,他動
[⸣kaːmuʧi],カームチ,名
[⸢kaː⸣meʣaː],カーメザー,名
[⸢kaːra],カーラ,名
[⸢kaː⸣ra],カーラ,名
[⸢kaː⸣ra],カーラ,名
[⸢gaː⸣ra],ガーラ,名
[⸢kaːraiʃi],カーライシ,名
[⸢kaːrakaːra⸣ʃi],カーラカーラシ,副
[⸢kaːrakasuŋ],カーラカスン,他動
[⸢kaːrakuŋ],カーラクン,自動
[⸢kaːra⸣ʃi̥ki],カーラシキ,名
[⸢kaː⸣radaki],カーラダキ,固
[⸢gaː⸣radama],ガーラダマ,名
[⸢kaːranu⸣ pḁ⸢ta],カーラヌパタ,連
[⸢kaː⸣rajaː],カーラヤー,名
[⸢kaː⸣rajaːnu tu⸢raː⸣ma],カーラヤーヌトゥラーマ,連
[⸢kaː⸣rajanuʔamma],カーラヤヌアンマ,名
[⸢gaː⸣ri],ガーリ,名
[⸢gaːri⸣ʔuta],ガーリウタ,名
[⸢kaːrikata],カーリカタ,名
[⸢kaːru],カール,名
[⸢kaːru],カール,名
[⸢kaːru],カール,名
[⸢kaːrukaː⸣ru],カールカール,副
[⸢kaːruŋ],カールン,自動
[⸢kaːruŋ],カールン,自動
[⸢gaː⸣ruŋ],ガールン,自動
[⸢gaː⸣ruŋ],ガールン,自動
[⸢kaː⸣reː],カーレー,固
[⸢kaː⸣reʣaː],カーレザー,名
[⸢kaː⸣redondoŋ],カーレドンドン,名
[⸢gaːŋkaːŋ],ガーンカーン,副
[⸢gaːŋgaːŋ],ガーンガーン,副
[⸢kaːŋgu],カーング,名
[⸢gaːmpataːŋ],ガーンパターン,副
[⸢kaːmpata⸣jaː],カーンパタヤー,固
[⸢kai],カイ,名
[⸣kai],カイ,副
[⸣kai],カイ,名
[⸢kai],カイ,名
[⸢kai],カイ,名
[⸢kai],カイ,接頭
[⸢kai],カイ,接頭
[⸣gai],ガイ,名
[⸣gai],ガイ,名
[⸢gai],ガイ,名
[⸢gai],ガイ,名
[⸢gai],ガイ,名
[kaiː⸢kai],カイーカイ,副
[kaiː⸢kai⸣ʃi],カイーカイシ,副
[kaiː⸢kainu],カイーカイヌ,連体
[⸢kaiʔoʃi̥⸣ki],カイオシキ,名
[⸢kaikasa⸣muŋ],カイカサムン,他動
[⸢kai⸣ki],カイキ,名
[⸢kai⸣ki̥ʃikiŋ],カイキシキン,名
[⸢kaiki̥ʃikiŋ],カイキシキン,名
[⸢kaiki̥suŋ],カイキスン,他動
[⸢kai⸣ki̥suŋ],カイキスン,他動
[⸢kai⸣ku],カイク,名
[⸢kaikumuŋ],カイクムン,他動
[⸢kaikuru⸣buŋ],カイクルブン,自動
[⸢kaikuŋ],カイクン,名
[⸢kaikuŋ],カイクン,名
[⸢kai⸣ʃi],カイシ,名
[⸢kai⸣ʃi],カイシ,名
[⸢kai⸣ʃi],カイシ,名
[⸢kaiʃi⸣ʔuŋ],カイシウン,名
[⸢ka⸣iʃeːmaːʃeː],カイシェーマーシェー,副
[⸢kaiʃikai⸣ʃi],カイシカイシ,副
[⸢kaiʃi⸣kaʤi],カイシカジ,名
[⸢kaiʃi̥ki⸣ʤiŋ],カイシキジン,名
[⸢kaiʃina⸣ta],カイシナタ,名
[⸢kaiʃi⸣ɸu̥ʧi],カイシフチ,名
[⸢kai⸣ʃimaː],カイシマー,名
[⸢kai⸣ʃimuduʃi],カイシムドゥシ,名
[⸣kaiʤoː],カイジョー,名
[⸢kai⸣ʃira],カイシラ,名
[⸢kai⸣ʤiŋ],カイジン,名
[⸢kai⸣suŋ],カイスン,他動
[⸢kai⸣suŋ],カイスン,他動
[⸢kai⸣suŋ],カイスン,他動
[⸢kai⸣suŋ],カイスン,他動
[⸢kai⸣suŋ],カイスン,他動
[⸢kai⸣suŋ],カイスン,他動
[⸢kai⸣suŋ],カイスン,他動
[⸢gai suŋ],ガイスン,連
[⸢gai suŋ],ガイスン,連
[⸢kaisuŋ⸣guri],カイスングリ,名
[⸢kaiʣoːʤi],カイゾージ,名
[⸢kaidaːʤiː],カイダージー,名
[⸢kai⸣daki],カイダキ,名
[⸢kai⸣tabi],カイタビ,名
[⸢kaidaŋ],カイダン,名
[⸢kait⸣turuŋ],カイットゥルン,他動
[⸢kai⸣teː],カイテー,副
[⸢kai⸣tu̥ki],カイトゥキ,名
[⸢kaituna⸣ru],カイトゥナル,名
[⸢kai⸣turuŋ],カイトゥルン,他動
[⸢kai⸣na],カイナ,名
[⸣kainaka],カイナカ,名
[⸢kaina⸣dari],カイナダリ,名
[⸣kaini],カイニ,副
[⸢kai⸣nuki ⸢maːnuki],カイヌキマーヌキ,連
[⸢kainu⸣ ʃiru],カイヌシル,連
[⸢kaipjuː⸣ru],カイピュール,名
[⸣kaibu],カイブ,連体
[kai⸢bu⸣ʦa],カイブツァ,連体
[⸢kaimaː⸣su],カイマース,名
[⸢kai⸣mari],カイマリ,名
[⸢kai⸣miʤi],カイミジ,名
[⸢kaimiʧi],カイミチ,名
[⸢kai⸣miʧi],カイミチ,名
[⸢kai⸣muni],カイムニ,名
[⸢kaimunu],カイムヌ,名
[⸢kaimunukagu],カイムヌカグ,名
[⸣kaijaː],カイヤー,副
[gai⸢jaː⸣ma],ガイヤーマ,名
[⸢kai⸣jakiŋ],カイヤキン,名
[⸢kai⸣jawareː],カイヤワレー,感
[⸢kai⸣jaŋ],カイヤン,形
[⸢kai⸣jaŋ],カイヤン,形
[⸢kai⸣jaŋ],カイヤン,形
[⸢kaira⸣ʃi ⸣marabaʃi],カイラシマラバシ,連
[⸢kai⸣ri],カイリ,名
[⸢kairi⸣miʧi],カイリミチ,名
[⸢kai⸣ru],カイル,名
[⸣kairu],カイル,連体
[⸢kai⸣ruŋ],カイルン,自動
[⸢kai⸣ruŋ],カイルン,自動
[⸢kairuŋ],カイルン,他動
[⸢kai⸣reːmarabeː],カイレーマラベー,副
[⸢kau],カウ,名
[⸢kauri],カウリ,副
[⸢kauridu suː],カウリドゥスー,連
[⸢kauriduru buː],カウリドゥルブー,連
[⸢kauri⸣paruŋ],カウリパルン,連
[⸢kaurimunu],カウリムヌ,名
[⸢kauruŋ],カウルン,自動
[⸢kaurun],カウルン,自動
[⸢kau⸣wamuisaŋ],カウワムイサン,形
[⸢kau⸣waŋ],カウワン,形
[⸢kauŋ],カウン,他動
[⸢kauŋ],カウン,他動
[kḁ⸢kaː⸣ruŋ],カカールン,自動
[kḁ⸢kairuŋ],カカイルン,自動
[kḁ⸢kai⸣ruŋ],カカイルン,他動
[kḁ⸢kauŋ],カカウン,他動
[kḁ⸢kauŋ],カカウン,自動
[kḁ⸢ka⸣ʃi],カカシ,名
[kḁ⸢ka⸣raː],カカラー,副助
[kḁ⸢kara⸣suŋ],カカラスン,他動
[kḁ⸢ka⸣risaːri],カカリサーリ,名
[kḁ⸢kari⸣munu],カカリムヌ,名
[ka⸢kari⸣munu],カカリムヌ,名
[kḁ⸢ka⸣rindoːriː],カカリンドーリ,連
[ka⸢ka⸣ru],カカル,名
[ka⸢ka⸣rusaːru],カカルサール,名
[ka⸢ka⸣rusaːru],カカルサール,名
[kḁ⸢ka⸣rupi̥karu],カカルピカル,名
[kḁ⸢ka⸣ruŋ],カカルン,自動
[kḁ⸢ka⸣ruŋ],カカルン,自動
[kḁ⸢ka⸣ruŋ],カカルン,自動
[kḁ⸢ka⸣ruŋ],カカルン,自動
[kḁ⸢ka⸣ruŋ],カカルン,自動
[kḁ⸢ka⸣ruŋ],カカルン,自動
[kḁ⸢ka⸣ruŋ],カカルン,自動
[kḁ⸢ka⸣ruŋ],カカルン,自動
[kḁ⸢ka⸣ruŋ],カカルン,自動
[kḁ⸢ka⸣ruŋ],カカルン,自動
[kḁ⸢ka⸣ruŋ],カカルン,自動
[kḁ⸢ka⸣ruŋ],カカルン,自動
[kḁ⸢ka⸣ruŋ],カカルン,自動
[kḁ⸢ka⸣ruŋ],カカルン,自動
[kḁ⸢ka⸣ruŋ],カカルン,自動
[kḁ⸢ka⸣ruŋ],カカルン,自動
[ga⸢ka⸣ruŋ],ガカルン,自動
[kḁ⸢ka⸣runsaːru],カカルンサール,名
[kḁ⸢ka⸣runsaːruːŋ],カカルンサールーン,名
[kḁ⸢ka⸣reː ⸢toːritoː⸣ri],カカレートーリトーリ,副
[ka⸢ka⸣reːtoːreː],カカレートーレー,副
[ka⸢kaŋ],カカン,名
[kḁ⸢ki],カキ,名
[kḁ⸢ki],カキ,名
[kḁ⸢ki],カキ,名
[kḁ⸢ki],カキ,名
[kḁ⸢ki],カキ,助数
[⸣kagi],カギ,名
[ka⸢ki⸣ai],カキアイ,名
[ka⸢ki⸣ai],カキアイ,名
[ka⸢ki⸣auŋ],カキアウン,自動
[ka⸢ki⸣auŋ],カキアウン,他動
[kḁ⸢kiaʦami⸣ruŋ],カキアツァミルン,他動
[kḁ⸢kiaʦa⸣muŋ],カキアツァムン,他動
[kḁ⸢kiʔiri⸣ruŋ],カキイリルン,他動
[kḁ⸢kiʔiri⸣ruŋ],カキイリルン,他動
[kḁ⸢ki⸣iruŋ],カキイルン,他動
[kḁ⸢kiʔuta⸣suŋ],カキウタスン,他動
[kḁ⸢kiuʦa⸣suŋ],カキウツァスン,他動
[ka⸢gikata⸣ʧi],カギカタチ,名
[kḁ⸢kigu⸣tu],カキグトゥ,名
[kḁ⸢ki⸣kumuŋ],カキクムン,他動
[kḁ⸢ki⸣ʣaː],カキザー,名
[ga⸢ki⸣ʣaː],ガキザー,名
[kḁ⸢kiʣa⸣suŋ],カキザスン,他動
[kḁ⸢kiʣa⸣suŋ],カキザスン,他動
[kḁ⸢ki⸣ʣaŋ],カキザン,名
[kḁ⸢ki⸣su̥kuŋ],カキシゥクン,自動
[kḁ⸢kiʃi̥ki⸣ruŋ],カキシキルン,自動
[kḁ⸢ki⸣ʤiku],カキジク,名
[kḁ⸢kiʃi̥ti⸣ruŋ],カキシティルン,他動
[ka⸢gi⸣ʤiŋ],カギジン,名
[kḁ⸢kisui⸣ruŋ],カキスイルン,他動
[⸣kḁkisoːʤi],カキソージ,名
[kḁ⸢kik⸣kunaː],カキックナー,名
[kḁ⸢kik⸣kumuŋ],カキックムン,自動
[kḁ⸢kikkeːra⸣suŋ],カキッケーラスン,他動
[kḁ⸢kitʦaː⸣ʃi ⸣paruŋ],カキッツァーシパルン,連
[kḁ⸢kitʦaː⸣suŋ],カキッツァースン,自動
[kḁ⸢kitʦaː⸣suŋ],カキッツァースン,他動
[kḁ⸢kitʦaː⸣suŋ],カキッツァースン,自動
[kḁ⸢kitumi⸣ruŋ],カキトゥミルン,他動
[kḁ⸢ki⸣tumuŋ],カキトゥムン,他動
[kḁ⸢ki⸣naː],カキナー,名
[kḁ⸢kina⸣kuŋ],カキナクン,他動
[kḁ⸢kinu⸣ miː],カキヌミー,連
[ka⸢gi⸣buʃi],カギブシ,名
[kḁ⸢kimaː⸣suŋ],カキマースン,他動
[kḁ⸢ki⸣mai],カキマイ,名
[kḁ⸢kimakaru],カキマカル,名
[kḁ⸢kimakaru],カキマカル,名
[kḁ⸢kimaʣaː⸣suŋ],カキマザースン,他動
[kḁ⸢ki⸣mujeː],カキムエー,名
[kḁ⸢ki⸣munu],カキムヌ,名
[kḁ⸢ki⸣munu],カキムヌ,名
[kḁ⸢kimunu],カキムヌ,名
[kḁ⸢ki⸣munu],カキムヌ,名
[kḁ⸢ki⸣jaː],カキヤー,名
[kḁ⸢kijuː⸣suŋ],カキユースン,自動
[ga⸢giraː],ガギラー,名
[ga⸢girimunu],ガギリムヌ,名
[kḁ⸢ki⸣ruŋ],カキルン,他動
[kḁ⸢ki⸣ruŋ],カキルン,他動
[kḁ⸢ki⸣ruŋ],カキルン,他動
[kḁ⸢ki⸣ruŋ],カキルン,他動
[kḁ⸢ki⸣ruŋ],カキルン,他動
[kḁ⸢kiruŋ],カキルン,自動
[kḁ⸢ki⸣ruŋ],カキルン,他動
[ka⸢giruŋ],カギルン,自動
[ga⸢giruŋ],ガギルン,自動
[⸣kagiŋ],カギン,名
[⸣kagiŋ],カギン,名
[kḁ⸢kiŋ⸣gu],カキング,名
[kḁ⸢kiʔnʣa⸣suŋ],カキンザスン,他動
[kḁ⸢ku],カク,名
[kḁ⸢ku],カク,名
[kḁ⸢ku],カク,名
[kḁ⸢ku],カク,名
[ka⸢gu],カグ,名
[ka⸢gu],カグ,名
[ka⸢gu],カグ,名
[ga⸢kugakuː],ガクーガクー,名
[kḁ⸢kuːŋ],カクーン,他動
[kḁ⸢kui],カクイ,名
[kḁ⸢kuiruŋ],カクイルン,他動
[kḁ⸢kuʔuʧi],カクウチ,名
[ga⸢kugaku⸣ʃi],ガクガクシ,副
[kḁ⸢kugani],カクガニ,名
[kḁ⸢kugiri],カクギリ,名
[kḁku⸣gu],カクグ,名
[kḁ⸢kuʣai],カクザイ,名
[kḁ⸢kuʃi⸣gutu],カクシグトゥ,名
[kḁ⸢kusi⸣ffa],カクシッふァ,名
[kḁ⸢kuʃi⸣ ɸu̥⸢ka⸣suŋ],カクシフカスン,連
[kḁ⸢kuʃimaː⸣ʃi],カクシマーシ,名
[kḁ⸢kuʃi⸣munu],カクシムヌ,名
[kḁ⸢ku⸣ʃijukuʃi],カクシユクシ,名
[kḁ⸢kuʤiŋ],カクジン,名
[kḁ⸢ku⸣suŋ],カクスン,他動
[kḁ⸢ku⸣ʧi],カクチ,名
[kḁ⸢ku⸣ʧi ⸢ʔaːsuŋ],カクチアースン,連
[kḁ⸢ku⸣ʧi ⸢koː⸣ruŋkeŋ],カクチコールンケン,連
[kḁ⸢ku⸣ʧi ⸢kop⸣paruŋ],カクチコッパルン,連
[kḁ⸢kuʧi⸣nu ja⸢goːmuŋ⸣keŋ],カクチヌヤゴームンケン,連
[kḁ⸢ku⸣ʧi ba⸢ruŋ],カクチバルン,連
[kḁ⸢ku⸣ʧi ⸢ɸuikkaː⸣suŋ],カクチフイッカースン,連
[kḁ⸢kut⸣ʦaː],カクッツァー,名
[kḁ⸢kutuːru],カクトゥール,名
[kḁ⸢kubaraː],カクバラー,名
[kḁ⸢kubiʧi],カクビチ,名
[kḁ⸢kuɸukubi],カクフクビ,名
[ga⸢kuburi],ガクブリ,名
[kḁ⸢kumaːsuŋ],カクマースン,他動
[kḁ⸢kumuŋ],カクムン,他動
[ga⸢ku⸣muŋ],ガクムン,名
[kḁ⸢kuraː⸣ki],カクラーキ,名
[⸣kḁkuraŋ],カクラン,名
[kḁ⸢kuri⸣tuʤi],カクリトゥジ,名
[kḁ⸢kuri⸣butu],カクリブトゥ,名
[kḁ⸢kuri⸣ruŋ],カクリルン,自動
[kḁ⸢ku⸣ruŋ],カクルン,自動
[⸣kḁkuŋ],カクン,他動
[⸣kḁkuŋ],カクン,他動
[⸣kḁkuŋ],カクン,他動
[⸣kḁkuŋ],カクン,他動
[⸣kḁkuŋ],カクン,他動
[⸣kḁkuŋ],カクン,他動
[⸣kḁkuŋ],カクン,他動
[⸣kakuŋ],カクン,他動
[ka⸢guŋ],カグン,自動
[⸣gakuŋ],ガクン,他動
[kḁ⸢keː⸣ʃimukeːʃi],カケーシムケーシ,副
[kḁ⸢keː⸣ʃimukeːʃi],カケーシムケーシ,副
[kḁ⸢keː⸣suŋ],カケースン,他動
[ka⸢keː⸣ma],カケーマ,名
[⸣kḁkoː],カコー,名
[⸢kakoː],カコー,名
[⸢kakoː],カコー,名
[⸣kḁsa],カサ,名
[⸣kḁsa],カサ,名
[⸣kḁsa],カサ,名
[⸣kḁsa],カサ,名
[⸣kaʣa],カザ,名
[ka⸢ʣa],カザ,名
[ka⸢ʣa],カザ,名
[kḁsaː⸢kasa],カサーカサ,副
[ka⸢ʣa⸣ ɸu̥⸢kuroːɸu̥kuroː⸣ʃi],カザーフクローフクローシ,連
[kḁ⸢saikiː],カサイキー,名
[⸣kḁsa kḁ⸢kari⸣munu],カサカカリムヌ,連
[ga⸢saga⸣saː],ガサガサー,名
[ka⸢ʣaku],カザク,名
[ka⸢ʣakeː],カザケー,名
[ka⸢ʣakeːnu⸣ ku⸢nioʣaːteː],カザケーヌクニオザーテー,連
[ka⸢ʣakeːnu⸣ maʦoʣaːteː],カザケーヌマツォザーテー,連
[ka⸢ʣa suŋ],カザスン,連
[ka⸢ʣa suŋ],カザスン,連
[ka⸢ʣadakaː⸣ŋ],カザダカーン,形
[ka⸢sa⸣nai],カサナイ,名
[kḁ⸢sanairuŋ],カサナイルン,他動
[kḁ⸢sanai⸣ruŋ],カサナイルン,他動
[ka⸢sa⸣nauŋ],カサナウン,他動
[kḁ⸢sanauŋ],カサナウン,他動
[ka⸢sanaruŋ],カサナルン,自動
[kḁ⸢sanigasani],カサニガサニ,副
[kḁ⸢saniruŋ],カサニルン,他動
[⸣kḁsanuːru],カサヌール,名
[kḁ⸢sabaruŋ],カサバルン,自動
[kḁ⸢sabi],カサビ,助数
[kḁ⸢sabinu⸣pana],カサビヌパナ,名
[kḁ⸢sabiruŋ],カサビルン,他動
[⸣gaʣaɸu̥keː],ガザフケー,名
[kḁ⸢saɸu̥ta],カサフタ,名
[kḁ⸢saɸu̥⸣ta ⸣kabuŋ],カサフタカブン,連
[kḁ⸢sabuŋ],カサブン,他動
[kḁ⸢sama⸣sa ⸢suŋ],カサマサスン,連
[kḁ⸢sama⸣saŋ],カサマサン,形
[ga⸢sa⸣mi],ガサミ,名
[ka⸢ʣami⸣gutu],カザミグトゥ,名
[ka⸢ʣamiɸu̥ka⸣suŋ],カザミフカスン,他動
[kḁ⸢samiruŋ],カサミルン,他動
[ka⸢ʣami⸣ruŋ],カザミルン,他動
[kḁ⸢samuŋ],カサムン,他動
[kḁ⸢samuŋ],カサムン,他動
[kḁ⸢samuŋ],カサムン,他動
[kḁ⸢samuŋ],カサムン,自動
[kḁ⸢samuŋ],カサムン,他動
[ka⸢ʣa⸣muŋ],カザムン,他動
[ka⸢ʣa⸣muŋ],カザムン,他動
[ga⸢sa⸣meː],ガサメー,名
[ga⸢saragasara],ガサラガサラ,副
[ka⸢ʣari],カザリ,名
[ka⸢ʣarikabi],カザリカビ,名
[ka⸢ʣarikubiŋ],カザリクビン,名
[ka⸢ʣarikoːʃi],カザリコーシ,名
[ka⸢ʣariʣau],カザリザウ,名
[ka⸢ʣarifuʧi],カザリフチ,名
[ka⸢ʣarimuʧi],カザリムチ,名
[ka⸢ʣarimunu],カザリムヌ,名
[ga⸢ʣa⸣riŋ],ガザリン,連
[ka⸢ʣaruŋ],カザルン,他動
[ka⸢ʣaruŋ],カザルン,他動
[⸣gaʣaŋ],ガザン,名
[ka⸢ʣaŋgamai],カザンガマイ,名
[ga⸢ʣan⸣nu na⸢kuŋ⸣kḁtaʧini],ガザンヌナクンカタチニ,連
[kḁ⸢sam⸣paː],カサンパー,名
[kḁ⸢sam⸣paːʔiʣu],カサンパーイズ,名
[kḁ⸢sam⸣paːʔuki],カサンパーウキ,名
[kḁ⸢sam⸣paːɸu̥ta],カサンパーフタ,名
[kḁ⸢sam⸣paːmuʧi],カサンパームチ,名
[⸣kaʃi],カシ,名
[⸣kḁʃi],カシ,名
[⸣kḁʃi],カシ,名
[⸣kḁʃi],カシ,名
[ka⸢ʤi],カジ,名
[⸣kaʤi],カジ,名
[ka⸢ʤi],カジ,名
[ka⸢ʤi],カジ,名
[⸣kaʤi],カジ,名
[ga⸢ʃi],ガシ,名
[⸣kḁʃiː],カシー,名
[kḁ⸢ʃiːkaʃi],カシーカシ,副
[⸣kḁʃiː ⸢ʃiːpu̥su],カシーシープス,連
[ka⸢ʤiʔataru],カジアタル,名
[ka⸢ʤiʔiki],カジイキ,名
[ga⸢ʃi⸣ʔiʣu],ガシイズ,名
[ka⸢ʤeː ʔui⸣ naruŋ],カジェーウイナルン,連
[ka⸢ʤeː⸣ ʔu⸢ri⸣ruŋ],カジェーウリルン,連
[ka⸢ʤeːra],カジェーラ,名
[ka⸢ʤiʔoːra],カジオーラ,名
[ka⸢ʃi⸣gaː],カシガー,名
[⸢kaʃi̥kaːsa⸣riŋ],カシカーサリン,他動
[⸢kaʃi̥kaːʃi⸣muni],カシカーシムニ,名
[⸢kaʃi̥kaː⸣suŋ],カシカースン,他動
[ka⸢ʃigaːɸu̥ku⸣ru],カシガーフクル,名
[kḁ⸢ʃi⸣kḁki],カシカキ,名
[kḁ⸢ʃi⸣kḁki],カシカキ,名
[kḁ⸢ʃikḁki⸣jama],カシカキヤマ,名
[⸣kḁʃi kḁ⸢ki⸣ruŋ],カシカキルン,連
[ka⸢ʤi⸣kaʤi],カジカジ,名
[⸢kaʃi̥kaʃimaː⸣suŋ],カシカシマースン,他動
[⸢kaʃi̥⸣ki],カシキ,名
[⸢kaʃi̥kiɸuru⸣mai],カシキフルマイ,名
[⸣kaʤi ⸢goː⸣raːŋ],カジゴーラーン,連
[ka⸢ʤikoː⸣ŋ],カジコーン,形
[ka⸢ʤikoː⸣ŋ],カジコーン,形
[ka⸢ʤigoi],カジゴイ,名
[ka⸢ʃi⸣ʣai],カシザイ,名
[ka⸢ʤi suːŋ],カジスーン,文
[⸣kaʃidaikuni],カシダイクニ,名
[ga⸢ʃi⸣taku],ガシタク,名
[⸣kḁʃi⸣tḁkuŋ],カシタクン,名
[⸢kaʃi̥⸣tira],カシティラ,名
[⸢kaʃi̥⸣tirakamabuku],カシティラカマブク,名
[ga⸢ʃiduʃi],ガシドゥシ,名
[ka⸢ʤituri],カジトゥリ,名
[ka⸢ʤiduru],カジドゥル,名
[ka⸢ʤiduru],カジドゥル,名
[ka⸢ʤiduru],カジドゥル,名
[ka⸢ʤi⸣ turuŋ],カジトゥルン,連
[ka⸢ʤi⸣ turuŋ],カジトゥルン,連
[⸣gaʤituruŋ],ガジトゥルン,他動
[ka⸢ʃi⸣naː],カシナー,名
[ka⸢ʤiniŋgai],カジニンガイ,名
[ka⸢ʤinu⸣ ʔiki],カジヌイキ,連
[ka⸢ʤinu ʔui nuːruŋ],カジヌウイヌールン,文
[ka⸢ʤinu⸣ ʔu⸢ri⸣ruŋ],カジヌウリルン,文
[ka⸢ʤinu⸣ su⸢bu⸣ru],カジヌスブル,連
[ka⸢ʤinu⸣ tiː],カジヌティー,連
[ka⸢ʤinu⸣ niː],カジヌニー,連
[ka⸢ʤinu⸣ miː],カジヌミー,連
[ka⸢ʤinu⸣ miʧi],カジヌミチ,連
[ka⸢ʤibaːbaː],カジバーバー,名
[ka⸢ʤibana],カジバナ,名
[ka⸢ʤibanajaː],カジバナヤー,名
[ka⸢ʤiɸu̥ki],カジフキ,名
[ga⸢ʤiɸu̥kura⸣suŋ],ガジフクラスン,他動
[ga⸢ʤiɸukura⸣suŋ],ガジフクラスン,他動
[ka⸢ʤi⸣ ɸu̥kuŋ],カジフクン,連
[ka⸢ʤibutaraː⸣ma],カジブタラーマ,名
[ka⸢ʤiboː⸣ŋ],カジボーン,形
[ka⸢ʤimaː⸣jaː],カジマーヤー,名
[ka⸢ʤimaː⸣jaː],カジマーヤー,名
[ka⸢ʤimaːjaː⸣nu ⸣joi],カジマーヤーヌヨイ,連
[ka⸢ʤimaːru],カジマール,名
[ka⸢ʤimaːru],カジマール,名
[ka⸢ʤi maːruŋ],カジマールン,連
[ka⸢ʤi maːruŋ],カジマールン,連
[ka⸢ʤimaːruŋ],カジマールン,自動
[ka⸢ʤimaːruŋ],カジマールン,自動
[ka⸢ʤimaki],カジマキ,名
[ka⸢ʤi marasuŋ],カジマラスン,連
[ga⸢ʤi⸣maru],ガジマル,名
[ka⸢ʤimuki],カジムキ,名
[ga⸢ʃi⸣munu],ガシムヌ,名
[ka⸢ʃa⸣raku],カシャラク,自動
[ga⸢ʤijuːnaː],ガジユーナー,連
[⸣kaʤi ⸣jumuŋ],カジユムン,連
[ka⸢ʃi⸣ra],カシラ,名
[kḁ⸢ʃi⸣ra ma⸢rasuŋ],カシラマラスン,連
[ka⸢ʃira⸣muʧi],カシラムチ,名
[⸣kasiŋ],カシン,名
[ka⸢ʃiŋ⸣gai],カシンガイ,名
[⸣kḁʃiŋkiː],カシンキー,名
[ka⸢ʣui⸣ruŋ],カズイルン,他動・自動
[⸣gasuŋ],ガスン,他動
[⸣gaʣuŋ],ガズン,他動
[⸣gaʣuŋ],ガズン,他動
[⸣kḁsoː],カソー,名
[ka⸢ʣoː⸣saŋ],カゾーサン,形
[ka⸢soːraiʃi],カソーライシ,名
[kḁ⸢ta],カタ,名
[kḁ⸢ta],カタ,名
[kḁ⸢ta],カタ,名
[kḁ⸢ta],カタ,名
[kḁ⸢ta],カタ,名
[kḁ⸢ta],カタ,名
[⸣kḁta],カタ,名
[kḁ⸢ta-],カタ,接頭
[kḁ⸢ta-],カタ,接頭
[⸣kḁta],カタ,名
[⸣-gata],ガタ,接尾
[⸣-gata],ガタ,接尾
[kḁ⸢taːkataː⸣ʃi],カターカターシ,副
[kḁ⸢taː⸣ŋ],カターン,形
[kḁ⸢taː⸣ŋ],カターン,形
[kḁ⸢ta⸣ʔami],カタアミ,名
[kḁ⸢ta⸣ʔami],カタアミ,名
[kḁ⸢taʔip⸣poː],カタイッポー,名
[kḁ⸢ta⸣ʔudi],カタウディ,名
[kḁ⸢ta⸣ʔumui],カタウムイ,名
[kḁ⸢ta⸣ʔuja],カタウヤ,名
[kḁ⸢ta⸣ka],カタカ,名
[kḁ⸢ta⸣ka],カタカ,名
[ka⸢da⸣ka],カダカ,名
[kḁ⸢takaʃi],カタカシ,名
[kḁ⸢takaʃi⸣ra],カタカシラ,名
[kḁ⸢ta⸣ka ⸢suŋ],カタカスン,連
[kḁ⸢ta⸣ka ⸢suŋ],カタカスン,連
[kḁ⸢ta⸣kata],カタカタ,名
[ga⸢tagata],ガタガタ,副
[ga⸢tagata],ガタガタ,副
[kḁ⸢ta⸣kadu],カタカドゥ,名
[ka⸢daka⸣naː],カダカナー,連
[kḁ⸢ta⸣ki],カタキ,名
[kḁ⸢ta⸣ki],カタキ,名
[kḁ⸢taki⸣ʔuʧi],カタキウチ,名
[kḁ⸢ta⸣ki̥ʃi],カタキシ,名
[kḁ⸢ta⸣ki̥ʃi],カタキシ,名
[kḁ⸢ta⸣kimu],カタキム,名
[kḁ⸢ta⸣guː],カタグー,名
[kḁ⸢taguːpan⸣ʧi],カタグーパンチ,名
[kḁ⸢taguːman⸣ʦaː],カタグーマンツァー,名
[kḁ⸢takutu⸣muni],カタクトゥムニ,名
[kḁ⸢takuri],カタクリ,名
[kḁ⸢tasaː],カタサー,名
[kḁ⸢ta⸣ʃi̥ki],カタシキ,名
[kḁ⸢ta⸣ʃi̥ki],カタシキ,名
[kḁ⸢ta⸣ ʃi̥⸢ki⸣ruŋ],カタシキルン,連
[kḁ⸢taʤiki⸣ruŋ],カタジキルン,他動
[kḁ⸢taʤi⸣kuŋ],カタジクン,他動
[kḁ⸢ta⸣ʃira],カタシラ,名
[kḁ⸢tasuku⸣gi],カタスクギ,名
[ka⸢ta⸣ su̥kuŋ],カタスクン,連
[kḁ⸢tasudi⸣nuki],カタスディヌキ,名
[kḁ⸢ta⸣suba],カタスバ,名
[⸣kḁta su⸢buiruŋ],カタスブイルン,連
[kḁ⸢tasubu⸣ʃi],カタスブシ,名
[kḁ⸢tasubu⸣ru],カタスブル,名
[kḁ⸢tasuburu⸣jaŋ],カタスブルヤン,名
[kḁ⸢tasoː⸣piki],カタソーピキ,名
[kḁ⸢tasoː⸣piki],カタソーピキ,名
[kḁ⸢tasoːpi̥ki],カタソーピキ,名
[ga⸢tadaː],ガタダー,名
[kḁ⸢taʧi],カタチ,名
[kḁ⸢taʧi],カタチ,名
[kḁ⸢taʧi⸣ ʔaŋ],カタチアン,連
[kḁ⸢taʧeː naː⸣nu],カタチェーナーヌ,連
[kḁ⸢taʧikaːni],カタチカーニ,連
[kḁ⸢taʧitaŋ⸣ga],カタチタンガ,連
[kḁ⸢taʧitaŋ⸣ga],カタチタンガ,連
[kḁ⸢taʧi toː⸣ruŋ],カタチトールン,連
[⸣kḁtaʧini],カタチニ,副
[kḁ⸢tap⸣poː],カタッポー,名
[kḁ⸢ta⸣tiː],カタティー,名
[kḁ⸢ta⸣tiː],カタティー,名
[kḁ⸢ta⸣tida],カタティダ,名
[kḁ⸢ta⸣tima],カタティマ,名
[kḁ⸢ta⸣tima],カタティマ,名
[kḁ⸢ta⸣duː],カタドゥー,名
[kḁ⸢ta⸣tuki],カタトゥキ,名
[kḁ⸢ta⸣tu̥kiŋ],カタトゥキン,副
[kḁ⸢ta⸣toŋ],カタトン,名
[kḁ⸢ta⸣na],カタナ,名
[kḁ⸢ta⸣naʃi],カタナシ,名
[kḁ⸢tana⸣nu ⸣paː],カタナヌパー,連
[kḁ⸢ta⸣niː],カタニー,名
[kḁ⸢ta⸣niː],カタニー,名
[kḁ⸢ta⸣niː],カタニー,名
[ka⸢ta⸣nu ⸣buri],カタヌブリ,連
[kḁ⸢ta⸣paː],カタパー,名
[kḁ⸢tapaːʃiː⸣gu],カタパーシーグ,名
[kḁ⸢tapaːnuki⸣ru],カタパーヌキル,名
[kḁ⸢tapaː⸣munu],カタパームヌ,名
[kḁ⸢tapaː⸣munu],カタパームヌ,名
[kḁ⸢ta⸣baki],カタバキ,名
[kḁ⸢ta⸣bata],カタバタ,名
[kḁ⸢ta⸣pani],カタパニ,名
[kḁ⸢ta⸣paba],カタパバ,名
[kḁ⸢ta⸣bari],カタバリ,名
[kḁ⸢ta⸣bari],カタバリ,名
[kḁ⸢tabaru],カタバル,名
[kḁ⸢tabarugoːnaː],カタバルゴーナー,名
[kḁ⸢ta⸣paŋ],カタパン,名
[kḁ⸢ta⸣paŋ],カタパン,名
[kḁ⸢tapanʦaː⸣ri],カタパンツァーリ,名
[kḁ⸢ta⸣pi̥ki],カタピキ,名
[kḁ⸢tapi̥ki⸣munu],カタピキムヌ,名
[kḁ⸢ta⸣pi̥sa],カタピサ,名
[kḁ⸢ta⸣pi̥sa],カタピサ,名
[kḁ⸢tapisa⸣ʔiʣu],カタピサイズ,名
[kḁ⸢tapisa⸣jaː],カタピサヤー,名
[kḁ⸢ta⸣puː],カタプー,名
[kḁ⸢ta⸣fai],カタふァイ,名
[kḁ⸢ta⸣ɸui],カタフイ,名
[kḁ⸢ta⸣pu̥sa],カタプサ,名
[kḁ⸢tapu̥saː⸣ra],カタプサーラ,副
[kḁ⸢ta⸣ɸu̥ʧi],カタフチ,名
[kḁ⸢taɸuʧeː⸣ra],カタフチェーラ,副
[kḁ⸢taɸu̥ʧipi̥keː⸣ʃi],カタフチピケーシ,名
[kḁ⸢ta⸣buni],カタブニ,名
[kḁ⸢ta⸣buri],カタブリ,名
[kḁ⸢ta⸣ɸuru],カタフル,名
[kḁ⸢ta⸣hoː],カタホー,名
[kḁ⸢tamaː⸣ri ⸣paruŋ],カタマーリパルン,連
[kḁ⸢tamaː⸣ruŋ],カタマールン,自動
[kḁ⸢tama⸣suŋ],カタマスン,他動
[kḁ⸢tamarasuŋ],カタマラスン,他動
[kḁ⸢tamari],カタマリ,名
[kḁ⸢tamaruŋ],カタマルン,自動
[kḁ⸢ta⸣mi],カタミ,名
[kḁ⸢ta⸣mi],カタミ,名
[kḁ⸢ta⸣miː],カタミー,名
[kḁ⸢ta⸣miʧi],カタミチ,名
[kḁ⸢tami⸣tima],カタミティマ,名
[kḁ⸢taminu⸣ sḁ⸢kaʃi̥ki],カタミヌサカシキ,連
[kḁ⸢tami⸣ruŋ],カタミルン,他動
[kḁ⸢tamiruŋ],カタミルン,他動
[kḁ⸢tamiruŋ],カタミルン,他動
[kḁ⸢ta⸣miŋ],カタミン,名
[kḁ⸢ta⸣mutuŋ],カタムトゥン,連
[kḁ⸢tamuraʃi],カタムラシ,名
[kḁ⸢tamura⸣ʃi],カタムラシ,名
[kḁ⸢tamuŋ],カタムン,他動
[kḁ⸢tamuŋ],カタムン,他動
[kḁ⸢ta⸣muŋ],カタムン,他動
[kḁ⸢ta⸣jaŋ],カタヤン,名
[kḁ⸢tan⸣toŋ],カタントン,名
[⸣kḁʧi],カチ,名
[⸢ga⸣ʧi],ガチ,助数
[⸣gaʧiː],ガチー,名
[kḁ⸢ʧiʔiku⸣sa],カチイクサ,名
[ga⸢ʧigaʧi],ガチガチ,副
[⸣kaʧimaki],カチマキ,名
[ga⸢ʧi⸣majaː],ガチマヤー,名
[kḁ⸢ʧi⸣miː],カチミー,名
[ka⸢ʧirikaʣa],カチリカザ,名
[kḁ⸢ʧiri⸣munu],カチリムヌ,名
[ka⸢ʧi⸣ruŋ],カチルン,自動
[kḁ⸢ʦu],カツ,名
[kḁ⸢ʦa],カツァ,名
[kḁ⸢ʦaː⸣suŋ],カツァースン,他動
[kḁ⸢ʦanu⸣miŋ],カツァヌミン,名
[⸢gakka⸣ʃi],ガッカシ,副
[⸢kak⸣ki],カッキ,名
[⸢gak⸣ku],ガック,名
[⸢gak⸣ke],ガッケ,名
[⸢kakkoː],カッコー,名
[⸢gak⸣koː],ガッコー,名
[⸢gak⸣koːʃiːtu],ガッコーシートゥ,名
[⸢gak⸣koːffa],ガッコーッふァ,名
[⸢gak⸣koːdoŋgu],ガッコードング,名
[⸢gakkoː⸣naː],ガッコーナー,名
[⸢gakkoː⸣nu ⸢naː],ガッコーヌナー,連
[⸢gak⸣koːjasumi],ガッコーヤスミ,名
[⸢gassagassa],ガッサガッサ,副
[⸢gassaragasara],ガッサラガサラ,副
[kḁ⸢ʦuʃiŋ],カツシン,名
[kḁ⸢ʦuʃiŋʃiŋka],カツシンシンカ,名
[kḁ⸢ʦudaʃi],カツダシ,名
[gad⸢darugadaru],ガッダルガダル,名
[⸢kat⸣ʦaː],カッツァー,代
[gat⸢ʦuri],ガッツリ,副
[⸢katti],カッティ,名
[⸢gat⸣tiŋ],ガッティン,名
[⸢gat⸣tin ⸢suŋ],ガッティンスン,連
[kḁ⸢ʦuduru],カツドゥル,名
[kḁ⸢ʦunamaʃi],カツナマシ,名
[kḁ⸢ʦunu kimparuŋ],カツヌキンパルン,連
[kḁ⸢ʦunu ʃeː⸣gaː],カツヌシェーガー,連
[ka⸢ʦunu ʣuːbuni],カツヌズーブニ,連
[kḁ⸢ʦunu⸣ su⸢bu⸣ru],カツヌスブル,連
[kḁ⸢ʦunu⸣ su⸢bu⸣ruki̥ʃi],カツヌスブルキシ,連
[kḁ⸢ʦunu⸣ s⸢su⸣paruŋ],カツヌッスパルン,連
[kḁ⸢ʦunu⸣ na⸢ka⸣buni],カツヌナカブニ,連
[kḁ⸢ʦunu⸣ na⸢ka⸣wari],カツヌナカワリ,連
[kḁ⸢ʦunu niːʤiru],カツヌニージル,連
[kḁ⸢ʦunu⸣ bata],カツヌバタ,連
[kḁ⸢ʦunu⸣ ba⸢tagara⸣su],カツヌバタガラス,連
[kḁ⸢ʦunu⸣ ha⸢ra⸣goː],カツヌハラゴー,連
[kḁ⸢tunu⸣ paruŋ],カツヌパルン,連
[ka⸢ʦunu piːma],カツヌピーマ,連
[kḁ⸢ʦunu⸣ çi⸢ʤi⸣gara],カツヌヒジガラ,連
[ka⸢ʦunu mim⸣bani],カツヌミンバニ,連
[⸢kap⸣pa],カッパ,名
[⸢gap⸣pai],ガッパイ,名
[⸢gap⸣paisuburu],ガッパイスブル,名
[kḁ⸢ʦu⸣pigi],カツピギ,名
[kḁ⸢ʦupigiʃiː⸣gu],カツピギシーグ,名
[⸢gaffagaffa],ガッふァガッふァ,副
[gaf⸢fa⸣ti],ガッふァティ,副
[gaf⸢fati],ガッふァティ,副
[ka⸢ʦubuʃi],カツブシ,名
[kḁ⸢ʦubuʃi ʃiːʣoː⸣jaː],カツブシシーゾーヤー,連
[kḁ⸢ʦumuʃi],カツムシ,名
[⸣kaʦuŋ],カツン,自動
[⸣gaʦuŋ],ガツン,名
[kḁ⸢ti],カティ,名
[kḁ⸢ti⸣ʔuʃi],カティウシ,名
[kḁ⸢tinu⸣ ʔaŋ],カティヌアン,連
[kḁ⸢ti⸣mai],カティマイ,名
[ka⸢ti⸣munu],カティムヌ,名
[kḁ⸢ti⸣ruŋ],カティルン,他動
[kḁ⸢ti⸣ruŋ],カティルン,他動
[⸣kadoː],カドー,連
[kḁ⸢toːʃi],カトーシ,名
[⸣kadu],カドゥ,名
[⸣kadu],カドゥ,名
[⸣kadu],カドゥ,名
[kḁ⸢tu⸣ku],カトゥク,名
[ka⸢duburi⸣munu],カドゥブリムヌ,名
[⸣kḁtuŋ],カトゥン,他動
[⸣kḁtuŋ],カトゥン,他動
[kḁ⸢toŋka⸣suŋ],カトンカスン,他動
[kḁ⸢toŋkiara⸣ki],カトンキアラキ,名
[ka⸢toŋ⸣kuŋ],カトンクン,自動
[ka⸢toŋ⸣kuŋ],カトンクン,自動
[ka⸢na],カナ,名
[⸣kana],カナ,名
[ka⸢na],カナ,名
[⸣kanaː],カナー,固
[⸣kanaː],カナー,副
[ka⸢naː⸣suŋ],カナースン,他動
[⸣kanaːçiːteː],カナーヒーテー,名
[⸣kanaːjoː],カナーヨー,名
[ka⸢naʔami],カナアミ,名
[⸣kanai],カナイ,名
[ka⸢nai⸣ʔuʃi],カナイウシ,名
[⸣kanaiʤi],カナイジー,名
[⸣kanai ʃi̥⸢ki⸣pu̥su],カナイシキプス,連
[⸣kanainuːnu],カナイヌーヌ,名
[ka⸢nai⸣pu̥su],カナイプス,名
[⸣kanaimunu],カナイムヌ,名
[ka⸢nai⸣ruŋ],カナイルン,自動
[ka⸢nai⸣ruŋ],カナイルン,他動
[⸣kanauŋ],カナウン,自動
[⸣kanauŋ],カナウン,自動
[ka⸢na⸣kaki],カナカキ,名
[ka⸢na⸣kaː],カナケー,名
[ka⸢na⸣kenu ⸢san⸣doːʣaːteː],カナケヌサンドーザーテー,連
[ka⸢na⸣sa],カナサ,名
[ka⸢nasaʔiʤi],カナサイジ,名
[ka⸢na⸣sa ⸢suŋ],カナサスン,連
[ka⸢nasabi],カナサビ,名
[ka⸢nasamari],カナサマリ,名
[ka⸢na⸣saŋ],カナサン,形
[-ga⸢na⸣ʃi],ガナシ,接尾
[ka⸢naʃeː⸣ma],カナシェーマ,名
[ka⸢naʃi̥ki],カナシキ,名
[ka⸢naʃikiguru],カナシキグル,名
[ka⸢naʃi̥ki suŋ],カナシキスン,連
[ka⸢naʤiru],カナジル,名
[ka⸢nadarai],カナダライ,名
[ka⸢nak⸣kuru],カナックル,名
[ka⸢nak⸣kuru],カナックル,名
[ka⸢naduku],カナドゥク,名
[ka⸢nanoko],カナノコ,名
[ka⸢napai],カナパイ,名
[ka⸢napainu⸣ su⸢bu⸣ru],カナパイヌスブル,連
[ka⸢napainu⸣ paː],カナパイヌパー,連
[ka⸢napainu⸣ miŋ],カナパイヌミン,連
[ka⸢napainu jui],カナパイヌユイ,連
[ka⸢nabaru],カナバル,名
[ka⸢nabaru],カナバル,名
[ka⸢nami],カナミ,名
[ka⸢nami],カナミ,名
[ka⸢namiː],カナミー,名
[ka⸢namunu],カナムヌ,名
[ka⸢namunudoːŋgu],カナムヌドーング,名
[ka⸢namunujaː],カナムヌヤー,名
[ka⸢ni],カニ,名
[ka⸢ni],カニ,名
[ka⸢ni],カニ,名
[ka⸢ni],カニ,名
[ka⸢ni],カニ,名
[⸣-gani],ガニ,接尾
[⸣kaniː],カニー,名
[ka⸢niʔaŋ],カニアン,名
[ka⸢ni⸣gani],カニガニ,副
[ka⸢ni⸣ku],カニク,名
[ka⸢niku⸣ʤiː],カニクジー,名
[ka⸢niʤiŋ],カニジン,名
[ka⸢ni⸣soː],カニソー,名
[ka⸢niti],カニティ,副
[ka⸢ninaːru],カニナール,名
[ka⸢ninabi],カニナビ,名
[ka⸢nipanʧimuni],カニパンチムニ,名
[ka⸢nipanʦuŋ],カニパンツン,自動
[ka⸢nibuː],カニブー,名
[ka⸢nibuːjaː],カニブーヤー,名
[ka⸢niɸuŋ],カニフン,名
[ka⸢nimaːsuŋ],カニマースン,他動
[⸢kanimui],カニムイ,固
[ka⸢nijakkoŋ],カニヤッコン,名
[ka⸢niruŋ],カニルン,他動
[⸣kaniŋ],カニン,名
[⸣kaniŋkaʣa],カニンカザ,名
[ka⸢niʔmma],カニンマ,名
[ka⸢nu],カヌ,連体
[ka⸢nu⸣kamura],カヌカムラ,名
[ka⸢nu⸣kawaŋ],カヌカワン,名
[ka⸢nuʃaː⸣ma],カヌシャーマ,名
[ka⸢nuʧibau],カヌチバウ,名
[kanutu],カヌトゥ,名
[ka⸢nu pu̥su],カヌプス,連
[ka⸢nu juː],カヌユー,名
[ka⸢noːʃi],カノーシ,名
[ka⸢ba],カバ,名
[⸣gabaː],ガバー,名
[ka⸢baːkabaː⸣ʃi],カバーカバーシ,副
[kabaː⸢kabaː⸣ʃi],カバーカバーシ,副
[⸣gabaːɸuː],ガバーフー,名
[⸣gabaː ⸣ɸuːŋ],ガバーフーン,連
[ga⸢baːɸui⸣munu],ガバーフイムヌ,名
[⸣gabaːɸujaː],ガバーフヤー,名
[ga⸢baːŋgabaː⸣ʃi],ガバーンガバーンシ,副
[ka⸢ba⸣ʔaba],カバアバ,名
[kḁ⸢pakapa⸣ʃi],カパカパシ,副
[ka⸢basariŋ],カバサリン,他動
[ka⸢basuŋ],カバスン,自動
[ka⸢basuŋ],カバスン,他動
[ka⸢ba⸣suŋ],カバスン,他動
[ka⸢bas⸣saŋ],カバッサン,形
[ka⸢bas⸣saŋ],カバッサン,形
[ka⸢bamuni],カバムニ,名
[ga⸢ba⸣ra],ガバラ,名
[ga⸢ba⸣ra],ガバラ,名
[gaba⸢raːtti],ガバラーッティ,副
[ga⸢baragabara],ガバラガバラ,副
[ga⸢baragabara⸣ʃi],ガバラガバラシ,副
[ga⸢baraguburu],ガバラグブル,副
[ga⸢baraguburu],ガバラグブル,副
[ga⸢barapatara],ガバラパタラ,副
[ga⸢barapatara⸣ʃi],ガバラパタラシ,副
[gabara⸢raː],ガバララー,副
[ga⸢bammika⸣suŋ],ガバンミカスン,他動
[ka⸢bi],カビ,名
[ka⸢bi⸣ʔuʣu],カビウズ,名
[ka⸢biʔoŋgi],カビオンギ,名
[ka⸢biʃi̥kiŋgani],カビシキンガニ,名
[ka⸢biʤiŋ],カビジン,名
[ka⸢bissuŋ],カビッスン,名
[ka⸢bifaimuʃi],カビファイムシ,名
[ka⸢biɸu̥kuru],カビフクル,名
[ka⸢bi⸣munu],カビムヌ,名
[ka⸢bi⸣munu],カビムヌ,名
[ka⸢bijaː],カビヤー,名
[ka⸢bijakimunu],カビヤキムヌ,名
[ka⸢bi⸣ra],カビラ,名
[⸣kabu],カブ,名
[ka⸢bu],カブ,名
[⸣kabu],カブ,助数
[⸣kḁɸuː],カフー,名
[kḁ⸢ɸuː⸣nu pu̥⸢su],カフーヌプス,連
[ka⸢buʃiŋka],カブシンカ,名
[⸢gaɸu⸣ta],ガフタ,名
[ka⸢butʧi],カブッチ,名
[gaɸu̥⸢ti],ガフティ,副
[gaɸu̥⸢ti],ガフティ,副
[ga⸢bunuŋ],ガブヌン,名
[⸣kaburukiː],カブルキー,名
[ka⸢bu⸣ruŋ],カブルン,他動
[ka⸢bu⸣reː],カブレー,名
[⸣kabuŋ],カブン,他動
[⸣kabuŋ],カブン,他動
[⸣kabuŋ],カブン,他動
[⸣kabuŋ],カブン,他動
[⸣kabuŋ],カブン,他動
[ka⸢buŋ],カブン,他動
[ka⸢ma],カマ,名
[⸣kama],カマ,名
[⸣kama],カマ,名
[⸣kama],カマ,代
[ga⸢ma],ガマ,名
[ka⸢maː⸣kumaː],カマークマー,代
[⸣kamaː ⸣ɸuːŋ],カマーフーン,連
[⸣kamaː ⸢hoː⸣suŋ],カマーホースン,連
[ka⸢maːra⸣saŋ],カマーラサン,形
[-ga⸢maːra⸣saŋ],ガマーラサン,接尾
[ka⸢maʔagi],カマアギ,名
[⸣kamai],カマイ,名
[ka⸢mai],カマイ,名
[⸣kamai tu⸢ri⸣pu̥su],カマイトゥリプス,連
[ka⸢mai⸣nu kḁ⸢ki],カマイヌカキ,連
[ka⸢mai⸣nu ⸣kimu],カマイヌキム,連
[ka⸢mai⸣nu ⸣ʃiː],カマイヌシー,連
[ka⸢mai⸣nu ⸣miŋ],カマイヌミン,連
[⸣kamaijama],カマイヤマ,名
[ka⸢mai⸣joː],カマイヨー,名
[ka⸢mai⸣ruŋ],カマイルン,自動
[ka⸢mai⸣ruŋ],カマイルン,自動
[⸣kamauŋ],カマウン,自動
[ga⸢ma⸣ku],ガマク,名
[gama⸢koː⸣ma],ガマコーマ,名
[ka⸢ma⸣saː],カマサー,名
[ka⸢ma⸣ʤi],カマジ,名
[ga⸢ma⸣dʒi],ガマジ,名
[ga⸢ma⸣dʒi],ガマジ,名
[ga⸢ma⸣dʒikidʒi],ガマジキジ,名
[ga⸢ma⸣ʤi ʃi⸢mi⸣ruŋ],ガマジシミルン,連
[ga⸢ma⸣ʤi su⸢miruŋ],ガマジスミルン,連
[ga⸢maʤi⸣nu ⸣ʔaba],ガマジヌアバ,連
[ga⸢maʤi⸣nu gu⸢ru],ガマジヌグル,連
[ga⸢maʤi⸣nu ⸣jaŋ],ガマジヌヤン,連
[ga⸢ma⸣ʤi ɸu̥⸢kiruŋ],ガマジフキルン,連
[ga⸢ma⸣ʤi ⸣jamuŋ],ガマジヤムン,連
[ga⸢maʤi⸣jaŋ],ガマジヤン,名
[ga⸢ma⸣ʤi ⸢juːŋ],ガマジユーン,連
[ka⸢maʧi],カマチ,名
[ka⸢ma⸣ʧi],カマチ,名
[ka⸢maʧeː⸣ma],カマチェーマ,名
[ka⸢maʧinu⸣ ʃiŋ],カマチヌシン,連
[ka⸢maʧiɸu̥ʧi],カマチフチ,名
[ka⸢madeː],カマデー,名
[ka⸢madoː],カマドー,名
[ga⸢manaːri],ガマナーリ,名
[ga⸢manaːru],ガマナール,名
[ga⸢manaki],ガマナキ,名
[ka⸢ma⸣nu ⸣tidai],カマヌティダイ,連
[ka⸢ma⸣nu pḁ⸢ta],カマヌパタ,連
[ga⸢manu⸣ miː],ガマヌミー,連
[ka⸢mabuku],カマブク,名
[ka⸢mabukuʃikki⸣ʔuʃi],カマブクシッキウシ,名
[ka⸢mabukunu⸣ ʃiː],カマブクヌシー,連
[ka⸢ma⸣riŋ],カマリン,他動
[ka⸢ma⸣reː],カマレー,名
[ka⸢ma⸣reʣaː],カマレザー,名
[⸣kamanta],カマンタ,名
[⸣kamanta],カマンタ,代
[⸣kamantaː],カマンター,連
[⸣kami],カミ,名
[⸣kami],カミ,名
[ka⸢mi],カミ,名
[ka⸢miʔaki⸣nai],カミアキナイ,名
[kamiga⸢na⸣ʃi],カミガナシ,名
[ka⸢mikuru⸣suŋ],カミクルスン,他動
[ka⸢mi⸣ʣaː],カミザー,名
[ka⸢miʃimi⸣ruŋ],カミシミルン,他動
[ka⸢mi⸣ʃimu],カミシム,名
[ka⸢miniŋ⸣gai],カミニンガイ,名
[ka⸢minin⸣tuː],カミニントゥー,名
[ka⸢minu⸣ kuː],カミヌクー,連
[ka⸢minu⸣kuːʔuʣi],カミヌクーウジ,名
[ka⸢minu⸣kuːpḁka],カミヌクーパカ,名
[ka⸢mi⸣nu ʃi⸢bibaː⸣kim ⸢piː⸣ʧi],カミヌシビバーキンピーチ,成
[ka⸢minuʣuː],カミヌズー,名
[ka⸢minu⸣ na⸢da⸣nu ⸣kḁtatini],カミヌナダヌカタチニ,連
[ka⸢mi⸣nu ba⸢ri],カミヌバリ,連
[ka⸢mi⸣nu ⸣miŋ],カミヌミン,連
[ka⸢mi⸣buʃi],カミブシ,名
[ka⸢mirari⸣jaŋ],カミラリヤン,名
[ka⸢mi⸣ruŋ],カミルン,他動
[ka⸢mi⸣ruŋ],カミルン,他動
[ka⸢mi⸣ruŋ],カミルン,自動
[ka⸢muːŋ],カムーン,自動
[ka⸢mui],カムイ,名
[ka⸢mui],カムイ,名
[ka⸢muraː⸣ma],カムラーマ,名
[⸣kamuŋ],カムン,他動
[kamuŋ],カムン,他動
[kamuŋ],カムン,自動
[kamuŋ],カムン,自動
[⸣kamoːppiteː],カモーッピテー,名
[ka⸢ja],カヤ,名
[⸣kajaː],カヤー,終助
[⸣kajaː],カヤー,終助
[⸣kajaː],カヤー,終助
[⸣kajaː],カヤー,終助
[⸣kajaː],カヤー,終助
[⸣kajaː],カヤー,終助
[⸣gajaː],ガヤー,名
[⸣gajaː ⸢ʔaipu̥su],ガヤーアイプス,連
[ga⸢jaː⸣kubi],ガヤークビ,名
[ga⸢jaː⸣ʃi̥ki],ガヤーシキ,名
[ga⸢jaː⸣suri],ガヤースリ,名
[ga⸢jaːsuri⸣pu̥su],ガヤースリプス,名
[⸣gajaː ⸣suruŋ],ガヤースルン,連
[ka⸢jaːsuŋ],カヤースン,他動
[⸣gajaːtinʣoː],ガヤーティンゾー,名
[ga⸢jaː⸣nuː],ガヤーヌー,名
[ga⸢jaː⸣nuː],ガヤーヌー,名
[⸣gajaːpaʤiŋ],ガヤーパジン,名
[ga⸢jaːm⸣ miː],ガヤーンミー,連
[⸣gajajaː],ガヤヤー,名
[ka⸢juːŋ],カユーン,自動
[ka⸢joːriŋ],カヨーリン,自動
[⸣kajoːŋ],カヨーン,名
[ka⸢ra],カラ,名
[ka⸢ra],カラ,名
[ka⸢ra],カラ,名
[⸣kara],カラ,助数
[ga⸢ra],ガラ,名
[ga⸢ra],ガラ,名
[ga⸢ra],ガラ,名
[karaː⸢karaː⸣ʃi],カラーカラーシ,副
[ka⸢raːkaraː⸣ʃi],カラーカラーシ,副
[ka⸢raː⸣ŋ],カラーン,形
[ka⸢raʔiː],カライー,名
[ka⸢raiki],カライキ,名
[ka⸢ra⸣ʔiʃi],カライシ,名
[ka⸢rai⸣ruŋ],カライルン,他動
[ka⸢rai⸣ruŋ],カライルン,他動
[ka⸢ra ʔuŋ],カラウン,名
[⸣karauŋ],カラウン,他動
[ka⸢rakaːranu],カラカーラヌ,連
[ka⸢rakauŋ],カラカウン,他動
[ka⸢rakauŋ],カラカウン,他動
[ga⸢ragara],ガラガラ,副
[ga⸢ra⸣garaː],ガラガラー,名
[ka⸢rakannaːru],カラカンナール,名
[ka⸢ragu],カラグ,名
[ka⸢rakuʤi],カラクジ,名
[ga⸢ra⸣ku⸢toːtu],ガラクトートゥ,感
[カ⸢ラ⸣クリ],カラクリ,名
[ga⸢ra⸣sa],ガラサ,名
[ka⸢rasaː],カラサー,名
[ka⸢ra⸣saːʃi̥ʦu],カラサーシツ,名
[ka⸢raʣaki],カラザキ,名
[ga⸢ra⸣saniːbaru],ガラサニーバル,名
[ga⸢rasa⸣nu ⸢koː⸣ma],ガラサヌコーマ,連
[ga⸢rasa⸣nu ɸu̥⸢ʧi],ガラサヌフチ,連
[ga⸢ra⸣sapabu],ガラサパブ,名
[ga⸢ra⸣samaːru],ガラサマール,名
[ga⸢ra⸣samai],ガラサマイ,名
[ka⸢raʤiː],カラジー,名
[ka⸢raʃiːʃi],カラシーシ,名
[ka⸢raʃiʧiŋ],カラシチン,名
[ka⸢ra⸣ʃini],カラシニ,名
[ka⸢raʃijaː],カラシヤー,名
[ka⸢raʃuː],カラシュー,名
[ka⸢ra⸣su],カラス,名
[ka⸢rasuː],カラスー,名
[ka⸢raʣuː⸣waŋ],カラズーワン,形
[ka⸢rasuŋ],カラスン,他動
[ga⸢rasuŋ],ガラスン,他動
[ga⸢rasuŋ],ガラスン,他動
[ga⸢ra⸣suŋ],ガラスン,他動
[ka⸢ra⸣ta],カラタ,名
[ka⸢rassaːku],カラッサーク,名
[ka⸢rassu],カラッス,名
[ka⸢rassuri],カラッスリ,名
[garat⸢ti],ガラッティ,副
[ka⸢ratiː],カラティー,名
[ka⸢raduː],カラドゥー,名
[ka⸢ranaki],カラナキ,名
[ka⸢ra⸣niː],カラニー,名
[ka⸢raneːʃi],カラネーシ,名
[ka⸢rapai],カラパイ,名
[ka⸢rapaku],カラパク,名
[ka⸢rabata],カラバタ,名
[ka⸢rabata],カラバタ,名
[ka⸢rabatʦaː⸣ŋ],カラバッツァーン,形
[ka⸢rapanaʃi̥ki],カラパナシキ,名
[ka⸢rabari],カラバリ,名
[ka⸢rabaru],カラバル,名
[ka⸢rapaŋ],カラパン,名
[ka⸢rabiːbaki],カラビーバキ,名
[ka⸢rapisa],カラピサ,名
[ka⸢rapiʃi],カラピシ,名
[ka⸢raɸuki],カラフキ,名
[ka⸢raɸuʧi],カラフチ,名
[ka⸢ra⸣puni],カラプニ,名
[ka⸢ra⸣puni],カラプニ,名
[ka⸢raɸun⸣ʦa],カラフンツァ,名
[ka⸢ramaːsu],カラマース,名
[ka⸢ramaːsuŋ],カラマースン,他動
[ka⸢ramaːri],カラマーリ,名
[ka⸢rama⸣kuŋ],カラマクン,他動
[ka⸢rama⸣kuŋ],カラマクン,自動
[ka⸢rama⸣ruŋ],カラマルン,自動
[ka⸢rami⸣ruŋ],カラミルン,他動
[ka⸢rami⸣ruŋ],カラミルン,他動
[ka⸢ramunu],カラムヌ,名
[ka⸢ra⸣muŋ],カラムン,他動
[ka⸢ra⸣muŋ],カラムン,他動
[ka⸢ra⸣mun],カラムン,自動
[ka⸢ra⸣mun],カラムン,自動
[ka⸢rajaŋ],カラヤン,名
[ka⸢rawaʣa],カラワザ,名
[ka⸢raʔmbuʃi],カランブシ,名
[ka⸢ri],カリ,代
[ka⸢ri],カリ,代
[ka⸢ri],カリ,名
[ka⸢riʣaku],カリザク,名
[ka⸢riʤiː],カリジー,名
[ka⸢riʤibuŋ],カリジブン,名
[ka⸢ridaka],カリダカ,名
[ga⸢ripikari],ガリピカリ,名
[ka⸢ripusu],カリプス,名
[ka⸢rimunu],カリムヌ,名
[ka⸢rijaː],カリヤー,名
[ga⸢rijuːnaː],ガリユーナー,連
[ka⸢rijuʃi],カリユシ,名
[ga⸢riŋgata],ガリンガタ,名
[ka⸢riŋ⸣kuriŋ],カリンクリン,連
[ga⸢ru],ガル,名
[⸣garu],ガル,名
[⸣karui],カルイ,名
[⸣karui ⸢ʔoːru⸣ŋ],カルイオールン,連
[ka⸢rui⸣sïkuŋ],カルイシゥクン,他動
[⸣karui ʃi̥⸢ki⸣ruŋ],カルイシキルン,連
[⸣karui ta⸢boː⸣ruŋ],カルイタボールン,連
[ka⸢rui⸣nu ⸣guʃi],カルイヌグシ,連
[ka⸢ruimaː⸣suŋ],カルイマースン,他動
[ka⸢rui⸣ruŋ],カルイルン,他動
[ga⸢ruma⸣ki],ガルマキ,他動
[ka⸢ruma⸣kuŋ],カルマクン,他動
[ka⸢ru⸣muŋ],カルムン,他動
[⸣garujukuŋ],ガルユクン,名
[ka⸢ruŋ],カルン,他動
[ka⸢ruŋ],カルン,他動
[ga⸢ruŋ],ガルン,自動
[ga⸢ruŋ],ガルン,自動
[ka⸢ruŋgakiraranu],カルンガキララヌ,他動
[ka⸢runʤiruŋ],カルンジルン,他動
[ka⸢runʣuŋ],カルンズン,他動
[ka⸢reː],カレー,連
[ka⸢reː],カレー,連
[ka⸢roːkaroː⸣ʃi],カローカローシ,副
[karoː⸢karoː⸣ʃi],カローカローシ,副
[ka⸢roː⸣ŋ],カローン,形
[ga⸢roː⸣ŋ],ガローン,形
[ka⸢wasuŋ],カワスン,他動
[ka⸢watta⸣ ku̥tu],カワッタクトゥ,連
[⸣kaŋ],カン,名
[⸣kaŋ],カン,名
[⸣kaŋ],カン,名
[⸣kaŋ],カン,名
[⸢gaŋ],ガン,名
[⸢kaŋʔata⸣ru],カンアタル,名
[⸢kaŋ⸣gai],カンガイ,名
[⸢kaŋ⸣gaigutu],カンガイグトゥ,名
[⸢kaŋgai⸣kumuŋ],カンガイクムン,自動
[kaŋgai⸣ʧigai],カンガイチガイ,名
[⸢kaŋgainoː⸣suŋ],カンガイノースン,他動
[⸢kaŋgaibusu̥⸣ku],カンガイブスク,名
[⸢kaŋgai⸣munu],カンガイムヌ,名
[⸢kaŋgai⸣ruŋ],カンガイルン,他動
[⸢kaŋgaiʔnʣa⸣suŋ],カンガインザスン,他動
[⸢kaŋ⸣gauŋ],カンガウン,他動
[⸢kaŋkakari⸣munu],カンカカリムヌ,名
[⸢kaŋgaka⸣ru],カンガカル,名
[⸢kaŋgaka⸣ru],カンガカル,名
[⸢kaŋgana⸣ʃi],カンガナシ,名
[⸣kaŋ ka⸢mi⸣ruŋ],カンカミルン,連
[kaŋ⸢karaː⸣ma],カンカラーマ,名
[⸢kaŋkaŋ],カンカン,名
[⸣kaŋkaŋ],カンカン,名
[⸢kaŋ⸣gaŋ],カンガン,名
[⸢kaŋ⸣gaŋ],カンガン,名
[⸣gaŋgaŋ],ガンガン,名
[⸢kaŋgaŋ⸣ʔiʦa],カンガンイツァ,名
[⸢gaŋkaŋ⸣ʃi],ガンカンシ,副
[⸢gaŋgaŋ⸣ʃi],ガンガンシ,副
[⸢gaŋgaŋ⸣ʃi],ガンガンシ,副
[⸣gaŋgaŋʃiru],ガンガンシル,名
[⸣gaŋgantaŋgu],ガンガンタング,名
[⸣gaŋgampaku],ガンガンパク,名
[⸢kaŋgam⸣muʧi],カンガンムチ,名
[⸢kaŋkiː],カンキー,名
[⸢kaŋ⸣kisuŋ],カンキスン,他動
[⸢gaŋ⸣kjoː],ガンキョー,名
[⸢gaŋku],ガンク,名
[⸢kaŋgu⸣ku],カングク,名
[⸢kaŋgu⸣tu],カングトゥ,名
[⸢kaŋkumu⸣ʧi],カンクムチ,名
[⸢kaŋkoː⸣roː],カンコーロー,名
[⸢kanʣa],カンザ,代
[⸢kansaka⸣sa],カンサカサ,名
[⸢kan⸣saʦu],カンサツ,名
[⸢kanʣatu⸣jaː],カンザトゥヤー,名
[⸢kanʣa⸣jaː],カンザヤー,名
[⸢kan⸣ʣaruŋ],カンザルン,他動
[⸢kaŋ⸣ʃi̥ʧi],カンシチ,名
[⸢kaŋ⸣ʃiba],カンシバ,名
[⸢kaŋʃibi⸣ruŋ],カンシビルン,他動
[⸢gan⸣ʤimi],ガンジミ,名
[⸢kan⸣ʤoː],カンジョー,名
[⸢kaŋʃira⸣ʃi],カンシラシ,名
[⸢gan⸣ʣuː],ガンズー,名
[⸢ganʣuː⸣mari],ガンズーマリ,名
[⸢ganʣuː⸣munu],ガンズームヌ,名
[⸢ganʣuː⸣ruŋ],ガンズールン,自動
[⸢kanʣuː⸣waŋ],カンズーワン,形
[⸢kan⸣su̥kuŋ],カンスクン,自動
[⸢kan⸣ʣumi],カンズミ,名
[⸢kan⸣suru],カンスル,名
[⸢kanʣoː],カンゾー,名
[gan⸢ʣoːganʣoː⸣ʃi],ガンゾーガンゾーシ,副
[⸢gan⸣ʣoːŋ],ガンゾーン,形
[⸢kan⸣taː],カンター,名
[⸢kan⸣taː],カンター,名
[⸢kandaː⸣ri],カンダーリ,名
[⸢kandakaː⸣ʔiʃi],カンダカーイシ,名
[⸢kandakaː⸣ŋ],カンダカーン,形
[⸢gandaragoː],ガンダラゴー,名
[⸢gandaragoː⸣ kḁ⸢tami⸣pu̥su],ガンダラゴーカタミプス,連
[⸢gandaragoːjaː],ガンダラゴーヤー,名
[⸢kandaŋ⸣ʔiʃi],カンダンイシ,名
[⸢kandan⸣doː],カンダンドー,固
[⸢kan⸣ʧigai],カンチガイ,名
[⸢kan⸣ʧoː],カンチョー,名
[⸢kan⸣ʦaːʔasabi],カンツァーアサビ,名
[⸢kanʦaː⸣suŋ],カンツァースン,他動
[⸢-kantiː],カンティー,接尾
[⸣kandoː],カンドー,名
[⸢gandoːnukiru],ガンドーヌキル,名
[⸢gandoːri⸣munu],ガンドーリムヌ,名
[⸢gandoː⸣ruŋ],ガンドールン,自動
[⸢kan⸣du],カンドゥ,名
[⸣kan tu⸢buŋ],カントゥブン,連
[⸢kandujabu⸣ri],カンドゥヤブリ,名
[⸢kan⸣turuŋ],カントゥルン,他動
[⸢kantuŋ⸣gaː],カントゥンガー,名
[⸢kannaː⸣ru],カンナール,名
[⸢kan⸣nigai],カンニガイ,名
[⸢kan⸣nu ⸣kuː],カンヌクー,連
[⸢kan⸣nu ku⸢mu⸣ru],カンヌクムル,連
[⸢kan⸣nuʃi],カンヌシ,名
[⸢kannu⸣ffa],カンヌッふァ,名
[⸢kannu⸣mai],カンヌマイ,名
[⸢kan⸣nu ⸣miʧi],カンヌミチ,連
[⸢kan⸣nu ⸣juː],カンヌユー,連
[⸢kan⸣ne],カンネ,連
[⸢gam⸣paʤi],ガンパジ,名
[⸢kampaʧi],カンパチ,名
[⸢kam⸣baʧeː ⸢joːnnaː],カンバチェーヨーンナー,連
[⸢kambajaː⸣ŋ],カンバヤーン,形
[⸢kampajaː⸣ŋ],カンパヤーン,形
[⸢gampara],ガンパラ,名
[⸢gamparamiʧi],ガンパラミチ,名
[⸢gam⸣bari],ガンバリ,名
[⸢kam⸣pjuː],カンピュー,名
[⸢kampjuː⸣ru],カンピュール,名
[⸢kam⸣bjoː],カンビョー,名
[⸢kambjoːbuga⸣ri],カンビョーブガリ,名
[⸣kampira],カンピラ,名
[⸢kambira⸣ki],カンビラキ,名
[⸢kam⸣biŋ],カンビン,名
[⸢kam⸣puː],カンプー,名
[⸢kam⸣pu̥su],カンプス,名
[⸢kaŋ⸣ɸu̥ʧi],カンフチ,名
[⸢kamputu⸣ki],カンプトゥキ,名
[⸢kam⸣buri],カンブリ,名
[⸣gamboːʃi],ガンボーシ,名
[⸢kam⸣maki],カンマキ,名
[⸢gam⸣maraː],ガンマラー,名
[⸢gam⸣maraːŋ],ガンマラーン,形
[⸢gam⸣mari],ガンマリ,名
[⸢gam⸣mari ⸢suŋ],ガンマリスン,連
[⸢gaŋjaː],ガンヤー,名
[⸢kaɲjuː],カンユー,名
[⸢kaɲjoː⸣ruŋ],カンヨールン,自動
[⸢kaɲ⸣joi],カンヨイ,名
[⸢kan⸣ruː],カンルー,名
[⸢kanruːjabu⸣ri],カンルーヤブリ,名
[⸣ki],キ,接尾
[⸣kiː],キー,名
[⸢kiː],キー,名
[⸢kiː],キー,名
[⸢kiː],キー,名
[⸣giː],ギー,名
[⸢giː],ギー,名
[⸢kiːʔai⸣ku],キーアイク,名
[⸢kiːʔaida⸣ʧi],キーアイダチ,名
[⸢kiːʔiri],キーイリ,名
[⸢kiːʔuː⸣ru],キーウール,名
[⸢kiː⸣ʔuʃi],キーウシ,名
[⸢kiː⸣ʔuŋ],キーウン,名
[⸢giːkai],ギーカイ,名
[⸢giːkairi],ギーカイリ,名
[⸢kiː⸣kaʣa],キーカザ,名
[⸢kiːkasakasaː],キーカサカサー,名
[⸢giːgiː],ギーギー,副
[⸢giːgiː⸣ʃi],ギーギーシ,副
[⸢giːgiː⸣ʃi],ギーギーシ,副
[⸢giːgiː⸣ʃi],ギーギーシ,副
[⸢kiːkiʃinuki⸣ru],キーキシヌキル,名
[⸢kiː⸣ku],キーク,名
[⸢kiː⸣ku],キーク,名
[⸢giːgui],ギーグイ,名
[⸢giːgujaː],ギーグヤー,名
[⸢giːgoː⸣munu],ギーゴームヌ,名
[⸢giːgoːmunu],ギーゴームヌ,名
[⸢giːgoː⸣ŋ],ギーゴーン,形
[⸢kiːsï̥kai],キーシゥカイ,名
[⸢kiː⸣ʃi̥ki ⸣miruŋ],キーシキミルン,連
[⸢kiːʃi̥ki⸣ruŋ],キーシキルン,自動
[⸢kiː⸣ ʃi̥⸢ki⸣ruŋ],キーシキルン,連
[⸢kiːʃi̥ʧi],キーシチ,名
[⸢kiːʣu],キーズ,名
[⸢kiː suː⸣ruŋ],キースールン,連
[⸢kiːʣuː⸣waŋ],キーズーワン,形
[⸢kiːʣuː⸣waŋ],キーズーワン,形
[⸢giːʣuː⸣waŋ],ギーズーワン,形
[⸢kiː⸣su̥kuŋ],キースクン,自動
[⸢kiː⸣su̥kuŋ],キースクン,自動
[⸢kiː sura⸣suŋ],キースラスン,連
[⸢kiːsoː],キーソー,名
[⸢kiːdakaː⸣ŋ],キーダカーン,形
[⸢kiːtati⸣pu̥su],キータティプス,名
[⸢kiːtati⸣jaː],キータティヤー,名
[⸢kiːtati⸣ruŋ],キータティルン,他動
[⸢kiː⸣ tḁ⸢ti⸣ruŋ],キータティルン,連
[⸢kiː⸣ tḁtuŋ],キータトゥン,連
[⸢kiː⸣ tatuŋ],キータトゥン,連
[⸢kiːtamu⸣nu],キータムヌ,名
[⸢kiːdari],キーダリ,名
[⸢kiːdari suŋ],キーダリスン,連
[⸢kiːdari⸣munu],キーダリムヌ,名
[⸢kiː⸣daruŋ],キーダルン,自動
[⸢kiːk⸣kara],キーッカラ,名
[⸢giːkkiː⸣ʃi],ギーッキーシ,副
[giːt⸢ti],ギーッティ,副
[⸢kiːtoː⸣ʃi],キートーシ,名
[⸢kiː⸣ tu⸢ra⸣riŋ],キートゥラリン,連
[⸢kiː⸣ tu⸢rinoː⸣suŋ],キートゥリノースン,連
[⸢kiːniʔiri],キーニイリ,名
[⸢kiːnuː⸣ri],キーヌーリ,名
[⸢kiː⸣nu ⸣ʔaba],キーヌアバ,連
[⸢kiː⸣nu ⸣ʔaja],キーヌアヤ,連
[⸢kiːnu⸣ ʔa⸢raː⸣ŋ],キーヌアラーン,連
[⸢kiːnu⸣kaː],キーヌカー,名
[⸢kiː⸣nu ⸣kai],キーヌカイ,連
[⸢kiː⸣nu ⸣kiʃi],キーヌキシ,連
[⸢kiːnu⸣ki̥ʃi],キーヌキシ,名
[⸢kiː⸣nu ⸢ʃiː],キーヌシー,連
[⸢kiː⸣nu ⸣ʃiru],キーヌシル,連
[⸢kiː⸣nu ⸣sura],キーヌスラ,連
[⸢kiːnu⸣naru],キーヌナル,名
[⸢kiː⸣nu ⸣naru],キーヌナル,連
[⸢kiː⸣nu ⸣niː],キーヌニー,連
[⸢kiːnu⸣paː],キーヌパー,名
[⸢kiː⸣nu ⸣bai],キーヌバイ,連
[⸢kiːnupan⸣ta],キーヌパンタ,名
[⸢kiː⸣nu pan⸢taː⸣ma],キーヌパンターマ,連
[⸢kiː⸣nu ma⸢gareː],キーヌマガレー,連
[⸢kiː⸣nu ⸣mata],キーヌマタ,連
[⸢kiː⸣nu ⸣miː],キーヌミー,連
[⸢kiːnu⸣muʃi],キーヌムシ,名
[⸢giː⸣nu ⸣munu],ギーヌムヌ,連
[⸢kiː⸣nu ⸣jaː],キーヌヤー,連
[⸢kiːnu⸣juda],キーヌユダ,名
[⸢giːbaː],ギーバー,名
[⸢kiː⸣pai],キーパイ,名
[⸢kiːpagaː],キーパガー,名
[⸢kiːbaki⸣tana],キーバキタナ,名
[⸢kiːbakinuki⸣ru],キーバキヌキル,名
[⸢kiːbaki⸣pu̥su],キーバキプス,名
[⸢kiː⸣pḁku],キーパク,名
[⸢kiː⸣ bakuŋ],キーバクン,連
[⸢kiː⸣pḁʃi],キーパシ,名
[⸢kiːpaʧi⸣munu],キーパチムヌ,名
[⸢kiːpaʦaː⸣ŋ],キーパツァーン,形
[⸢kiːpajaː⸣ŋ],キーパヤーン,形
[⸢kiː⸣ paruŋ],キーパルン,連
[⸢giːbaruŋ],ギーバルン,自動
[⸢kiː⸣pu̥sai],キープサイ,名
[⸣kiː pu̥⸢sauŋ],キープサウン,連
[⸢kiː⸣puʣoː],キープゾー,名
[⸢kiː⸣ɸu̥ta],キーフタ,名
[⸢kiːbuttaː],キーブッター,名
[⸢kiːpu̥tu⸣ki],キープトゥキ,名
[⸢kiːburu],キーブル,名
[⸢kiːburusuŋ],キーブルスン,自動
[⸢kiːburu suŋ],キーブルスン,連
[⸢kiː⸣ɸuŋ],キーフン,名
[⸢kiːboː⸣ŋ],キーボーン,形
[⸢kiː⸣boːŋ],キーボーン,形
[⸢kiːmaf⸣fa],キーマッふァ,名
[⸢kiːmuiŋgaː⸣ri],キームインガーリ,名
[⸢kiːmuʃi],キームシ,名
[⸢kiːmuʧi],キームチ,名
[⸢giːmu⸣ʧi],ギームチ,名
[⸢giːmuduru],ギームドゥル,名
[kiː⸢ja⸣ma],キーヤマ,名
[⸢-kiː⸣ru],キール,助
[⸢kiːru],キール,名
[⸢kiːrumuʧi],キールムチ,名
[⸢kiːrumuŋ],キールムン,自動
[⸢kiːruŋ],キールン,自動
[⸢kiːruŋkoː],キールンコー,名
[⸢giːŋgoːŋ],ギーンゴーン,形
[⸢kiːʔm⸣ma],キーンマ,名
[⸣kiga],キガ,名
[⸣ki̥kai],キカイ,名
[ki⸢gai],キガイ,名
[ki⸢gai],キガイ,名
[ki̥⸢kai⸣ʃiŋ],キカイシン,名
[ki⸢ga⸣niŋ],キガニン,名
[ki⸢garasuŋ],キガラスン,他動
[ki⸢garimunu],キガリムヌ,名
[ki⸢gariruŋ],キガリルン,自動
[ki⸢gariŋ],キガリン,自動
[ki⸢garuŋ],キガルン,自動
[ki̥⸢kan⸣ʧoː],キカンチョー,名
[ki̥⸢kjoːʣara],キキョーザラ,名
[ki⸢giŋ],キギン,名
[⸣ki̥ku],キク,名
[ki̥⸢kuʣa⸣ki],キクザキ,名
[ki̥⸢kut⸣ʦaːŋ],キクッツァーン,形
[ki⸢guŋ],キグン,他動
[⸣ki̥sa],キサ,名
[ki̥⸢sa],キサ,副
[⸣kiʣa],キザ,名
[⸣gisaː],ギサー,名
[ki⸢ʣaːsariŋ],キザーサリン,他動
[ki⸢ʣaːʃi],キザーシ,名
[ki⸢ʣaːʃimunu],キザーシムヌ,名
[ki⸢ʣaːsuŋ],キザースン,他動
[ki̥saː⸢ti],キサーティ,副
[ki⸢ʣa⸣ku],キザク,名
[ki⸢ʣa⸣ku],キザク,名
[ki⸢sa⸣suŋ],キサスン,他動
[ki̥⸢sa⸣suŋ],キサスン,他動
[ki̥⸢sa⸣suŋ],キサスン,他動
[ki̥⸢sasuŋ],キサスン,他動
[ki̥⸢sa⸣suŋ],キサスン,他動
[ki⸢ʣa⸣paŋ],キザパン,名
[ki⸢ʣamiʔiʦa],キザミイツァ,名
[ki⸢ʣamikubu],キザミクブ,名
[ki⸢ʣamitabaku],キザミタバク,名
[ki⸢ʣamipoːʦaː],キザミポーツァー,名
[ki⸢ʣamiruŋ],キザミルン,他動
[ki⸢ʣamuŋ],キザムン,他動
[ki⸢ʣarigusuku],キザリグスク,名
[ki⸢ʣaru],キザル,名
[ki⸢ʣarukiʣaru],キザルキザル,連
[⸣kiʣaŋ],キザン,名
[⸣gisaŋ],ギサン,助動
[⸣gisaŋ],ギサン,名
[ki⸢ʣam⸣munu],キザンムヌ,名
[⸣ki̥ʃi],キシ,名
[⸣ki̥ʃi],キシ,名
[⸣ki̥ʃi],キシ,名
[ki⸢ʤi],キジ,名
[⸣giʃi],ギシ,名
[ki⸢ʃeː⸣ma],キシェーマ,名
[⸢kiʃi̥ki],キシキ,名
[⸢giʃi̥⸣ki],ギシキ,名
[gi⸢ʃigiʃi],ギシギシ,副
[ki̥⸢ʃikukuʧi],キシククチ,名
[⸣giʃisi̥kai],ギシシゥカイ,名
[ki⸢ʤiʃi̥ki⸣ruŋ],キジシキルン,他動
[ki⸢ʃiʃi̥ti⸣ruŋ],キシシティルン,他動
[ki⸢ʤi⸣ su̥kuŋ],キジスクン,連
[ki̥⸢ʃitʦaː⸣suŋ],キシッツァースン,他動
[ki̥⸢ʃitʦaː⸣ruŋ],キシッツァールン,自動
[ki̥⸢ʃittoː⸣suŋ],キシットースン,他動
[ki⸢ʃidoːri],キシドーリ,名
[⸣ki̥ʃituruŋ],キシトゥルン,他動
[ki⸢ʃipai⸣ru],キシパイル,名
[ki̥⸢ʃipada],キシパダ,名
[ki̥⸢ʃipan⸣suŋ],キシパンスン,他動
[ki̥⸢ʃiɸu̥kurasuŋ],キシフクラスン,他動
[ki̥⸢ʃiɸukuri],キシフクリ,名
[ki̥⸢ʃiɸuʧi],キシフチ,名
[ki̥⸢ʃiɸuʧi],キシフチ,名
[ki̥⸢ʃi⸣ɸu̥ʧi],キシフチ,名
[ki̥⸢ʃi⸣munu],キシムヌ,名
[ki⸢ʃi⸣ru],キシル,名
[ki̥⸢ʃiru⸣nu ⸣sau],キシルヌサウ,連
[ki⸢ʃiru⸣nu sa⸢ra],キシルヌサラ,連
[ki⸢ʃiru⸣nu ⸣ssu],キシルヌッス,連
[ki⸢ʃi⸣ruŋ],キシルン,自動
[ki⸢ʃi⸣ruŋ],キシルン,自動
[ki⸢ʃi⸣ruŋ],キシルン,自動
[ki̥⸢suku],キスク,名
[⸢kisu̥kuŋ],キスクン,他動
[⸢kisu̥⸣kuŋ],キスクン,自動
[⸢kisu̥⸣kuŋ],キスクン,自動
[⸣ki̥suŋ],キスン,他動
[⸣ki̥suŋ],キスン,他動
[⸣ki̥suŋ],キスン,自動
[ki̥⸢suŋ],キスン,自動
[⸣-ki̥suŋ],キスン,補動
[ki⸢ʣuŋ],キズン,他動
[⸣kiʣuŋ],キズン,他動
[ki⸢ʣuŋ],キズン,他動
[ki⸢soː],キソー,名
[⸣ki̥ta],キタ,名
[⸣ki̥ta],キタ,名
[⸣ki̥ta],キタ,名
[ki⸢da],キダ,名
[⸣ki̥taʔaŋ],キタアン,名
[ki̥⸢tai⸣ruŋ],キタイルン,他動
[ki̥⸢taʃiki⸣ruŋ],キタシキルン,自動
[ki⸢daʃi̥keː],キダシケー,固
[ki̥⸢ta⸣sukuŋ],キタスクン,自動
[ki̥⸢ta⸣sukuŋ],キタスクン,自動
[ki⸢danu⸣ naru],キダヌナル,連
[ki⸢danu⸣naru],キダヌナル,名
[ki⸢dabana],キダバナ,固
[⸣ki̥ʧi],キチ,名
[⸣ki̥ʧi],キチ,名
[gi⸢ʧi],ギチ,名
[ki̥⸢ʧikaʣa],キチカザ,名
[ki̥⸢ʧigoŋ],キチゴン,名
[ki̥⸢ʧissaː⸣ku],キチッサーク,名
[gi⸢ʧi⸣naː],ギチナー,名
[ki̥⸢ʧi⸣niŋ],キチニン,名
[ki̥⸢ʦamuni],キツァムニ,名
[ki⸢ʦa⸣ŋ],キツァン,形
[ki⸢ʦa⸣ŋ],キツァン,形
[⸢kik⸣kara],キッカラ,名
[⸢gikkjuː],ギッキュー,名
[kis⸢sa],キッサ,副
[⸢kis⸣su],キッス,名
[⸢kitʦaː⸣suŋ],キッツァースン,他動
[git⸢ti],ギッティ,副
[git⸢ti],ギッティ,副
[⸢kittu],キットゥ,副
[kit⸢tu],キットゥ,副
[⸢kittuː],キットゥー,名
[⸢kittuː],キットゥー,名
[⸢kit⸣tuː],キットゥー,名
[⸢kittuba⸣suŋ],キットゥバスン,他動
[⸢kippai],キッパイ,名
[⸢kip⸣pu],キップ,名
[ki̥⸢tiŋ],キティン,名
[kitoː],キトー,名
[ki⸢du],キドゥ,名
[ki⸢du nukuŋ],キドゥヌクン,連
[ki⸢dunu⸣ munu],キドゥヌムヌ,連
[ki⸢naː⸣ŋ],キナーン,形
[ki⸢nai],キナイ,名
[ki⸢nai],キナイ,名
[⸣kinai],キナイ,名
[ki⸢naikaːʤi],キナイカージ,連
[ki⸢naiʣuː],キナイズー,名
[ki⸢naidati],キナイダティ,名
[ki⸢naidoŋgu],キナイドング,名
[ki⸢nainin⸣ʣu],キナイニンズ,名
[ki⸢naininʣuː],キナイニンズー,名
[ki⸢naimuʧi],キナイムチ,名
[ki⸢naimuʧi⸣ʣaku],キナイムチザク,名
[ki⸢naimuʧiʣoː⸣ʤi],キナイムチゾージ,名
[ki⸢nai⸣ mutuŋ],キナイムトゥン,連
[ki⸢naimundoː],キナイムンドー,名
[ki⸢naf⸣fa],キナッふァ,名
[ki⸢namari],キナマリ,名
[ki⸢na⸣muni],キナムニ,名
[⸣kiniː],キニー,名
[ki⸢nuŋ],キヌン,他動
[⸣kinoː],キノー,名
[⸣kinoːkjuː],キノーキュー,名
[ki⸢noː⸣nu ⸣juː],キノーヌユー,連
[kinoː⸢buʃi̥⸣tui],キノーブシトゥイ,名
[ki⸢banaː⸣ŋ],キバナーン,形
[⸣kibi],キビ,名
[ki⸢bis⸣saŋ],キビッサン,形
[ki⸢bis⸣saŋ],キビッサン,形
[ki̥⸢ɸuː],キフー,名
[ki⸢bu⸣ra],キブラ,名
[ki⸢bu⸣ru],キブル,助数
[ki⸢buŋ],キブン,名
[ki⸢boːʃi],キボーシ,名
[ki⸢boːʃiʔami],キボーシアミ,名
[ki⸢boːʃikaʣa],キボーシカザ,名
[ki⸢boːʃinu⸣ miː],キボーシヌミー,連
[ki⸢mama],キママ,名
[ki⸢mari],キマリ,名
[ki⸢maruŋ],キマルン,自動
[ki⸢miʃi̥kiruŋ],キミシキルン,他動
[ki⸢misu̥kuŋ],キミスクン,他動
[ki⸢miruŋ],キミルン,他動
[⸣kimu],キム,名
[⸣kimu],キム,名
[kimuː⸢kimu⸣ʃi],キムーキムシ,副
[⸣kimu ⸢ʔaː⸣suŋ],キムアースン,連
[ki⸢muʔaː⸣ri],キムアーリ,名
[⸣kimu ʔaːruŋ],キムアールン,連
[ki⸢muʔasaː⸣ŋ],キムアサーン,形
[⸣kimu ʔa⸢taruŋ],キムアタルン,連
[ki⸢muʔaʦaː⸣ŋ],キムアツァーン,形
[ki⸢muʔaŋ⸣gari],キムアンガリ,名
[ki⸢muʔikaraː⸣ŋ],キムイカラーン,形
[ki⸢mui⸣ʦaː ⸢suŋ],キムイツァースン,連
[ki⸢mui⸣ʦaːŋ],キムイツァーン,形
[ki⸢muiʦamunu],キムイツァムヌ,名
[ki⸢mu⸣ʔiri],キムイリ,名
[⸣kimu ʔi⸢ruŋ],キムイルン,連
[⸣kimu ʔu⸢kuŋ],キムウクン,連
[⸣kimu ʔu⸢kuŋ],キムウクン,連
[ki⸢muʔudara⸣ki],キムウダラキ,名
[ki⸢muʔudara⸣ki ʔn⸢niʔudaraki],キムウダラキンニウダラキ,連
[ki⸢mu⸣ʔuʧi],キムウチ,名
[⸣kimu ʔu⸢tisï̥ka⸣suŋ],キムウティシゥカスン,連
[ki⸢mu⸣ʔuti ⸢suŋ],キムウティスン,連
[⸣kimu ʔutuŋ],キムウトゥン,連
[ki⸢mugaː⸣ri],キムガーリ,名
[⸣kimu ⸢kaːruŋ],キムカールン,連
[ki⸢mukai⸣jaŋ],キムカイヤン,形
[⸣kimu ⸢kai⸣ruŋ],キムカイルン,連
[ki⸢mugaka⸣ri],キムガカリ,名
[ki⸢mugasaː⸣ŋ],キムガサーン,形
[ki⸢mugasaga⸣sa ⸢suŋ],キムガサガサスン,連
[ki⸢mukasama⸣saŋ],キムカサマサン,形
[ki⸢mugataga⸣taː],キムガタガター,連
[ki⸢mugak⸣kai],キムガッカイ,名
[ki⸢mugamaːra⸣saŋ],キムガマーラサン,形
[⸣kimu ga⸢ruŋ],キムガルン,連
[ki⸢muguku⸣ru],キムグクル,名
[ki⸢mugumaː],キムグマー,名
[ki⸢mugumaː⸣ŋ],キムグマーン,形
[ki⸢mukura⸣ʃi],キムクラシ,名
[ki⸢muguri⸣saŋ],キムグリサン,形
[ki⸢muguri⸣munu],キムグリムヌ,名
[ki⸢musaː⸣saː],キムサーサー,副
[ki⸢muʣani⸣japu̥su],キムザニヤプス,名
[ki⸢musani⸣jaŋ],キムサニヤン,形
[ki⸢musabi⸣saŋ],キムサビサン,形
[ki⸢musaraː⸣ŋ],キムサラーン,形
[ki⸢muwawa⸣gi],キムサワギ,名
[ki⸢muʃikaraː⸣ŋ],キムシカラーン,形
[⸣kimu ʃi⸢naː⸣suŋ],キムシナースン,連
[⸣kimu ʃi⸢nauŋ],キムシナウン,連
[ki⸢muʃipi⸣ri ⸢suŋ],キムシピリスン,連
[ki⸢muʃirara⸣nu],キムシララヌ,連
[ki⸢mu⸣ʃiru],キムシル,名
[ki⸢muʃirukaː⸣ʃiru ⸢suŋ],キムシルカーシルスン,連
[ki⸢mu⸣ʃiru ⸢suŋ],キムシルスン,連
[ki⸢muʣuː⸣waŋ],キムズーワン,形
[⸣kimu su̥⸢kutʦaːsariŋ],キムスクッツァーサリン,連
[⸣kimu su⸢ra⸣suŋ],キムスラスン,連
[⸣kimu su⸢ri⸣ruŋ],キムスリルン,連
[ki⸢mu⸣ʣurui],キムズルイ,名
[ki⸢mudaː⸣ri],キムダーリ,名
[ki⸢mudaː⸣ri ⸢suŋ],キムダーリスン,連
[ki⸢mudakaː⸣ŋ],キムダカーン,形
[ki⸢mutaraː⸣ʃi],キムタラーシ,名
[ki⸢mu⸣dari],キムダリ,名
[⸣kimu ⸣daruŋ],キムダルン,連
[ki⸢muʧi],キムチ,名
[⸣kimu tu⸢ra⸣riŋ],キムトゥラリン,連
[ki⸢mu⸣ turuŋ],キムトゥルン,連
[⸣kimu ⸣dondon ⸢suŋ],キムドンドンスン,連
[ki⸢mu⸣naː kḁ⸢ka⸣ruŋ],キムナーカカルン,連
[ki⸢mu⸣naː su⸢maruŋ],キムナースマルン,連
[⸣kimu ⸢naː⸣nu],キムナーヌ,連
[ki⸢munagaː⸣ŋ],キムナガーン,形
[⸣kimu ʔaŋ],キムヌアン,連
[ki⸢mu⸣nu ʔu⸢mu⸣tiŋ],キムヌウムティン,連
[ki⸢munuka⸣ru],キムヌカル,名
[ki⸢mu⸣nu ⸢ʃin⸣ʤi],キムヌシンジ,連
[ki⸢mu⸣nu ⸢soː],キムヌソー,連
[ki⸢mu⸣nu ta⸢dari⸣su̥ku],キムヌタダリスク,連
[ki⸢munu⸣ ffa],キムヌッふァ,連
[ki⸢munu⸣ffa],キムヌッふァ,名
[ki⸢munu⸣du ⸣munoː ⸣miru],キムヌドゥムノーミル,連
[ki⸢mu⸣nu ⸣nubi],キムヌヌビ,連
[ki⸢mu⸣nu ba⸢ʣaːruŋ],キムヌバザールン,連
[⸢kimunube⸣ː],キムヌベー,名
[ki⸢munubeː⸣ŋ],キムヌベーン,形
[ki⸢munubeː⸣ŋ],キムヌベーン,形
[ki⸢munu⸣ juri],キムヌユリ,連
[ki⸢munu⸣ juri],キムヌユリ,連
[ki⸢munoː⸣ʃi],キムノーシ,名
[⸣kimu ⸢noː⸣suŋ],キムノースン,連
[⸣kimu ⸢noː⸣ruŋ],キムノールン,連
[ki⸢mubakaː⸣ŋ],キムバカーン,形
[⸣kimu ba⸢kuŋ],キムバクン,連
[⸣kimu ba⸢ʣaːruŋ],キムバザールン,連
[ki⸢mu⸣ba ⸣mutuŋ],キムバムトゥン,連
[ki⸢mupajaː⸣ŋ],キムパヤーン,形
[⸣kimu pa⸢ri⸣ruŋ],キムパリルン,連
[ki⸢mupiː⸣ʧi],キムピーチ,名
[⸣kimu ⸢piːra⸣suŋ],キムピーラスン,連
[ki⸢mu⸣pi̥ki],キムピキ,名
[⸣kimu bi⸢ʃiruŋ],キムビシルン,連
[ki⸢mupida⸣ti],キムピダティ,名
[ki⸢mupida⸣mi],キムピダミ,名
[⸣kimu ⸢pjaːŋ⸣garuŋ],キムピャーンガルン,連
[ki⸢mupira⸣keːŋ],キムピラケーン,形
[⸣kimu bi⸢ruŋ],キムビルン,連
[ki⸢mu⸣ɸuku],キムフク,名
[kimuɸu̥ku⸢reː],キムフクレー,感
[ki⸢muɸu̥ku⸣reːŋ],キムフクレーン,形
[ki⸢mu⸣ɸuguŋ],キムフグン,自動
[⸣kimu ɸu⸢guŋ],キムフグン,連
[⸣kimu ɸu̥⸢tuɸutuː],キムフトゥフトゥー,連
[⸣kimu ɸu⸢rakkuŋ],キムフラックン,連
[ki⸢mu⸣buri],キムブリ,名
[ki⸢mumai⸣jaŋ],キムマイヤン,形
[ki⸢mu⸣misaŋ],キムミサン,形
[ki⸢mumuʧi⸣munu],キムムチムヌ,名
[ki⸢mujakaʃi⸣ffa],キムヤカシッふァ,名
[⸣kimu ja⸢kuŋ],キムヤクン,連
[ki⸢mujas⸣sa],キムヤッサ,副
[ki⸢mujas⸣saŋ],キムヤッサン,形
[ki⸢mujani⸣jaŋ],キムヤニヤン,形
[⸣kimu ja⸢bi⸣ruŋ],キムヤビルン,連
[⸣kimu ja⸢ma⸣suŋ],キムヤマスン,連
[ki⸢mu⸣jami],キムヤミ,名
[ki⸢mu⸣ jamuŋ],キムヤムン,自動
[ki⸢mujura⸣ʃi],キムユラシ,名
[⸣kimu ju⸢ra⸣suŋ],キムユラスン,連
[ki⸢mu⸣juri⸢suŋ],キムユリスン,連
[ki⸢muŋ],キムン,他動
[ki⸢muŋgaː⸣ri],キムンガーリ,名
[⸣kimu ʔŋ⸢kauŋ],キムンカウン,連
[ki⸢muŋgaka⸣ri],キムンガカリ,名
[⸣kimuŋ ki⸢munara⸣nu],キムンキムナラヌ,連
[ki⸢mungu⸣ʧi],キムングチ,名
[⸣kimoː ⸢ʔukkeː⸣ruŋ],キモーウッケールン,連
[⸣kimoː sḁ⸢ki⸣nari],キモーサキナリ,連
[ki⸢moːs⸣sa],キモーッサ,副
[ki⸢moːs⸣saŋ],キモーッサン,形
[⸣kimoː ⸢naː⸣nu],キモーナーヌ,連
[⸣kimoː ⸢naː⸣nu],キモーナーヌ,連
[⸣kimoː ⸢maimai⸣ʃi],キモーマイマイシ,連
[ki⸢moː⸣ra],キモーラ,副
[⸣-kjaː],キャー,接尾
[⸢gja⸣ː],ギャー,終助
[⸢gjaːgjaː⸣ʃi],ギャーギャーシ,副
[⸢kjaːŋgi],キャーンギ,名
[⸢kjaːŋginu⸣ naru],キャーンギヌナル,連
[⸢kjaːŋgibaraː],キャーンギバラー,名
[⸢gjaːŋkjaːŋ⸣ʃi],ギャーンキャーンシ,副
[kja⸢haŋ],キャハン,名
[kja⸢haŋ],キャハン,名
[⸢kjara],キャラ,名
[⸢gjaŋkjaŋ⸣ʃi],ギャンキャンシ,副
[⸢gjaŋgjaŋ⸣ʃi],ギャンギャンシ,副
[gjan⸢ti],ギャンティ,副
[gjan⸢ti],ギャンティ,副
[gjan⸢ti],ギャンティ,副
[⸣kjuː],キュー,名
[⸢kjuː],キュー,名
[⸢kjuː],キュー,名
[⸢gjuː],ギュー,接頭
[⸣kjuːʔaʦa],キューアツァ,名
[⸢gjuːka],ギューカ,名
[⸢gjuːkeːra],ギューケーラ,名
[⸢gjuː⸣sa],ギューサ,名
[⸢kjuː⸣ʤi],キュージ,名
[⸣kjuː ʃi̥⸢tumu⸣ti],キューシトゥムティ,連
[⸢gjuːʃina],ギューシナ,連
[⸢kjuːdai],キューダイ,名
[⸢gjuːʧi],ギューチ,名
[⸢gjuːʧi],ギューチ,名
[⸢gjuːti],ギューティ,名
[⸢kjuːnu⸣ ʃi̥ki],キューヌシキ,連
[⸢kjuː⸣nu ⸣piː],キューヌピー,連
[⸢kjuː⸣nu pi⸢niʧi],キューヌピニチ,連
[⸢kjuː⸣nu ⸣juː],キューヌユー,連
[⸢gjuːmuʃi],ギュームシ,名
[gju⸢taːru],ギュタール,名
[⸢gjukku],ギュック,名
[ki⸢jumi⸣ruŋ],キユミルン,他動
[ki⸢ju⸣muŋ],キユムン,他動
[⸢kjoː⸣dai],キョーダイ,名
[⸢kjoːdai⸣sa],キョーダイサ,名
[⸢kjoː⸣daimuisaŋ],キョーダイムイサン,形
[⸢kjoː⸣muŋ],キョームン,名
[⸢gjoːriʦu],ギョーリツ,名
[⸢kjoŋ⸣giŋ],キョンギン,名
[⸣gira],ギラ,名
[⸣gira],ギラ,名
[ki⸢raːriŋ],キラーリン,他動
[ki⸢rauŋ],キラウン,他動
[ki⸢rauŋ],キラウン,他動
[⸣giragarasu],ギラガラス,名
[gi⸢ragira],ギラギラ,副
[ki⸢ra⸣riŋ],キラリン,自動
[ki⸢rariŋ⸣ gisaŋ],キラリンギサン,連
[gi⸢ri],ギリ,名
[gi⸢ri],ギリ,名
[ki⸢ri⸣kai],キリカイ,名
[ki⸢rikai⸣suŋ],キリカイスン,他動
[gi⸢rigataː⸣ŋ],ギリガターン,形
[ki⸢ri⸣gaja],キリガヤ,名
[ki⸢rikiʣa⸣muŋ],キリキザムン,他動
[ki⸢ri⸣kiʤi],キリキジ,名
[gi⸢rigiri⸣jaː],ギリギリヤー,名
[ki⸢rik⸣kunaː],キリックナー,名
[ki⸢rikkuru⸣suŋ],キリックルスン,他動
[ki⸢rikkeːra⸣suŋ],キリッケーラスン,他動
[ki⸢ritʦaː⸣suŋ],キリッツァースン,他動
[ki⸢rittoː⸣suŋ],キリットースン,他動
[ki⸢rittuba⸣suŋ],キリットゥバスン,他動
[ki⸢ri⸣bira],キリビラ,名
[ki⸢ri⸣boʃi],キリボシ,名
[ki⸢ri⸣masu],キリマス,名
[ki⸢rimaraba⸣suŋ],キリマラバスン,他動
[ki⸢rijuː⸣naː],キリユーナー,連
[⸣kiruŋ],キルン,他動
[⸣kiwa],キワ,名
[ki⸢wamiti],キワミティ,副
[⸣kiŋ],キン,名
[⸣kiŋ],キン,名
[⸢kiŋ],キン,助数
[⸢giŋ],ギン,名
[⸢kiŋ⸣ʔarai],キンアライ,名
[⸢kiŋʔarai⸣tarai],キンアライタライ,名
[⸣kiŋkaː],キンカー,名
[⸢kiŋkiŋ],キンキン,名
[kiŋ⸢kiŋ⸣ʃi],キンキンシ,副
[⸢kiŋkiŋ⸣ʃi],キンキンシ,副
[⸢kiŋku],キンク,名
[⸢kiŋkuː],キンクー,名
[⸢kiŋkuːreː],キンクーレー,名
[⸢kiŋkoː],キンコー,名
[⸢kiŋkoːsu̥kusai],キンコースクサイ,名
[⸢kiŋkoː⸣ su̥⸢kusai],キンコースクサイ,連
[⸢kiŋkoːnigai],キンコーニガイ,名
[⸢kin⸣sa],キンサ,名
[⸢kin⸣ʣaŋ],キンザン,名
[⸢giŋ⸣ʃeː],ギンシェー,連
[⸢kiŋʃi̥tadaru],キンシタダル,名
[⸢kinʣu],キンズ,名
[⸢kinsuː],キンスー,名
[⸢kin⸣ta],キンタ,名
[⸢kintaːruŋ],キンタールン,自動
[⸢kindaikuni],キンダイクニ,名
[⸢kin⸣daŋ],キンダン,名
[⸢kin⸣daŋ],キンダン,名
[⸢kin⸣ʧoː],キンチョー,名
[⸢kinʦaːsuŋ],キンツァースン,他動
[⸢kinʦaː⸣ŋ],キンツァーン,形
[⸢kintoː],キントー,名
[⸢ginni],ギンニ,副
[⸢kinnui⸣paru],キンヌイパル,名
[⸢kinnui⸣pu̥su],キンヌイプス,名
[⸢kinnu⸣ki̥ʃi],キンヌキシ,名
[⸢kin⸣nu s⸢su],キンヌッス,連
[⸢kin⸣nu ɸu⸢bi],キンヌフビ,連
[⸢kin⸣nu ma⸢ʧi],キンヌマチ,連
[⸢gin⸣noː],ギンノー,名
[⸢kimbaː],キンバー,名
[⸢gimbai],ギンバイ,名
[⸣kimpada],キンパダ,名
[⸢kimbatateː],キンバタテー,名
[⸢kimbatu],キンバトゥ,名
[⸢kimpana],キンパナ,名
[⸢kimbani],キンバニ,名
[⸢kimbani⸣subi],キンバニスビ,名
[⸢kimbaru],キンバル,名
[⸢kimparu],キンパル,名
[⸢kimparuŋ],キンパルン,名
[⸢kim⸣piː],キンピー,名
[⸢kimbiri],キンビリ,名
[⸢kim⸣biŋ],キンビン,名
[⸢kimpuʃi⸣sau],キンプシサウ,名
[⸢kimpuʃi⸣toŋ],キンプシトン,名
[⸢kimbu⸣ʦu],キンブツ,名
[⸢gim⸣mai],ギンマイ,名
[⸢kimmiː],キンミ,名
[⸢gim⸣mi],ギンミ,名
[⸢kiŋja⸣ku],キンヤク,名
[⸢kiɲjaŋ],キンヤン,名
[⸢kinraː],キンラー,名
[⸢kinri],キンリ,名
[⸣ku],ク,接尾
[⸢ku],ク,名
[⸣gu],グ,接頭
[⸣gu],グ,名
[⸣kuː],クー,名
[⸣kuː],クー,名
[⸣kuː],クー,名
[⸣kuː],クー,名
[⸢kuː],クー,接頭
[⸣guː],グー,名
[⸣guː],グー,名
[⸣guː],グー,名
[⸣guː],グー,名
[⸢kuː⸣ʔiʃi],クーイシ,名
[⸢guː⸣ʔiʃi],グーイシ,名
[⸢kuːgaː⸣ʃi],クーガーシ,名
[⸣kuːkoːʃi],クーコーシ,名
[⸢kuːsa],クーサ,名
[⸢kuː⸣saʔawari],クーサアワリ,名
[⸢kuːsasudati],クーサスダティ,名
[⸢kuːsabi⸣raː],クーサビラー,名
[⸢kuːsabi⸣raːkiŋ],クーサビラーキン,名
[⸢kuː⸣ʣara],クーザラ,名
[⸢kuː⸣saŋ],クーサン,形
[⸢kuː⸣saŋ],クーサン,形
[⸢kuː⸣saŋ],クーサン,形
[⸢kuː⸣ʤi],クージ,名
[⸢kuː⸣ʃikaːʃi],クーシカーシ,名
[⸣kuː ⸣ʃi̥ki],クーシキ,連
[⸢kuːʃi⸣kiŋ],クーシキン,名
[⸢kuː⸣ʃibiː],クーシビー,名
[⸢kuː⸣ʤiŋ],クージン,名
[⸢kuːsu],クース,名
[⸢kuːsu],クース,名
[⸢kuːʣume],クーズメ,名
[⸢kuːʣume],クーズメ,名
[⸣kuː ⸢suŋ],クースン,連
[⸣kuː ⸢suŋ],クースン,連
[⸢kuː⸣suŋ],クースン,他動
[⸢kuː⸣duː],クードゥー,名
[⸣kuːtuʃi],クートゥシ,名
[⸣guːnaː],グーナー,名
[⸣guː ⸣naruŋ],グーナルン,連
[⸣guː ⸣naruŋ],グーナルン,連
[⸢kuː⸣nu sa⸢mi],クーヌサミ,連
[⸢kuːneː⸣ʃi],クーネーシ,名
[⸢kuː⸣bai],クーバイ,名
[⸢kuː⸣bari],クーバリ,名
[⸢guːpan⸣ʧaː],グーパンチャー,名
[⸢guːpanʦaːri⸣munu],グーパンツァーリムヌ,名
[⸢guːpanʦaːri⸣munu],グーパンツァーリムヌ,名
[⸢kuː⸣pi̥ki],クーピキ,名
[⸢kuːpi̥kiʔuː⸣ki],クーピキウーキ,名
[⸣kuː pi̥⸢kuŋ],クーピクン,連
[⸢kuːɸu̥ki⸣ʔuŋ],クーフキウン,名
[⸣kuː ⸣ɸu̥kuŋ],クーフクン,連
[⸢kuːɸuʃi⸣ru],クーフシル,名
[⸢kuːɸu̥ʧi⸣ru],クーフチル,名
[⸣kuːmai],クーマイ,名
[⸣guːmanʧaː],グーマンチャー,名
[⸢kuːmuʧi],クームチ,名
[⸢kuːra],クーラ,名
[⸢kuːraminatu],クーラミナトゥ,名
[⸢kuːri],クーリ,名
[⸢kuːri],クーリ,名
[⸢kuːri],クーリ,名
[⸢kuːriʣata],クーリザタ,名
[⸢kuːrimiʤi],クーリミジ,名
[⸢kuːri⸣ruŋ],クーリルン,自動
[⸢kuːru],クール,名
[⸢kuːru],クール,名
[⸢kuː⸣ruŋ],クールン,自動
[⸢kuː⸣reː],クーレー,名
[⸣kuːŋ],クーン,自動
[⸣kuːŋ],クーン,自動
[⸣kuːŋ],クーン,他動
[⸣kuːŋ],クーン,他動
[⸣kuːŋ],クーン,他動
[⸢kuːŋ],クーン,他動
[⸣kui],クイ,名
[⸣kui],クイ,名
[⸢gui],グイ,名
[⸢gui],グイ,名
[⸣kuiʔiʣu],クイイズ,名
[⸢kuigaː⸣ri],クイガーリ,名
[⸢kui⸣gari],クイガリ,名
[⸢kui⸣garuŋ],クイガルン,自動
[⸢kui⸣ kuːŋ],クイクーン,連
[⸣kui ⸣kuːŋ],クイクーン,連
[⸢kuikugari⸣ruŋ],クイクガリルン,自動
[⸣kui gu⸢maː⸣ŋ],クイグマーン,連
[⸣kuidaː],クイダー,名
[⸢kui⸣ʧi],クイチ,名
[⸢kuikkunaː],クイックナー,名
[⸢guit⸢ti],グイッティ,副
[⸢kui⸣ʦubaːʔoŋ],クイツバーオン,名
[⸣kui ⸣paruŋ],クイパルン,連
[⸢gui⸣ɸu],グイフ,名
[⸢gui⸣ɸuʣoːnoː],グイフゾーノー,名
[⸢gui⸣ɸumai],グイフマイ,名
[⸢kui⸣buri],クイブリ,名
[⸢kuiburi⸣joː],クイブリヨー,名
[⸢kuimu⸣ku],クイムク,名
[gui⸢juː],グイユー,感
[⸢guiru],グイル,名
[kuiruŋ],クイルン,他動
[⸣kuiŋ],クイン,名
[⸢kuiŋgaː⸣ri],クインガーリ,名
[⸣kugaʔiʣu],クガイズ,名
[ku⸢gani],クガニ,名
[ku⸢gani],クガニ,名
[ku⸢ganikani],クガニカニ,名
[ku⸢ganiffa],クガニッふァ,名
[ku⸢ganipiː],クガニピー,名
[ku⸢ganipjuːru],クガニピュール,名
[ku⸢ganimaːsu],クガニマース,名
[ku⸢garasuŋ],クガラスン,他動
[ku⸢gariruŋ],クガリルン,自動
[ku⸢gariruŋ],クガリルン,自動
[ku⸢garuŋ],クガルン,自動
[⸣ku̥ku],クク,名
[gu⸢ku],グク,名
[ku⸢gusai⸣naː],クグサイナー,名
[gu⸢kuʃiki⸣ruŋ],グクシキルン,自動
[gu⸢ku⸣ su̥kuŋ],グクスクン,連
[gu⸢ku⸣su̥kuŋ],グクスクン,自動
[ku̥⸢kudaka],ククダカ,名
[ku̥⸢ku⸣ʧi],ククチ,名
[ku̥⸢kunu⸣ka],ククヌカ,名
[ku̥⸢kunu⸣ku],ククヌク,名
[ku̥⸢kunu⸣ ʃi̥ʧi],ククヌシチ,連
[ku̥⸢kunu⸣ʧi],ククヌチ,名
[ku̥⸢kunu⸣ʧiŋ],ククヌチン,名
[ku̥⸢kunu⸣tugunʤuː],ククヌトゥグンジュー,名
[ku̥⸢kumuŋ],ククムン,他動
[gu⸢kura⸣ku],グクラク,名
[gu⸢kura⸣ku],グクラク,名
[ku⸢ku⸣ru],ククル,名
[ku⸢ku⸣ru],ククル,名
[ku⸢kuru⸣ʔati],ククルアティ,名
[ku̥⸢kuru⸣ʔuʧi],ククルウチ,名
[ku̥⸢kurugaː⸣ri],ククルガーリ,名
[ku̥⸢kuruga⸣ki],ククルガキ,名
[ku̥⸢kurugaki⸣ruŋ],ククルガキルン,他動
[ku̥⸢kuru⸣ʣaʃi],ククルザシ,名
[ku̥⸢kuru⸣ʣaʃi],ククルザシ,名
[ku̥⸢kurumi⸣ruŋ],ククルミルン,他動
[ku̥⸢kurumu⸣ʧi],ククルムチ,名
[ku̥⸢kurumu⸣ʧi],ククルムチ,名
[⸣ku̥sa],クサ,名
[gu⸢saː⸣ku],グサーク,名
[gu⸢saːku⸣mai],グサークマイ,名
[gu⸢saːku⸣mai],グサークマイ,名
[ku̥⸢saːteː],クサーテー,名
[ku̥⸢sairuŋ],クサイルン,他動
[ku̥⸢sairuŋ],クサイルン,他動
[ku̥⸢sauŋ],クサウン,他動
[⸣ku̥saku̥saː ⸢suŋ],クサクサースン,連
[ku̥⸢sati],クサティ,名
[ku̥⸢satiː],クサティー,名
[ku̥⸢samakikaː⸣maki],クサマキカーマキ,副
[ku̥⸢samaki⸣muni],クサマキムニ,名
[ku̥⸢sama⸣kuŋ],クサマクン,自動
[ku̥⸢saraː],クサラー,名
[gu⸢ʣaraː],グザラー,名
[gu⸢ʣarabuʤeː⸣ ku⸢mu⸣ru],グザラーブジェークムル,連
[gu⸢ʣaraguʣara],グザラグザラ,副
[⸣ku̥saŋ],クサン,名
[⸣gusaŋ],グサン,名
[⸣gusaŋ],グサン,名
[⸣kusaŋkumuru],クサンクムル,名
[⸣ku̥sandaki],クサンダキ,名
[ku̥⸢ʃi],クシ,名
[ku̥⸢ʃi],クシ,名
[⸣kuʤi],クジ,名
[⸣kuʤi],クジ,名
[⸣kuʤi],クジ,名
[⸣guʃi],グシ,名
[gu⸢ʃi],グシ,接尾
[gu⸢ʃi],グシ,名
[gu⸢ʤi],グジ,名
[gu⸢ʤi],グジ,名
[⸣guʤi],グジ,名
[ku̥⸢ʃiʔami],クシアミ,名
[ku̥⸢ʃeː],クシェー,名
[gu⸢ʃeː⸣ma],グシェーマ,名
[ku̥⸢ʃikaki],クシカキ,名
[⸣guʃi ka⸢mi⸣ruŋ],グシカミルン,連
[⸢kuʃi̥⸣ki],クシキ,名
[⸢kuʃi̥⸣ki],クシキ,名
[⸢kuʃi̥⸣ki],クシキ,名
[⸢kuʃi̥⸣ki],クシキ,名
[⸣guʤikiː],グジキー,名
[⸢kuʃi̥kiruŋ],クシキルン,他動
[⸢kuʃi̥kiruŋ],クシキルン,他動
[ku̥⸢ʃikui],クシクイ,名
[ku̥⸢ʃikui],クシクイ,名
[⸣guʤikuʃi̥ki],グジクシキ,名
[⸣kuʤi ku⸢baː⸣ŋ],クジクバーン,連
[⸣guʃikubiŋ],グシクビン,名
[⸢kuʃi̥keː],クシケー,名
[⸢kuʃi̥keːnu san⸣doːʣaːteː],クシケーヌサンドーザーテー,連
[⸣kuʤi ⸢koː⸣ŋ],クジコーン,連
[⸣kuʤi ⸢koː⸣ŋ],クジコーン,連
[⸣guʃiʣoːgu],グシゾーグ,名
[⸣kuʤi ⸣taruŋ],クジタルン,連
[ku̥⸢ʃinaka],クシナカ,名
[ku̥⸢ʃi⸣ nu⸢ba⸣suŋ],クシヌバスン,連
[ku̥⸢ʃipadaka],クシパダカ,名
[⸣guʃipana],グシパナ,名
[⸣kuʤi ba⸢ruŋ],クジバルン,連
[ku⸢ʤibi⸣ki],クジビキ,名
[ku̥⸢ʃibuni],クシブニ,名
[ku̥⸢ʃimaki],クシマキ,名
[ku̥⸢ʃimiʧi],クシミチ,名
[ku⸢ʤi⸣muʧi],クジムチ,名
[⸣kuʤi ⸢jaː⸣raːŋ],クジヤーラーン,連
[ku⸢ʤijabaː⸣ŋ],クジヤバーン,形
[ku̥⸢ʃi⸣ jamuŋ],クシヤムン,連
[⸣kuʤiraː],クジラー,名
[ku̥⸢ʃirairuŋ],クシライルン,他動
[gu⸢ʤira⸣ɸu̥tai],グジラフタイ,名
[ku⸢ʤiri⸣ʔuŋ],クジリウン,名
[ku⸢ʤiri⸣munu],クジリムヌ,名
[ku⸢ʤi⸣ruŋ],クジルン,自動
[gu⸢ʤiŋ⸣ɸuː],グジンフー,名
[⸣kuʣu],クズ,名
[⸢kusu̥⸣ku],クスク,名
[⸢gusu̥⸣ku],グスク,名
[gu⸢ʣuguʣu],グズグズ,副
[⸢kusu̥kuŋ],クスクン,他動
[⸢kusu̥kuŋ],クスクン,他動
[⸣kuʣuʣuː],クズズー,名
[ku̥⸢suk⸣kureː],クスックレー,感
[gu⸢sumi⸣kuŋ],グスミクン,自動
[gu⸢suru⸣ pi̥⸢kuŋ],グスルピクン,連
[gu⸢ʣu⸣ruŋ],グズルン,他動
[gusu⸢roːtti],グスローッティ,副
[ku̥⸢suŋ],クスン,他動
[ku̥⸢suŋ],クスン,他動
[⸣gusoː],グソー,名
[gu⸢soːʃita⸣ɸu],グソーシタフ,名
[gu⸢soː⸣tabi],グソータビ,名
[gu⸢soː⸣ nu⸣pana],グソーヌパナ,連
[gu⸢soːnu⸣pu̥su],グソーヌプス,名
[gutaːt⸢ti],グターッティ,副
[⸣gutai],グタイ,名
[⸣gutai nu⸢gi⸣ruŋ],グタイヌギルン,連
[ku̥⸢tai⸣ruŋ],クタイルン,他動
[ku̥⸢tai⸣ruŋ],クタイルン,自動
[ku⸢da⸣ki],クダキ,名
[ku⸢daki⸣munu],クダキムヌ,名
[ku⸢daki⸣ruŋ],クダキルン,自動
[ku⸢da⸣kuŋ],クダクン,自動
[ku⸢da⸣kuŋ],クダクン,他動
[ku⸢dakeː⸣ma],クダケーマ,名
[ku⸢daʃi],クダシ,名
[ku⸢daʃiɸu̥ʧiru],クダシフチル,名
[ku⸢dasuŋ],クダスン,自動
[gu⸢daraŋkeː⸣ri],グダランケーリ,副
[ku⸢da⸣ruŋ],クダルン,自動
[ku⸢da⸣ruŋ],クダルン,自動
[ku̥⸢tan⸣di],クタンディ,名
[ku̥⸢tandinoː⸣ʃi],クタンディノーシ,名
[ku̥⸢tandi⸣ruŋ],クタンディルン,自動
[ku̥⸢tan⸣duŋ],クタンドゥン,自動
[gu⸢tambuː],グタンブー,名
[⸣ku̥ʧi],クチ,名
[⸣guʧi],グチ,名
[⸣ku̥ʧikami],クチカミ,名
[ku̥⸢ʧi⸣gwaː],クチグヮー,名
[ku̥⸢ʧi⸣sa],クチサ,名
[ku̥⸢ʧi⸣sa ⸢suŋ],クチサスン,連
[ku̥⸢ʧi⸣saŋ],クチサン,形
[⸣guʧi ⸢suŋ],グチスン,連
[⸣ku̥ʧitaruŋ],クチタルン,自動
[⸣ku̥ʧi pu̥⸢sai],クチプサイ,名
[⸣ku̥ʧipuni],クチプニ,名
[gu⸢ʧi⸣hoː],グチホー,名
[gu⸢ʧi⸣hoːni],グチホーニ,副
[⸣ku̥ʧa],クチャ,名
[ku̥⸢ʧirakuŋ],クチラクン,自動
[ku̥⸢ʧi⸣ruŋ],クチルン,自動
[ku̥⸢ʦa⸣suŋ],クツァスン,他動
[gu⸢ʦa⸣ba],グツァバ,名
[guk⸢kaŋ],グッカン,名
[⸢kutʧiruŋ],クッチルン,自動
[⸢kut⸣ʦaː],クッツァー,代
[⸢kutʦaː⸣suŋ],クッツァースン,他動
[⸢kutʦuŋ],クッツン,自動
[guf⸢faguffa⸣ʃi],グッふァグッふァシ,副
[⸢guf⸣faŋ],グッふァン,形
[⸢guf⸣faŋgisaŋ],グッふァンギサン,連
[⸣ku̥ʦuŋ],クツン,自動
[⸣ku̥ti],クティ,名
[⸣ku̥ti ⸣nasuŋ],クティナスン,連
[ku̥⸢ti⸣nabi],クティナビ,名
[ku̥⸢ti⸣bata],クティバタ,名
[ku̥⸢ti⸣muni],クティムニ,名
[ku̥⸢ti⸣muni ⸣jukumuni],クティムニユクムニ,連
[ku̥⸢ti⸣munu],クティムヌ,名
[⸣kudiŋ],クディン,名
[⸣kutiŋkutiŋ],クティンクティン,名
[⸣kudin ⸣turuŋ],クディントゥルン,連
[⸣ku̥tu],クトゥ,名
[⸣ku̥tu],クトゥ,名
[⸣ku̥tu],クトゥ,名
[⸣ku̥tu],クトゥ,接助
[ku̥⸢tu],クトゥ,接頭
[⸢gu⸣tu],グトゥ,接尾
[⸣gutui],グトゥイ,名
[ku⸢du⸣ki],クドゥキ,名
[ku⸢dukipaja⸣ʃi],クドゥキパヤシ,名
[ku̥⸢tu⸣kimu],クトゥキム,名
[gu⸢tu⸣ku],グトゥク,名
[ku̥⸢tu⸣keŋ],クトゥケン,名
[ku̥⸢tu⸣sara],クトゥサラ,副
[ku̥⸢tuʃi],クトゥシ,名
[ku̥⸢tuʤiki⸣ruŋ],クトゥジキルン,他動
[ku̥⸢tu⸣ba],クトゥバ,名
[ku̥⸢tu⸣baruŋ],クトゥバルン,他動
[ku̥⸢tu⸣pu̥su],クトゥプス,名
[ku̥⸢tu⸣muni],クトゥムニ,名
[ku̥⸢tu⸣munu],クトゥムヌ,名
[ku̥⸢tu⸣munu ⸣jukumunu],クトゥムヌユクムヌ,連
[ku⸢tujas⸣saŋ],クトゥヤッサン,形
[ku̥⸢tu⸣waki],クトゥワキ,名
[ku̥⸢tu⸣waʣa],クトゥワザ,名
[ku⸢tu⸣wari],クトゥワリ,名
[ku⸢tu⸣wari],クトゥワリ,名
[⸣kunaː],クナー,代
[⸣kunaː],クナー,接尾
[ku⸢nai⸣ruŋ],クナイルン,他動
[ku⸢naʃidaː],クナシダー,名
[ku⸢nasuŋ],クナスン,他動
[ku⸢nasuŋ],クナスン,他動
[ku⸢naɸu̥ʧi⸣ru],クナフチル,名
[ku⸢nariruŋ],クナリルン,自動
[ku⸢naruŋ],クナルン,自動
[gu⸢naŋ],グナン,名
[ku⸢ni],クニ,名
[ku⸢ni],クニ,名
[ku⸢niʧi],クニチ,名
[gu⸢niʧi],グニチ,名
[ku⸢niʧijoi],クニチヨイ,名
[ku⸢nu],クヌ,連体
[ku⸢nuʔui],クヌウイ,名
[ku⸢nuʔui],クヌウイ,副
[ku⸢nuʔu⸣ʧi],クヌウチ,副
[ku⸢nu⸣guru],クヌグル,名
[ku⸢nu⸣ ʃi̥ki],クヌシキ,連
[ku⸢nu⸣ʃi̥ki],クヌシキ,名
[ku⸢nuʃi̥ʧi],クヌシチ,名
[ku⸢nu⸣su̥ku],クヌスク,名
[ku⸢nuk⸣ku],クヌック,名
[ku⸢nuk⸣koː],クヌッコー,名
[ku⸢nut⸣ʧi],クヌッチ,名
[ku⸢nutiː⸣ ka⸢nutiː⸣],クヌティーカヌティー,連
[ku⸢nutuː⸣ru],クヌトゥール,名
[ku⸢nu⸣toŋ],クヌトン,連
[ku⸢nu maː⸣ma],クヌマーマ,名
[ku⸢numa⸣ma],クヌママ,名
[ku⸢nu⸣muŋ],クヌムン,他動
[ku⸢nu⸣muŋ],クヌムン,他動
[ku⸢nu juː],クヌユー,連
[⸣kunujoːna],クヌヨーナ,連体
[⸣kununoːni],クヌヨーニ,副
[⸣kunujoːnu],クヌヨーヌ,連体
[ku⸢noː suŋ],クノースン,連
[ku⸢ba],クバ,名
[kubaː⸢kubaː⸣ʃi],クバークバーシ,副
[ku⸢baː⸣ŋ],クバーン,形
[ku⸢baː⸣ŋ],クバーン,形
[⸣kubaiʣoː],クバイゾー,名
[ku⸢bai⸣ruŋ],クバイルン,他動
[⸣guhairoː],グハイロー,名
[ku⸢baoŋgi],クバオンギ,名
[ku⸢bagasa],クバガサ,名
[ku⸢bakuʃi̥ki],クバクシキ,名
[ku⸢basaŋʃiŋ],クバサンシン,名
[ku⸢baʃi̥⸣taː],クバシター,名
[ku⸢ba⸣suŋ],クバスン,他動
[ku⸢badeː⸣saː],クバデーサー,名
[ku⸢banu⸣ ʔudi],クバヌウディ,連
[ku⸢banupaːʔumuru],クバヌパーウムル,名
[ku⸢banupaːʔoŋ⸣gi],クバヌパーオンギ,名
[ku⸢banupaːʃiru],クバヌパーシル,名
[ku⸢bampaːmuʧi],クバヌパームチ,名
[ku⸢baɸuni],クバフニ,名
[ku⸢bami⸣ruŋ],クバミルン,他動
[ku⸢bamutu],クバムトゥ,名
[ku⸢ba⸣muni],クバムニ,名
[ku⸢ba⸣muni],クバムニ,名
[ku⸢ba⸣muŋ],クバムン,他動
[ku⸢ba⸣meːkabameː ⸢suŋ],クバメーカバメースン,連
[ku⸢bajamakuiʧi⸣buʃi],クバヤマクイチブシ,名
[ku⸢baripira⸣ku],クバリピラク,名
[ku⸢bariŋ⸣gataː na⸢ri⸣ buː],クバリンガターナリブー,連
[ku⸢ba⸣ruŋ],クバルン,自動
[ku⸢ba⸣ruŋ],クバルン,自動
[ku⸢ba⸣ruŋ],クバルン,自動
[ku⸢ba⸣ruŋ],クバルン,他動
[ku⸢ba⸣ruŋ],クバルン,他動
[⸣kubaŋ],クバン,名
[ku⸢baŋ],クバン,名
[ku⸢bampaːssuŋ],クバンパーッスン,名
[ku⸢bampaːbiː],クバンパービー,名
[ku⸢bi],クビ,名
[⸣kubi],クビ,名
[⸣kubidaki],クビダキ,名
[kubi⸢taŋ⸣ga],クビタンガ,連
[ku⸢bit⸣ʧiŋ],クビッチン,名
[⸣kubibukara],クビブカラ,連
[ku⸢bira⸣naː],クビラナー,名
[⸣kubiŋ],クビン,名
[ku⸢bin⸣nu ⸣ʣau],クビンヌザウ,連
[ku⸢bin⸣nu ba⸢ri],クビンヌバリ,連
[⸣kubu],クブ,名
[⸣kubu],クブ,名
[⸣kubu],クブ,名
[gu⸢ɸuː⸣ku],グフーク,名
[ku⸢bu⸢ʔira⸣ki],クブイラキ,名
[gu⸢bugubu],グブグブ,名
[gu⸢butuːru],グブトゥール,名
[ku⸢bu⸣nu ⸣ʃiː],クブヌシー,連
[ku⸢buma⸣ki],クブマキ,名
[ku⸢bumi],クブミ,名
[gu⸢bu⸣riː],グブリー,名
[guburoːt⸢ti],グブローッティ,副
[⸣gubundani],グブンダニ,名
[⸣kuma],クマ,名
[⸣kuma],クマ,代
[⸣guma],グマ,名
[gu⸢ma],グマ,接頭
[⸣gumaː],グマー,名
[ku⸢maː⸣kamaː],クマーカマー,代
[ku⸢maːkuma],クマークマ,副
[ku⸢maːkumaː⸣ʃi],クマークマーシ,副
[gu⸢maːgumaː⸣ʃi],グマーグマーシ,副
[gu⸢maːgumaːnu],グマーグマーヌ,連体
[kumaː⸢kuma⸣ʃi],クマークマシ,副
[gu⸢maː⸣munu],グマームヌ,名
[ku⸢maː⸣ŋ],クマーン,形
[ku⸢maː⸣ŋ],クマーン,形
[ku⸢maː⸣ŋ],クマーン,形
[gu⸢maː⸣ŋ],グマーン,形
[gu⸢maːŋ⸣gisaŋ],グマーンギサン,連
[gu⸢ma⸣ʔaʃi ⸢sai⸣ruŋ],グマアシサイルン,連
[ku⸢maʔami],クマアミ,名
[⸣gumaʔaŋ],グマアン,名
[⸣gumaʔaŋ],グマアン,名
[gu⸢ma⸣ʔiʃi],グマイシ,名
[gu⸢ma⸣ʔuʃi],グマウシ,名
[ku⸢ma⸣ki],クマキ,名
[ku⸢ma⸣ki ⸣nasuŋ],クマキナスン,連
[gu⸢ma⸣kui],グマクイ,名
[ku⸢makeː⸣ma],クマケーマ,名
[ku⸢ma⸣ʤiː],クマジー,名
[gu⸢ma⸣ʤiː],グマジー,名
[gu⸢maʃigu⸣tu],グマシグトゥ,名
[gu⸢maʃiʤeː⸣ma],グマシジェーマ,名
[gu⸢ma⸣ʃima],グマシマ,名
[gu⸢ma⸣ʤiŋ],グマジン,名
[gu⸢maʤim⸣buŋ],グマジンブン,名
[gu⸢masuku⸣ri],グマスクリ,名
[gu⸢maffaː⸣ma],グマッふァーマ,名
[ku⸢matu],クマトゥ,名
[gu⸢madoŋ⸣gu],グマドング,名
[gu⸢manuʃi̥⸣turu],グマヌシトゥル,名
[⸣gumabata],グマバタ,名
[gu⸢ma⸣bata],グマバタ,名
[gu⸢ma⸣ɸui],グマフイ,名
[gu⸢maɸui],グマフイ,名
[gu⸢ma⸣pu̥su],グマプス,名
[gu⸢ma⸣ɸudi],グマフディ,名
[gu⸢ma⸣ɸuni],グマフニ,名
[gu⸢ma⸣mata],グママタ,名
[gu⸢ma⸣maja],グママヤ,名
[gu⸢mamari],グママリ,名
[ku⸢mami],クマミ,名
[gu⸢ma⸣miʧi],グマミチ,名
[ku⸢maminu kai],クマミヌカイ,連
[gu⸢ma⸣muni],グマムニ,名
[ku⸢mara⸣suŋ],クマラスン,他動
[gu⸢marikutʧi],グマリクッチ,名
[ku⸢marikoː⸣i],クマリコーイ,名
[ku⸢marikku⸣naː],クマリックナー,名
[ku⸢marik⸣kunaː],クマリックナー,名
[ku⸢ma⸣ruŋ],クマルン,自動
[ku⸢ma⸣ruŋ],クマルン,自動
[⸣kumanta],クマンタ,代
[ku⸢man⸣toŋ],クマントン,代
[⸣kumi],クミ,名
[⸣kumi],クミ,名
[⸣gumi],グミ,名
[ku⸢mi⸣ai],クミアイ,名
[⸣kumikaŋ],クミカン,名
[⸣kumikaŋkoːjaku],クミカンコーヤク,名
[ku⸢mi⸣ʤima],クミジマ,固
[ku⸢mitati⸣ruŋ],クミタティルン,他動
[ku⸢mi⸣tḁtuŋ],クミタトゥン,他動
[ku⸢mi⸣nu ⸢jaidaki],クミヌヤイダキ,連
[ku⸢mi⸣ruŋ],クミルン,他動
[ku⸢mi⸣ruŋ],クミルン,他動
[⸣kumu],クム,名
[ku⸢mu],クム,名
[⸣gumu],グム,名
[⸣gumukaŋ],グムカン,名
[ku⸢mu⸣ʃi],クムシ,名
[ku⸢muʧi],クムチ,名
[ku⸢mu⸣nu ⸣niː],クムヌニー,連
[⸣gumumaːru],グムマール,名
[ku⸢mu⸣ri],クムリ,名
[ku⸢mu⸣ru],クムル,名
[ku⸢mu⸣ru],クムル,名
[ku⸢mu⸣ruŋ],クムルン,自動
[ku⸢muroː⸣ma],クムローマ,名
[⸣kumuŋ],クムン,他動
[⸣kumuŋ],クムン,自動
[ku⸢meː],クメー,固
[ku⸢meːkiruŋ],クメーキルン,他動
[ku⸢meːkiruŋ],クメーキルン,他動
[ku⸢meːkuŋ],クメークン,他動
[ku⸢meːnu⸣ ku⸢mu⸣ru],クメーヌクムル,連
[ku⸢meːnu noː⸣ʣaʣaːteː],クメーヌノーザザーテー,連
[ku⸢meːnu man⸣darappaːteː],クメーヌマンダラッパーテー,連
[ku⸢moːma],クモーマ,固
[ku⸢moːmadaki],クモーマダキ,名
[⸣kujaː],クヤー,固
[ku⸢ja⸣mi],クヤミ,名
[⸣kujammaː],クヤンマー,固
[gu⸢juː],グユー,名
[ku⸢ju⸣sa],クユサ,名
[ku⸢joː],クヨー,名
[ku⸢joː],クヨー,名
[ku⸢joː⸣manaː⸢ra],クヨーマナーラ,感
[ku⸢joː⸣muŋ],クヨームン,他動
[⸣kura],クラ,名
[ku⸢rai],クライ,名
[⸣gurai],グライ,副助
[ku⸢rai⸣ruŋ],クライルン,他動
[ku⸢ragaː⸣ʔuŋ],クラガーウン,名
[⸣guragura ta⸢giruŋ],グラグラタギルン,連
[ku⸢raʃi],クラシ,名
[ku⸢raʃigata],クラシガタ,名
[ku⸢rasuŋ],クラスン,自動
[ku⸢rasuŋ],クラスン,他動
[ku⸢rasuŋ],クラスン,他動
[ku⸢rabiruŋ],クラビルン,他動
[ku⸢rabuŋ],クラブン,他動
[ku⸢ra⸣mutu],クラムトゥ,名
[ku⸢ri],クリ,代
[gu⸢ri],グリ,名
[⸣guriː],グリー,名
[ku⸢rikai⸣suŋ],クリカイスン,他動
[ku⸢ri⸣kari],クリカリ,代
[⸣guriguri],グリグリ,名
[⸢guri⸣saŋ],グリサン,助動
[ku⸢ri⸣ta],クリタ,名
[⸣kuriɸudu],クリフドゥ,名
[⸣kuriɸudu],クリフドゥ,副
[ku⸢rimaː⸣ʃi sï̥⸢kaimaːʃi],クリマーシシゥカイマーシ,連
[ku⸢riruŋ],クリルン,自動
[gu⸢riŋ],グリン,名
[ku⸢riŋ⸣ kariŋ],クリンカリン,連
[⸣kuru],クル,名
[gu⸢ru],グル,名
[⸣guru],グル,名
[gu⸢ru],グル,名
[gu⸢ru],グル,名
[gu⸢ru⸣ʔiʃi],グルイシ,名
[ku⸢ru⸣ki],クルキ,名
[⸣guruguru],グルグル,副
[gu⸢ruguru⸣ʃi],グルグルシ,副
[gu⸢ru⸣kuŋ],グルクン,名
[ku⸢ru⸣ʃima],クルシマ,固
[ku⸢ru⸣ʃimakuduki],クルシマクドゥキ,名
[ku⸢ru⸣sumeː],クルスメー,名
[guruk⸢ka],グルッカ,副
[gu⸢rukkai⸣suŋ],グルッカイスン,他動
[gu⸢rukkai⸣ruŋ],グルッカイルン,自動
[gu⸢rukkagurukka],グルッカグルッカ,副
[gu⸢rukkeːruŋ],グルッケールン,自動
[gurut⸢ti],グルッティ,副
[gurut⸢ti],グルッティ,副
[ku⸢ruba⸣saː],クルバサー,名
[ku⸢rubaʃikaː⸣baʃi],クルバシカーバシ,副
[ku⸢rubasuŋ],クルバスン,他動
[ku⸢ru⸣paŋ],クルパン,名
[ku⸢rubinibuŋ],クルビニブン,自動
[ku⸢rubuŋ],クルブン,自動
[ku⸢rubeː⸣marabeː],クルベーマラベー,副
[ku⸢ru⸣ma],クルマ,名
[ku⸢rumaʔiː⸣ru],クルマイール,名
[guru⸢mjaː⸣u],グルミャーウ,名
[ku⸢ru⸣muŋ],クルムン,他動
[⸣kuruŋ],クルン,他動
[⸣kuruŋ],クルン,他動
[⸣kuruŋ],クルン,他動
[⸣kuruŋ],クルン,他動
[ku⸢reː],クレー,連
[ku⸢reːra],クレーラ,連
[ku⸢re⸣kure],クレクレ,感
[ku⸢roː],クロー,名
[gu⸢roː⸣ŋ],グローン,形
[gu⸢roː⸣ŋ],グローン,形
[⸣kuromataː],クロマター,名
[⸣kwaː],クヮー,名
[⸢-kwaː⸣suŋ],クヮースン,接尾
[⸣gwai],グヮイ,名
[⸢kwai⸣ʃi̥ki],クヮイシキ,名
[⸢kwaiʃi̥ki⸣ʤiŋ],クヮイシキジン,名
[⸢kwai⸣ʃa],クヮイシャ,名
[ku⸢wai⸣ruŋ],クワイルン,他動
[⸢kwat⸣ʧi],クヮッチ,名
[⸣kwaŋ],クヮン,名
[⸣kwaŋ],クヮン,助数
[⸣gwaŋ],グヮン,名
[⸢gwaŋ⸣kuː],グヮンクー,名
[⸢gwan⸣su],グヮンス,名
[⸢gwansu⸣paka],グヮンスパカ,名
[⸢gwan⸣tati],グヮンタティ,名
[⸢gwan⸣taŋ],グヮンタン,名
[⸢gwan⸣niʧi],グヮンニチ,名
[⸢kwan⸣niŋ],クヮンニン,名
[⸢kwan⸣nu ⸢juː⸣ɸuru],クヮンヌユーフル,連
[⸢kwambaku],クヮンバク,名
[⸢gwampu̥tu⸣ki],グヮンプトゥキ,名
[⸢gwampu̥tu⸣ki],グヮンプトゥキ,名
[⸢kuŋ],クン,名
[⸢kuŋ],クン,名
[⸣kuŋ],クン,名
[⸢kuŋʔiru],クンイル,名
[⸢kuŋga⸣ʧi],クンガチ,名
[⸢guŋga⸣ʧi],グンガチ,名
[⸢guŋgaʧi⸣ʔibi],グンガチイビ,名
[⸢kuŋga⸣ʧikuniʧi],クンガチクニチ,名
[⸢guŋga⸣ʧiguniʧi],グンガチグニチ,名
[⸢guŋga⸣ʧaː],グンガチャー,名
[⸢guŋga⸣ʧijukka],グンガチユッカ,名
[⸢kuŋgani],クンガニ,名
[⸢kuŋki],クンキ,名
[⸢kuŋkiʃi̥ki⸣munu],クンキシキムヌ,名
[⸢kuŋki⸣ ʃi̥⸢ki⸣ruŋ],クンキシキルン,連
[⸢kuŋki⸣ su̥kuŋ],クンキスクン,連
[⸢kuŋkidaːri],クンキダーリ,名
[⸢kuŋkibaː],クンキバー,名
[⸢kuŋkibusu̥ku],クンキブスク,名
[⸢kuŋkiburaːri],クンキブラーリ,名
[⸢kuŋkimaki],クンキマキ,名
[⸢kuŋ⸣kjaː],クンキャー,名
[⸢kuŋ⸣kjaː],クンキャー,名
[⸢guŋgin⸣doː],グンギンドー,名
[⸢guŋgurumaː⸣ʃeː],グングルマーシェー,名
[⸢guŋgurumaː⸣suŋ],グングルマースン,他動
[⸢guŋgurumaː⸣suŋ],グングルマースン,他動
[guŋ⸢kuroː⸣ma],グンクローマ,名
[⸢kuŋgwa⸣ʧi],クングヮチ,名
[⸢kuŋgwa⸣ʧi ⸣kuniʧi],クングヮチクニチ,名
[⸢kuŋkuŋ⸣ʃi],クンクンシ,名
[⸢guŋ⸣goː],グンゴー,名
[⸢guŋgoːnaka⸣muru],グンゴーナカムル,名
[⸢guŋgoː⸣pana],グンゴーパナ,名
[⸢kunʣa],クンザ,代
[⸢gunʣammajaː],グンザンマヤー,名
[⸢kunʣammeː],クンザンメー,名
[⸢kunʤi],クンジ,名
[⸢kunʤikiŋ],クンジキン,名
[⸢gun⸣ʤu],グンジュ,名
[⸢gun⸣ʤuː ⸣ɸudajuri],グンジューフダユリ,連
[⸢kun⸣ʤiŋ],クンジン,名
[⸢kunsuːbu],クンスーブ,名
[⸢kunʣumi],クンズミ,名
[⸢kun⸣ʣoː],クンゾー,名
[⸢kun⸣ʣoː ʔu⸢ku⸣ruŋ],クンゾーウクルン,連
[⸢kunʣoː⸣bata],クンゾーバタ,名
[⸢kun⸣ʣoːmuʧi],クンゾームチ,名
[⸢kun⸣ʣoː ⸢was⸣saŋ],クンゾーワッサン,連
[⸢kun⸣ʣoː ʔn⸢ʣa⸣suŋ],クンゾーンザスン,連
[⸢kun⸣ʣoː ʔn⸢ʤi⸣ruŋ],クンゾーンジルン,連
[⸢kun⸣ʣoː ⸣ʔuʣuŋ],クンゾーンズン,連
[⸢kun⸣da],クンダ,名
[⸢kundaʔaga⸣ri],クンダアガリ,名
[⸣kundaki],クンダキ,名
[⸢kunda⸣nu ga⸢ra⸣samaːru],クンダヌガラサマール,連
[⸢gundan⸣ ta⸢girasuŋ],グンダンタギラスン,連
[⸢gundammaːreː],グンダンマーレー,名
[⸢kun⸣deː],クンデー,名
[⸢kun⸣du],クンドゥ,名
[⸢kun⸣na],クンナ,連体
[⸢kunɲa⸣ku],クンニャク,名
[⸢kunnoː⸣ra],クンノーラ,名
[⸣kumpipiru],クンピピル,名
[⸢gum⸣boː],グンボー,名
[⸢gumboː⸣ffa],グンボーッふァ,名
[⸣kummura],クンムラ,名
[⸣kunriːjoi],クンリーヨイ,名
[keː],ケー,接尾
[keː],ケー,接尾
[⸢geːgeː⸣ʃi],ゲーゲーシ,副
[⸢keː⸣sa],ケーサ,名
[⸢geːsauŋ],ゲーサウン,自動
[⸢geːsauŋ],ゲーサウン,自動
[⸢geːsarakaː⸣sara],ゲーサラカーサラ,副
[⸢keːʤi],ケージ,名
[⸢keːsuŋ],ケースン,他動
[⸢keː⸣da],ケーダ,固
[⸢keːdagaː⸣ra],ケーダガーラ,固
[⸢keːdataba⸣ru],ケーダタバル,固
[⸢geːkkeː⸣ʃi],ゲーッケーシ,副
[geːt⸢ti],ゲーッティ,副
[keː⸢ra],ケーラ,名
[⸢keː⸣ra],ケーラ,接尾
[geː⸢raːgeːraː⸣ʃi],ゲーラーゲーラーシ,副
[⸢geː⸣raːŋ],ゲーラーン,形
[⸢keːra⸣suŋ],ケーラスン,他動
[keː⸢raneːra],ケーラネーラ,名
[⸢keː⸣ruŋ],ケールン,他動
[⸢kettoː],ケットー,名
[⸢ge⸣ra],ゲラ,終助
[⸢ge⸣ra],ゲラ,終助
[⸢ge⸣ra],ゲラ,終助
[⸢ge⸣ra],ゲラ,終助
[⸣keŋ],ケン,名
[⸣keŋ],ケン,接尾
[⸣keŋ],ケン,接尾
[⸣-keŋ],ケン,副助
[⸣-keŋ],ケン,副助
[⸣-keŋ],ケン,接助
[⸢keŋ⸣gu],ケング,名
[⸢ken⸣ʦa],ケンツァ,名
[⸢kennaː],ケンナー,名
[⸢gen⸣noː],ゲンノー,名
[⸢koː],コー,名
[⸢koː],コー,接頭
[⸣goː],ゴー,助数
[⸢koː⸣ʔiː],コーイー,名
[⸢koː⸣gaː],コーガー,名
[⸢koːgaː⸣ki],コーガーキ,名
[⸢koːkai⸣ʃiŋ],コーカイシン,名
[⸢goː⸣kaʤi],ゴーカジ,名
[⸢koː⸣kiː],コーキー,名
[⸢koː⸣gu],コーグ,名
[⸢goːgu⸣ʧi],ゴーグチ,名
[⸢koːkoː],コーコー,名
[⸢goːgoː],ゴーゴー,副
[⸢koːkoː⸣ʃi],コーコーシ,副
[⸢goːgoː⸣ʃi],ゴーゴーシ,副
[⸢goː⸣sa],ゴーサ,名
[⸢koː⸣saː],コーサー,名
[⸢koː⸣saː],コーサー,名
[⸢goːsagoːsa],ゴーサゴーサ,副
[⸢goːsagoːsa],ゴーサゴーサ,副
[⸢goː⸣sa ⸢suŋ],ゴーサスン,連
[⸢goː⸣sabinasa],ゴーサビナサ,名
[⸢goːsaragoː⸣sara],ゴーサラゴーサラ,副
[⸢goː⸣saŋ],ゴーサン,形
[⸢koː⸣ʃi],コーシ,名
[⸢koː⸣ʃi],コーシ,名
[⸢koːʤi],コージ,名
[⸢goː⸣ʃi],ゴーシ,接尾
[⸢koː⸣ʃiʔaja],コーシアヤ,名
[koː⸢ʃeː⸣ma],コーシェーマ,名
[⸢koːʤikaʣa],コージカザ,名
[⸢goːʃigoːʃi],ゴーシゴーシ,副
[⸢koː⸣ʃiʣara],コーシザラ,名
[⸢koː⸣ʃiʃinʣa],コーシシンザ,名
[⸢goːʃitaːŋ],ゴーシターン,感
[⸢goːʃitaŋ],ゴーシタン,名
[goːʃi̥⸢ti],ゴーシティ,副
[⸢koːʃi̥tu⸣nai],コーシトゥナイ,名
[⸢koːʤi⸣ ni⸢basuŋ],コージニバスン,連
[⸢koːʤinu⸣ pana],コージヌパナ,連
[⸢koː⸣ʃijaː],コーシヤー,名
[⸢koː⸣ʃiŋganaʃi],コーシンガナシ,固
[⸢koːʣuː⸣ʃi],コーズーシ,名
[⸢koːsuku⸣rai],コースクライ,名
[⸢koːsuŋ],コースン,他動
[⸢koːsuŋ],コースン,他動
[⸢koːsuŋ],コースン,他動
[⸢koː⸣soːri],コーソーリ,連
[⸢-goː⸣daː],ゴーダー,接尾
[⸢goː⸣daː ⸢suŋ],ゴーダースン,連
[⸢goː⸣daː ⸢suŋ],ゴーダースン,連
[⸢goː⸣dakaːda],ゴーダカーダ,副
[⸢koːda⸣ti],コーダティ,名
[⸢koː⸣ʧoːʃiŋʃiː],コーチョーシンシー,名
[⸢koːttarumunu],コーッタルムヌ,感
[goːt⸢ti],ゴーッティ,副
[⸢goːffagoːffa],ゴーッふァゴーッふァ,副
[⸢goːffagoːffa],ゴーッふァゴーッふァ,副
[⸢goːffasuŋ],ゴーッふァスン,他動
[⸢koː⸣diŋ],コーディン,名
[⸢goːna⸣kiː],ゴーナキー,名
[⸢goːnaki⸣nu ⸣naru],ゴーナキヌナル,連
[⸣koːneː],コーネー,名
[koː⸢ne⸣ma],コーネマ,名
[koː⸢ne⸣maː],コーネマー,名
[⸢koːba],コーバ,名
[⸢koː⸣pana],コーパナ,名
[⸢koːpan⸣tari],コーパンタリ,名
[⸢koː⸣ɸu],コーフ,名
[⸢koː⸣ɸuʔiʣu],コーフイズ,名
[⸢koːbu⸣ku],コーブク,名
[⸢goːheː],ゴーヘー,感
[goː⸢beːgoːbeː],ゴーベーゴーベー,副
[⸢koː⸣ma],コーマ,名
[⸢koː⸣massuŋ],コーマッスン,名
[⸢koː⸣muni],コームニ,名
[⸢koːmori⸣gasa],コーモリガサ,名
[⸢goː⸣jaː],ゴーヤー,名
[⸢goːjaːʧam⸣puruː],ゴーヤーチャンプルー,名
[⸢koːja⸣ku],コーヤク,名
[⸣koːjoː],コーヨー,名
[⸢goːraː],ゴーラー,名
[⸢goːraː],ゴーラー,名
[⸢goː⸣raː],ゴーラー,副
[⸢goː⸣raː ⸣nasuŋ],ゴーラーナスン,連
[⸢goː⸣raː ⸣naruŋ],ゴーラーナルン,連
[⸢goː⸣raːŋ],ゴーラーン,形
[⸢koːra⸣kuŋ],コーラクン,自動
[⸢goː⸣raʣa],ゴーラザ,名
[⸢koːra⸣ʃi],コーラシ,接尾
[⸢koːra⸣su̥kuŋ],コーラシゥクン,自動
[⸢koːra⸣su̥kuŋ],コーラシゥクン,自動
[⸢koːraʃi̥ki⸣ruŋ],コーラシキルン,自動
[⸢koːra⸣su̥kuŋ],コーラスクン,自動
[⸢koːra⸣suŋ],コーラスン,他動
[⸢koːra⸣suŋ],コーラスン,他動
[⸢koːri],コーリ,名
[⸢goːri],ゴーリ,名
[⸢koːri⸣ssu],コーリッス,名
[⸢goːribansuru],ゴーリバンスル,名
[⸢goːriruŋ],ゴーリルン,自動
[⸢goːrugoːru],ゴールゴール,副
[⸢koː⸣ruŋ],コールン,自動
[⸢koː⸣ruŋ],コールン,自動
[⸢koː⸣ruŋ],コールン,自動
[⸢goːruŋ],ゴールン,自動
[⸢koː⸣roː],コーロー,名
[⸢koː⸣ŋ],コーン,形
[⸢koːŋ⸣gi],コーンギ,名
[⸢goːŋkoːŋ],ゴーンコーン,副
[⸢goːŋkoːŋ],ゴーンコーン,副
[⸣koi],コイ,名
[⸣koisubu],コイスブ,名
[⸣koitaŋgu],コイタング,名
[⸣koinaː],コイナー,名
[⸣koiɸudaru],コイフダル,名
[⸣koimaki],コイマキ,名
[go⸢kogokkoː⸣ː],ゴコゴッコーー,副
[⸣goʣa],ゴザ,名
[goʃi̥⸢ti],ゴシティ,副
[⸢kok⸣kaː],コッカー,名
[⸣gokkaru],ゴッカル,名
[⸢kok⸣kiː],コッキー,名
[⸢kokkoː⸣ffaː],コッコーッふァー,名
[⸢kokkoː⸣ma],コッコーマ,名
[⸢gossuŋkugi],ゴッスンクギ,名
[⸢kottarumunu],コッタルムヌ,感
[⸢kot⸣ʧiː],コッチー,名
[⸢kotʧaŋ],コッチャン,固
[⸢koppa⸣ʧaː],コッパチャー,名
[⸢koppari⸣munu],コッパリムヌ,名
[⸢koppari⸣munu],コッパリムヌ,名
[⸢kop⸣paruŋ],コッパルン,自動
[⸢koffasuŋ],コッふァスン,他動
[⸢koffasuŋ],コッふァスン,他動
[⸢goffasuŋ],ゴッふァスン,他動
[gof⸢fati],ゴッふァティ,副
[gof⸢fati],ゴッふァティ,副
[gof⸢feː],ゴッふェー,感
[⸣kote],コテ,名
[go⸢bunuŋ],ゴブヌン,名
[⸣gomukaŋ],ゴムカン,名
[ko⸢ro],コロ,名
[⸢goŋgoŋ],ゴンゴン,副
[⸢goŋkoŋ⸣ʃi],ゴンコンシ,副
[⸢goŋkoŋ⸣ʃi],ゴンコンシ,副
[⸢kon⸣ʤiŋ],コンジン,名
[⸢kon⸣ʤiŋ],コンジン,名
[gon⸢ti],ゴンティ,副
[⸣kompita],コンピタ,名
[⸣saː],サー,名
[⸣saː],サー,名
[⸣saː],サー,名
[⸢saː],サー,副
[⸣saː],サー,終助
[⸣ʣaː],ザー,名
[⸢ʣaː],ザー,名
[⸢ʣaːʔata⸣ru],ザーアタル,名
[⸣ʣaː ʔa⸢ʦa⸣suŋ],ザーアツァスン,連
[⸢ʣaː⸣ka],ザーカ,副
[⸢saː⸣kḁʃi],サーカシ,名
[⸣ʣaː ga⸢rasuŋ],ザーガラスン,連
[⸣saːgi],サーギ,副助
[⸣saːgi],サーギ,副助
[⸣saːgi],サーギ,副助
[⸣saːgi],サーギ,副助
[⸣saːgi],サーギ,副助
[⸢saːku],サーク,名
[⸢sːsaː],サーサー,副
[⸢ʣaːʣaː],ザーザー,副
[saːʣaː⸢tu],サーザートゥ,副
[⸢saː⸣subu],サースブ,名
[⸢saːsuŋ],サースン,他動
[⸢saːsuŋ],サースン,他動
[⸢saː⸣dai],サーダイ,名
[saːda⸢kaː⸣ŋ],サーダカーン,形
[⸣saːdakamari],サーダカマリ,名
[⸢ʣaːssaː⸣ri],ザーッサーリ,名
[⸢ʣaːssaː⸣ri],ザーッサーリ,名
[⸢ʣaːtʦaː⸣ʃi],ザーッツァーシ,副
[⸢saː⸣doː],サードー,名
[⸢saː⸣doːsabaŋ],サードーサバン,名
[⸣saːtu],サートゥ,接尾
[⸢ʣaː⸣tu̥ku],ザートゥク,名
[⸢ʣaːnun⸣ʣu],ザーニンズ,名
[⸢saː⸣nu ⸣ʔiru],サーヌイル,連
[⸢saː⸣nu ⸣kḁʃi],サーヌカシ,連
[⸢saː⸣nu gu⸢ru],サーヌグル,連
[⸢saː⸣nu ⸣ʃiŋ],サーヌシン,名
[⸢saː⸣nu ⸣pana],サーヌパナ,連
[⸢saːnumi⸣ʔau],サーヌミアウ,名
[⸢saːnumi⸣duʃi],サーヌミドゥシ,名
[⸢saːnumipana⸣ʃi],サーヌミパナシ,名
[⸢ʣaː⸣pai],ザーパイ,名
[⸣saː ba⸢kasuŋ],サーバカスン,連
[⸢saːpana⸣ʃi],サーパナシ,名
[⸣saːbiː],サービー,名
[⸢ʣaːpira⸣ki],ザーピラキ,名
[⸢saːɸuːɸuː],サーフーフー,名
[⸢saː⸣ɸu̥ki],サーフキ,名
[⸢saːɸu̥⸣keːʔiʣu],サーフケーイズ,名
[⸣saː pu̥⸢su⸣sabaŋ],サープスサバン,連
[⸣saːbura],サーブラ,名
[⸢ʣaːburuʣaːburu⸣ʃi],ザーブルザーブルシ,副
[⸢saː⸣buŋ],サーブン,名
[⸢saːbuŋ⸣ʃi̥ki],サーブンシキ,名
[⸢saː⸣miʤi],サーミジ,名
[⸢saːmiruŋ],サーミルン,他動
[⸢ʣaːmuʧi],ザームチ,名
[⸣ʣaːmuʧi],ザームチ,名
[⸢ʣaːmuʧi⸣nari],ザームチナリ,名
[⸢ʣaː⸣mutu],ザームトゥ,名
[⸢saːmuŋ],サームン,他動
[⸢saː⸣juː],サーユー,名
[⸢saː⸣ra],サーラ,名
[⸢saːra],サーラ,名
[⸢saːrasaːra],サーラサーラ,副
[⸢saːrasaːra],サーラサーラ,副
[⸢ʣaːraʣaːra],ザーラザーラ,副
[⸢saːrasuŋ],サーラスン,連
[⸣saːradaku],サーラダク,名
[⸢saːra⸣nu],サーラヌ,連
[⸢saːramaki],サーラマキ,名
[⸢saːra⸣miʤi],サーラミジ,名
[⸢saːra⸣musu],サーラムス,名
[⸣saːri],サーリ,格助
[⸣saːri],サーリ,格助
[⸣saːri],サーリ,格助
[⸣-saːri],サーリ,接助
[⸢ʣaːri],ザーリ,名
[⸢ʣaːrikiː],ザーリキー,名
[⸢saːriki̥suŋ],サーリキスン,他動
[⸢saːri⸣ kuːŋ],サーリクーン,連
[⸢ʣaːrigui],ザーリグイ,名
[⸢saːriʤibuŋ],サーリジブン,名
[⸢ʣaːriduː],ザーリドゥー,名
[⸢saːri⸣ paruŋ],サーリパルン,連
[⸢saːrimiʤi],サーリミジ,名
[⸢ʣaːriruŋ],ザーリルン,自動
[⸢saːru],サール,名
[⸢saːru],サール,名
[⸢saːru],サール,名
[⸢saːruŋ],サールン,自動
[⸢saːruŋ],サールン,他動
[⸢saːruŋ],サールン,自動
[⸢saːruŋ],サールン,他動
[⸢ʣaːruŋ],ザールン,自動
[⸢saːre⸣ː],サーレー,終助
[⸣ʣaːŋ],ザーン,接尾
[ʣaːnŋ],ザーン,名
[⸢ʣaːnʦaŋ⸣ʃi],ザーンツァンシ,副
[⸢sai],サイ,名
[⸢ʣai],ザイ,名
[⸣ʣai],ザイ,接尾
[-ʣai],ザイ,接尾
[⸢ʣai⸣gi],ザイギ,名
[⸢sai⸣ku],サイク,名
[⸢saiku⸣kati],サイクカティ,名
[⸢saikuʃigu⸣tu],サイクシグトゥ,名
[⸢saikudoŋ⸣gu],サイクドング,名
[⸢saiku⸣nu ⸢ʔoːnaːru],サイクヌオーナール,成
[⸢saikunuki⸣ru],サイクヌキル,名
[⸢sai⸣ku⸣pinsoː],サイクピンソー,成
[⸢sai⸣sai],サイサイ,副
[⸢sai⸣saŋ],サイサン,副
[⸣ʣaisaŋ],ザイサン,名
[⸢sai⸣su̥ku],サイスク,名
[⸢saitubimunu],サイトゥビムヌ,名
[⸢sainaŋ],サイナン,名
[⸣ʣaibaŋ],ザイバン,名
[⸢sai⸣ jari],サイヤリ,連
[⸢sai⸣ruŋ],サイルン,他動
[⸢ʣai⸣reː],ザイレー,名
[⸢sau],サウ,名
[⸢sau],サウ,名
[⸣sau],サウ,名
[⸣ʣau],ザウ,名
[⸢saugasuŋ],サウガスン,他動
[⸢saugas⸣saŋ],サウガッサン,形
[⸢sauguŋ],サウグン,自動
[⸢sauguŋ],サウグン,自動
[⸢sauʃi̥ki⸣munu],サウシキムヌ,名
[⸢sau⸣ su̥kuŋ],サウスクン,連
[⸣sau su̥⸢kuŋ],サウスクン,連
[⸣saupasaŋ],サウパサン,名
[⸢sauri],サウリ,名
[⸢sauri],サウリ,名
[⸢saurigutu],サウリグトゥ,名
[⸢sauruŋ],サウルン,自動
[⸢sauruŋ],サウルン,自動
[⸢sauruŋ],サウルン,自動
[⸢sauwaː naː⸣nu],サウワーナーヌ,連
[⸣sauŋ],サウン,他動
[⸣sauŋ],サウン,他動
[⸢sauŋ],サウン,他動
[⸣sauŋ],サウン,他動
[sḁ⸢ka],サカ,名
[⸣ʣaka],ザカ,名
[sa⸢gaː],サガー,名
[sḁ⸢kai],サカイ,名
[sa⸢kaʔimi],サカイミ,名
[sḁ⸢kairuŋ],サカイルン,自動
[sḁ⸢kakiʤi],サカキジ,名
[sḁ⸢kasa],サカサ,名
[sḁ⸢kaʣaː],サカザー,名
[sa⸢kasamaː],サカサマー,名
[sa⸢kaʃi̥ki],サカシキ,名
[sḁ⸢kaffa],サカッふァ,名
[sḁ⸢kana],サカナ,名
[sḁ⸢kanaki],サカナキ,名
[sḁ⸢kanaʃi],サカナシ,名
[sḁ⸢kanajaː],サカナヤー,名
[sḁ⸢kanajaːffaːmunu],サカナヤーッふァイムヌ,名
[sḁ⸢kanajaːmidumu],サカナヤーミドゥム,名
[ʣḁ⸢ka⸣nu ⸣miː],ザカヌミー,連
[sḁ⸢kabaraː],サカバラー,名
[sḁ⸢kabaraːʔui],サカバラーウイ,名
[sa⸢kaɸubari],サカフバリ,名
[sḁ⸢kamaʧi],サカマチ,名
[sḁ⸢kamari],サカマリ,名
[sḁ⸢kamiʤi],サカミジ,名
[sḁ⸢kamiʧi],サカミチ,名
[sḁ⸢ka⸣ja],サカヤ,名
[sḁ⸢ka⸣jaː],サカヤー,名
[sḁ⸢kajaː],サカヤー,名
[sa⸢garasiʔaki⸣nai],サガラシアキナイ,名
[sa⸢garaʃikaː⸣ʃi],サガラシカーシ,名
[sḁ⸢karasuŋ],サカラスン,他動
[sa⸢gara⸣suŋ],サガラスン,他動
[sḁ⸢kari],サカリ,名
[sa⸢gariʔoʃi̥⸣ki],サガリオシキ,名
[sa⸢gari⸣kaʤi],サガリカジ,名
[sa⸢gari⸣tida],サガリティダ,名
[sa⸢karibana],サカリバナ,名
[sḁ⸢karipanʤoː],サカリパンジョー,名
[sa⸢ga⸣ru],サガル,名
[sḁ⸢karuŋ],サカルン,自動
[sḁ⸢karuŋ],サカルン,自動
[sa⸢ga⸣ruŋ],サガルン,自動
[sa⸢ga⸣ruŋ],サガルン,自動
[sḁ⸢kaŋki],サカンキ,名
[sḁ⸢ki],サキ,名
[sḁ⸢ki],サキ,名
[sḁ⸢ki],サキ,名
[sḁ⸢kikaku],サキカク,名
[sḁ⸢kikaʣa],サキカザ,名
[sḁ⸢kikaʃi],サキカシ,名
[sḁ⸢kikami],サキカミ,名
[sḁ⸢kikami],サキカミ,名
[sḁ⸢ki⸣kui],サキクイ,名
[sḁ⸢kikubiŋ],サキクビン,名
[sḁ⸢kiʃigiri],サキシギリ,名
[sḁ⸢kisu̥ku⸣ri],サキスクリ,名
[sḁ⸢kisukkaː],サキスッカー,名
[sa⸢gisoː⸣ki],サギソーキ,名
[sḁ⸢kiʣoːgu],サキゾーグ,名
[sḁ⸢kidai],サキダイ,名
[sḁ⸢ki⸣tari],サキタリ,名
[sa⸢kitari⸣nabi],サキタリナビ,名
[sḁ⸢ki⸣ taruŋ],サキタルン,連
[sḁ⸢kissaː⸣ŋ],サキッサーン,形
[sḁ⸢kitʦaː⸣suŋ],サキッツァースン,他動
[sḁ⸢kiffaimunu],サキッふァイムヌ,名
[sa⸢gitiː⸣gu],サギティーグ,名
[sḁ⸢kituʤi],サキトゥジ,名
[sḁ⸢kinariʃin⸣dai],サキナリシンダイ,連
[sḁ⸢ki⸣ naruŋ],サキナルン,連
[sḁ⸢kinu⸣ ʣaː],サキヌザー,連
[sḁ⸢kinu⸣ sḁ⸢kana],サキヌサカナ,連
[sḁ⸢ki⸣numaː],サキヌマー,名
[sḁ⸢kinumi⸣duʃi],サキヌミドゥシ,名
[sḁ⸢kibai],サキバイ,名
[sḁ⸢kipajaː⸣ŋ],サキパヤーン,連
[sḁ⸢kibaruteː],サキバルテー,名
[sḁ⸢kipantari],サキパンタリ,名
[sḁ⸢kibiː],サキビー,名
[sḁ⸢kipjuːru],サキピュール,名
[sḁ⸢kibiŋ],サキビン,名
[sa⸢kiɸuʃi],サキフシ,名
[sḁ⸢kiɸu̥ʧi],サキフチ,名
[sa⸢ki⸣ɸu̥ʧi],サキフチ,名
[sa⸢giɸuʧi⸣ru],サギフチル,名
[sḁ⸢kibuttaː],サキブッター,名
[sḁ⸢kibutu],サキブトゥ,名
[sḁ⸢kimaːru],サキマール,名
[sa⸢gi⸣miː],サギミー,名
[sa⸢kimui],サキムイ,名
[sa⸢gi⸣munu],サギムヌ,名
[sa⸢gi⸣jaː],サギヤー,名
[sa⸢ki⸣jama],サキヤマ,名
[sḁ⸢ki⸣jamabuʃi],サキヤマブシ,名
[sḁ⸢ki⸣ruŋ],サキルン,自動
[sa⸢gi⸣ruŋ],サギルン,他動
[sa⸢gi⸣ruŋ],サギルン,他動
[sa⸢gi⸣ruŋ],サギルン,他動
[sa⸢gi⸣ruŋ],サギルン,他動
[sa⸢gi⸣ruŋ],サギルン,他動
[sa⸢gi⸣ruŋ],サギルン,他動
[sa⸢gi⸣ruŋ],サギルン,他動
[sa⸢gi⸣ruŋ],サギルン,他動
[sa⸢gi⸣ruŋ],サギルン,他動
[sḁ⸢kiʔnʤi⸣ruŋ],サキンジルン,連
[sḁ⸢kinda],サキンダ,名
[sḁ⸢kindatabaru],サキンダタバル,名
[sḁ⸢kindanumaki],サキンダヌマキ,名
[⸣sḁku],サク,名
[⸣sḁku],サク,名
[⸣sḁku],サク,名
[⸣sḁku],サク,助数
[⸣sḁku],サク,助数
[⸣sḁku],サク,名
[⸣sḁku],サク,名
[sa⸢ku⸣ʔaː],サクアー,名
[sa⸢ku⸣ʔuki],サクウキ,名
[⸣sḁku ʔu⸢ku⸣ruŋ],サクウクルン,連
[sḁ⸢ku⸣ʃi],サクシ,名
[sḁ⸢kuʃiʔuʃi⸣kumi],サクシウシクミ,名
[sḁ⸢kuʃi⸣ffa],サクシッふァ,名
[sḁ⸢kuʃi⸣maː],サクシマー,名
[sḁ⸢kuʃimidoːn⸣ffa],サクシミドーンッふァ,名
[sḁ⸢kuna],サクナ,名
[sḁ⸢kubai],サクバイ,名
[⸣sḁkubata],サクバタ,名
[⸣sḁkubuni],サクブニ,名
[sḁ⸢ku⸣boː],サクボー,名
[sḁ⸢ku⸣mai],サクマイ,名
[⸣sḁkumuti],サクムチ,名
[sa⸢gu⸣jaː],サグヤー,名
[sḁ⸢kura],サクラ,名
[ʣa⸢ku⸣ra],ザクラ,名
[sḁ⸢kuraː⸣ma],サクラーマ,名
[sḁ⸢kuraː⸣ŋ],サクラーン,形
[sḁ⸢kura⸣kaː],サクラカー,固
[sḁ⸢kura⸣kaː],サクラカー,固
[sḁ⸢ku⸣ragira],サクラギラ,名
[sḁ⸢kuraguʧi],サクラグチ,名
[sḁ⸢kuraɸuʧi],サクラフチ,名
[sḁ⸢ku⸣ruŋ],サクルン,他動
[sa⸢guruŋ],サグルン,他動
[⸣sḁkuŋ],サクン,自動
[⸣sḁkuŋ],サクン,他動
[⸣sḁkuŋ],サクン,他動
[⸣saguŋ],サグン,他動
[⸣ʣakaː],ザコー,名
[ʣa⸢koː⸣kagu],ザコーカグ,名
[ʣa⸢koː⸣turi],ザコートゥリ,名
[ʣa⸢koː⸣ba],ザコーバ,名
[ʣa⸢koː⸣baʧi],ザコーバチ,名
[⸣saʣamina],サザミナ,名
[⸣saʃi],サシ,名
[⸣saʤi],サジ,名
[⸣saʤi],サジ,名
[sḁ⸢ʃika⸣ʤi],サシカジ,名
[⸣saʤi ⸣kabuŋ],サジカブン,連
[⸢ʣaʃi̥⸣ki],ザシキ,名
[sa⸢ʃige⸣ta],サシゲタ,名
[⸣sḁʃisi̥kai],サシシゥカイ,名
[sa⸢ʃisï̥kai⸣ruŋ],サシシゥカイルン,自動
[sa⸢ʃi⸣nu f⸢fa],サシヌッふァ,連
[sa⸢ʤi⸣nu ⸣nai],サジヌナイ,連
[sa⸢ʃi⸣mata],サシマタ,名
[sḁ⸢ʃi⸣munu],サシムヌ,名
[sḁ⸢ʃi⸣munuʣaiku],サシムヌザイク,名
[sḁ⸢ʃi⸣munujaː],サシムヌヤー,名
[⸣saʃiŋ],サシン,名
[⸣sḁta],サタ,名
[⸣sḁta],サタ,名
[⸣sata],サタ,名
[⸣sḁtaguruma],サタグルマ,名
[⸣sḁtaʣoːgu],サタゾーグ,名
[⸣sḁtatamunu],サタタムヌ,名
[⸣sḁtatari],サタタリ,名
[⸣sḁta ta⸢ri⸣ʤibuŋ],サタタリジブン,連
[⸣sḁtadaru],サタダル,名
[⸣sḁta ⸣taruŋ],サタタルン,連
[⸣sḁtatimpura],サタティンプラ,名
[⸣satanabi],サタナビ,名
[⸣sataniː],サタニー,名
[⸣satapambiŋ],サタパンビン,名
[sa⸢da⸣maruŋ],サダマルン,自動
[sa⸢da⸣mi],サダミ,名
[sa⸢da⸣mi],サダミ,名
[sa⸢dami⸣ti],サダミティ,副
[sa⸢dami⸣ruŋ],サダミルン,他動
[sa⸢da⸣muŋ],サダムン,他動
[⸣satajuː],サタユー,名
[sḁ⸢ta⸣ra],サタラ,名
[⸣ʣakkaʣakka],ザッカザッカ,副
[⸢sak⸣koː],サッコー,副
[⸢sassa⸣ʃi],サッサシ,副
[sas⸢suku],サッスク,副
[⸢sassuŋ],サッスン,他動
[sat⸢tiː],サッティー,感
[sattimusat⸢timuː],サッティムサッティムー,感
[ʣat⸢tu],ザットゥ,副
[ʣat⸢tu],ザットゥ,副
[ʣat⸢tunu paŋʃi],ザットゥヌパンシ,連
[ʣat⸢tunu pu̥su],ザットゥヌプス,連
[⸢ʣaffaʣaffa],ザッふァザッふァ,副
[⸣saɸɸuŋ],サッフン,名
[⸢sa⸣ti],サティ,感
[⸣sadipu̥su],サディプス,名
[⸣sadimari],サディマリ,名
[sa⸢timu],サティム,感
[sa⸢tu⸣nuʃi],サトゥヌシ,名
[sa⸢durikadu⸣ri],サドゥリカドゥリ,副
[sḁ⸢tu⸣ruŋ],サトゥルン,自動
[sa⸢duruŋ],サドゥルン,他動
[⸣sana],サナ,名
[⸣sanai],サナイ,名
[sa⸢na⸣ka],サナカ,名
[⸣sani],サニ,名
[⸣sani],サニ,名
[saniː⸢saniː⸣ʃi],サニーサニーシ,副
[sa⸢ni⸣ʔoː],サニオー,名
[sa⸢nikimu],サニキム,名
[sa⸢nigutu],サニグトゥ,名
[sa⸢niʤira],サニジラ,名
[sa⸢niʧi],サニチ,名
[sa⸢ninaki],サニナキ,名
[sa⸢nipusu],サニプス,名
[⸣sanimai],サニマイ,名
[⸣sanimaki],サニマキ,名
[⸣sanimari],サニマリ,名
[sa⸢nimari],サニマリ,名
[sa⸢nimuni],サニムニ,名
[sa⸢nimunu],サニムヌ,名
[sa⸢ni⸣mumi],サニムミ,名
[sa⸢ni⸣ja],サニヤ,名
[sa⸢ni⸣ja ⸢suŋ],サニヤスン,連
[sa⸢ni⸣jaŋ],サニヤン,形
[⸢ʣani⸣jaŋ],ザニヤン,接尾
[sa⸢niŋgaːri⸣munu],サニンガーリムヌ,名
[sa⸢niŋkeːruŋ],サニンケールン,自動
[sa⸢ba],サバ,名
[sa⸢ba],サバ,名
[sḁ⸢paːsapaː⸣ʃi],サパーサパーシ,副
[sḁ⸢paːruŋ],サパールン,自動
[sa⸢baː⸣ŋ],サバーン,形
[sḁ⸢paː⸣ŋ],サパーン,形
[sa⸢ba⸣ʔaba],サバアバ,名
[sa⸢bagaki⸣jaː],サバガキヤー,名
[sa⸢baka⸣suŋ],サバカスン,他動
[sa⸢bakatana],サバカタナ,名
[sa⸢ba⸣kikabaki],サバキカバキ,副
[sa⸢ba⸣kuŋ],サバクン,他動
[sa⸢ba⸣kuŋ],サバクン,他動
[sa⸢basoːgiri],サバソーギリ,名
[sa⸢basoː⸣giri],サバソーギリ,名
[sa⸢banaː],サバナー,名
[sa⸢baɸuʧi],サバフチ,名
[sa⸢barakuŋ],サバラクン,他動
[⸣sabaŋ],サバン,名
[sa⸢bampani],サバンパニ,名
[sa⸢bi],サビ,名
[sa⸢bi],サビ,名
[ʣa⸢çi],ザヒ,名
[sa⸢biːsabiː⸣ʃi],サビーサビーシ,副
[sa⸢biːsabiː⸣ʃi],サビーサビーシ,副
[sa⸢bi⸣ki],サビキ,名
[sa⸢bi⸣sa ⸢suŋ],サビサスン,連
[sa⸢bi⸣saŋ],サビサン,形
[sa⸢bi⸣ʤiru],サビジル,名
[sa⸢bi⸣ su̥kuŋ],サビスクン,連
[ʣa⸢çibari],ザヒバリ,名
[sa⸢bi⸣ɸuːŋ],サビフーン,自動
[sa⸢bihuŋ],サビフン,名
[⸢saɸu̥⸣ki],サフキ,名
[⸢saɸu̥kuŋ],サフクン,他動
[⸢saɸu̥kuŋ],サフクン,他動
[saɸu̥⸢keː⸣ma],サフケーマ,名
[ʣaɸu̥⸢ti],ザフティ,副
[⸣saɸuŋ],サフン,名
[ʣa⸢bunti],ザブンティ,副
[sa⸢boːriruŋ],サボーリルン,自動
[sa⸢boːruŋ],サボールン,自動
[ʣa⸢boːnʣaboːŋ⸣ʃi],ザボーンザボーンシ,副
[sa⸢ma],サマ,名
[ʣa⸢ma],ザマ,名
[ʣa⸢ma],ザマ,名
[ʣa⸢maː naː⸣nu],ザマーナーヌ,連
[sa⸢ma⸣ʣama],サマザマ,名
[sa⸢maʃiɸuʧi⸣ru],サマシフチル,名
[sa⸢ma⸣suŋ],サマスン,他動
[sa⸢ma⸣suŋ],サマスン,他動
[sa⸢matagi⸣ruŋ],サマタギルン,他動
[sa⸢ma⸣taguŋ],サマタグン,他動
[sa⸢madari⸣munu],サマダリムヌ,名
[sa⸢ma⸣dareː],サマダレー,名
[sa⸢ma⸣ruŋ],サマルン,他動
[sa⸢ma⸣ruŋ],サマルン,自動
[ʣa⸢manduri⸣kaʤi],ザマンドゥリカジ,名
[ʣa⸢man⸣durikamanduri],ザマンドゥリカマンドゥリ,副
[ʣa⸢man⸣duruŋ],ザマンドゥルン,自動
[sa⸢mi],サミ,名
[sa⸢mi],サミ,名
[sa⸢migoːsa],サミゴーサ,名
[sa⸢migoːsaː],サミゴーサー,名
[sa⸢minu⸣ pana],サミヌパナ,連
[sa⸢mi⸣ruŋ],サミルン,自動
[sa⸢mi⸣ruŋ],サミルン,自動
[sa⸢mimpaːmuʧi],サミンパームチ,名
[sa⸢muti],サムティ,連
[sa⸢murai],サムライ,名
[⸣samuŋ],サムン,自動
[⸣samuŋ],サムン,自動
[sa⸢ja],サヤ,名
[sa⸢ja],サヤ,名
[⸣sajamami],サヤマミ,名
[⸣sajaŋgatana],サヤンガタナ,名
[⸣sara],サラ,名
[⸣sara],サラ,名
[sa⸢ra],サラ,接頭
[⸣ʣara],ザラ,名
[sa⸢raː⸣ŋ],サラーン,形
[sa⸢raː⸣ŋ],サラーン,形
[sa⸢raː⸣ŋ],サラーン,形
[sa⸢rairuŋ],サライルン,他動
[sa⸢rairuŋ],サライルン,他動
[sa⸢rauŋ],サラウン,他動
[sa⸢rauŋ],サラウン,他動
[sa⸢ra⸣kaki],サラカキ,名
[sa⸢rasaraːt⸣ti],サラサラーッティ,副
[ʣa⸢raʣara⸣ʃi],ザラザラシ,副
[⸣sarasaraʤiː],サラサラジー,名
[sa⸢rasuŋ],サラスン,他動
[sa⸢rasuŋ],サラスン,他動
[sa⸢ratti],サラッティ,副
[sa⸢ra⸣tiː ⸢ʔnːnatiː],サラティーンーナティー,連
[sa⸢rabaʃi̥⸣ki],サラバシキ,名
[sara⸢raːtti],サララーッティ,副
[sa⸢riːʣariː],サリーザリー,副
[sa⸢rikiː],サリキー,名
[sa⸢rikisuŋ],サリキスン,自動
[sa⸢risuburu],サリスブル,名
[sa⸢ritamunu],サリタムヌ,名
[sa⸢rissa],サリッサ,名
[sa⸢ripaː],サリパー,名
[sa⸢riɸututʧi⸣ruŋ],サリフトゥッチルン,自動
[sa⸢ripuni],サリプニ,名
[sa⸢rijuda],サリユダ,名
[sa⸢riruŋ],サリルン,自動
[sa⸢riruŋ],サリルン,自動
[sa⸢riruŋ],サリルン,自動
[sa⸢riruŋ],サリルン,自動
[⸣saru],サル,名
[sa⸢ruŋ],サルン,自動
[sa⸢ruŋ],サルン,自動
[⸣ʣaruŋ],ザルン,接尾
[⸣saŋ],サン,名
[⸣saŋ],サン,名
[⸣saŋ],サン,名
[⸣saŋ],サン,名
[⸣ʣaŋ],ザン,名
[⸣saŋʔiʧi],サンイチ,名
[⸢saŋʔura⸣ʃi],サンウラシ,名
[⸣saŋkaku],サンカク,名
[⸢saŋgama⸣ʧi],サンガマチ,名
[⸢saŋ⸣gara],サンガラ,名
[⸢saŋ⸣garamiʧi],サンガラミチ,名
[⸢saŋ⸣gi ⸣paruŋ],サンギパルン,連
[⸢ʣaŋ⸣giri],ザンギリ,名
[⸢saŋgi⸣ ʔn⸢ʣa⸣suŋ],サンギンザスン,連
[⸣saŋginsoː],サンギンソー,名
[⸢saŋ⸣gunaː],サングナー,名
[⸢saŋ⸣gunaː ⸢suŋ],サングナースン,連
[⸢saŋ⸣gunaːŋ],サングナーン,形
[⸢saŋguni⸣ʧi],サングニチ,名
[⸢saŋgwa⸣ʧi],サングヮチ,名
[⸢saŋgwa⸣ʧisaniʧi],サングヮチサニチ,名
[⸣saŋgwannu ⸢ʃiːmunu],サングヮンヌシームヌ,連
[⸢saŋguŋ],サングン,他動
[⸢saŋgoː⸣biŋ],サンゴービン,名
[⸢san⸣sagi],サンサギ,名
[⸢sansa⸣naː],サンサナー,名
[⸢ʣanʣara⸣goː],ザンザラゴー,名
[⸣sansaŋ],サンサン,名
[⸢san⸣ʣaŋ],サンザン,副
[⸣sansaŋkudo],サンサンクド,名
[⸢sanʣaŋkun⸣ʣaŋ],サンザンクンザン,副
[⸣saŋʃi̥ki],サンシキ,名
[⸣saŋʃi̥ki],サンシキ,名
[⸣saŋʃikinuʔuta],サンシキヌウタ,名
[⸢sanʤi⸣nu ⸢saː⸣ɸu̥ki],サンジヌサーフキ,連
[⸣sanʤakubasannaru],サンジャクバサンナル,名
[⸣sanʤakumadu],サンジャクマドゥ,名
[sanʤa⸢koː⸣ma],サンジャコーマ,名
[sanʤuː⸢sanniŋ⸣ki],サンジューサンニンキ,名
[⸢saŋ⸣ʃiŋ],サンシン,名
[⸢saŋʃiŋ],サンシン,名
[⸢saŋʃinnu⸣ ʃi⸢ru],サンシンヌシル,連
[⸢saŋʃinnu ʔmː⸣ma],サンシンヌンーマ,連
[⸢samʃimpaku],サンシンパク,名
[⸢saŋʃimpiki],サンシンピキ,名
[⸢saŋʃim⸣bira],サンシンビラ,名
[⸢sansu⸣daki],サンスダキ,名
[⸢sanʣu⸣nu ⸢kaːra],サンズヌカーラ,連
[⸢sanʣuŋ⸣kugi],サンズンクギ,名
[⸢san⸣soː ⸢maːruŋ],サンソーマールン,連
[⸢san⸣daː],サンダー,固
[⸢san⸣daŋ],サンダン,名
[⸣sandambuː],サンダンブー,名
[⸣sandambuː],サンダンブー,名
[⸢ʣan⸣ʦaruŋ],ザンツァルン,自動
[⸢ʣanʦaŋ⸣ʃi],ザンツァンシ,副
[⸢ʣanʦaŋ⸣ʃi],ザンツァンシ,副
[⸢ʣanʦaŋ⸣ʃi],ザンツァンシ,副
[ʣan⸢ti],ザンティ,副
[⸢san⸣doː],サンドー,名
[⸢santoːsuŋ],サントースン,他動
[⸢san⸣tu],サントゥ,名
[⸢san⸣tu],サントゥ,名
[⸢san⸣turusaː],サントゥルサー,名
[⸣ʣan ⸣naruŋ],ザンナルン,連
[⸢san⸣naŋ],サンナン,名
[⸢san⸣naŋ ka⸢kimakaru],サンナンカキマカル,成
[⸢sanniŋ⸣ki],サンニンキ,名
[⸢san⸣nu ti⸢ʤi],サンヌティジ,連
[⸢san⸣nupaː],サンヌパー,名
[⸢san⸣nupaːkaʤi],サンヌパーカジ,名
[⸢san⸣nupaː ⸣ʃinu],サンヌパーシヌ,連
[⸢sam⸣ba],サンバ,名
[⸢sambaː⸣reː],サンバーレー,名
[⸢sam⸣bagakkoː],サンバガッコー,名
[⸢sambakat⸣ti],サンバカッティ,名
[⸢samba⸣ʃi],サンバシ,名
[⸢sambaŋʔura⸣ʣa],サンバンウラザ,名
[⸢samban⸣ʣaː],サンバンザー,名
[⸣ʣampantari],ザンパンタリ,名
[⸢samban⸣duru],サンバンドゥル,名
[⸣sampiki],サンピキ,名
[⸣sampinsaː],サンピンサー,名
[⸢sambu⸣ʔiʦa],サンブイツァ,名
[⸢sambu⸣nuŋ],サンブヌン,名
[⸣samboː],サンボー,名
[⸢ʣam⸣mai],ザンマイ,名
[⸢sammai⸣nabi],サンマイナビ,名
[⸢sammagi⸣ri],サンマギリ,名
[⸢sam⸣miŋ],サンミン,名
[⸢sam⸣miŋ],サンミン,名
[⸢sam⸣min ⸢suŋ],サンミンスン,連
[⸢sammimbap⸣pai],サンミンバッパイ,名
[⸢sammusu⸣bi],サンムスビ,名
[⸢sam⸣mujoː],サンムヨー,名
[⸣saŋ ⸢juːŋ],サンユーン,連
[⸣-ʃi],シ,格助
[⸣-ʃi],シ,格助
[⸣-ʃi],シ,格助
[⸣-ʃi],シ,格助
[⸣-ʃi],シ,格助
[⸣-ʃi],シ,格助
[⸣-ʃi],シ,格助
[⸣-ʃi],シ,格助
[⸣-ʃi],シ,格助
[⸣-ʃi],シ,格助
[⸣ʃiː],シー,名
[⸣ʃiː],シー,名
[⸣ʃiː],シー,名
[⸢ʃiː],シー,名
[⸢ʃiː],シー,名
[⸣ʃiː],シー,名
[⸣ʃiː],シー,名
[⸢ʃiː],シー,名
[⸢ʃiː],シー,名
[⸢ʃiː],シー,名
[⸢ʤiː],ジー,名
[⸣ʤiː],ジー,名
[⸣ʤiː],ジー,名
[⸣ʤiː],ジー,名
[⸢ʤiː],ジー,名
[⸣ʃiː ⸢ʔaːsuŋ],シーアースン,連
[⸣ʃiː ⸢ʔairuŋ],シーアイルン,連
[⸣ʃiː ⸢ʔauŋ],シーアウン,連
[⸢ʃiːʔaka⸣ri],シーアカリ,名
[⸢ʤiː⸣ʔaba],ジーアバ,名
[⸢ʤiː⸣ʔiki],ジーイキ,名
[⸢ʃiːʔiraki⸣munu],シーイラキムヌ,名
[⸣ʃiː ʔi⸢ruŋ],シーイルン,連
[⸢ʃiː⸣ ʔu⸢ku⸣suŋ],シーウクスン,連
[⸢ʤiː⸣ʔuta],ジーウタ,名
[⸢ʃiː⸣ʔuja],シーウヤ,名
[⸢ʃiːkaiʃi],シーカイシ,名
[⸢ʤiːkakiʣoːʤi],ジーカキゾージ,名
[⸢ʤiːkaki⸣pu̥su],ジーカキプス,名
[⸢ʃiː⸣kaʣa],シーカザ,名
[⸢ʃiːkata],シーカタ,名
[⸢ʃiːkaraː⸣ŋ],シーカラーン,形
[⸢ʃiːkantiː],シーカンティー,連
[⸢ʃiː⸣ki̥sa],シーキサ,名
[⸢ʃiːkisuŋ],シーキスン,他動
[⸢ʃiː kisuŋ],シーキスン,連
[⸢ʃiː⸣ki̥ʧi],シーキチ,名
[⸢ʃiː⸣gu],シーグ,名
[⸣ʃiː ⸣kuːŋ],シークーン,連
[⸢ʃiː⸣kui],シークイ,名
[⸢ʃiː⸣kusa],シークサ,名
[⸢ʤiː⸣kusai],ジークサイ,名
[⸢ʤiː⸣kusai],ジークサイ,名
[⸢ʤiːkuʃi⸣rai],ジークシライ,名
[⸢ʃiːguri⸣saŋ],シーグリサン,連
[⸢ʃiːkwaː⸣saː],シークヮーサー,名
[⸢ʃiːgoː⸣daː],シーゴーダー,名
[⸢ʤiː⸣saŋʃi̥kiru],ジーサンシキル,名
[⸢ʃiː⸣ʃi],シーシ,名
[⸢ʃiː⸣ʃi],シーシ,名
[⸢ʃiː⸣ʃi],シーシ,名
[⸢ʤiːʤiː],ジージー,副
[⸢ʤiːʤiː],ジージー,副
[⸢ʤiːʤiː],ジージー,副
[⸢ʤiːʤiː⸣ʃi],ジージーシ,副
[⸢ʃiːʃeː⸣ŋ],シーシェーン,自動
[⸢ʃiːʃeː⸣ŋ ⸢koːra⸣ʃi],シーシェーンコーラシ,連
[⸢ʃiː⸣ʃi ⸣kabuŋ],シーシカブン,連
[⸢ʃiː⸣ʃi ⸣kabuŋ],シーシカブン,連
[⸢ʤiːʃi̥ki⸣munu],ジーシキムヌ,名
[⸢ʃiːʃigiruŋ],シーシギルン,他動
[⸢ʃiː⸣ʃidama],シーシダマ,名
[⸢ʃiːʃi⸣nu ⸣kiŋ],シーシヌキン,連
[⸢ʃiː⸣ʃi ⸢paː⸣suŋ],シーシパースン,連
[⸢ʃiːʃibaru],シーシバル,名
[⸢ʃiːʃipi̥ka⸣ri],シーシピカリ,名
[⸣ʃiː ʃi⸢biruŋ],シーシビルン,連
[⸢ʃiː⸣ʃi ⸣ɸuːŋ],シーシフーン,連
[⸢ʃiː⸣ʃi ⸣ɸuːŋ],シーシフーン,連
[⸢ʃiː⸣ʃi ⸢maːʃi],シーシマーシ,連
[⸢ʃiː⸣ʃi ⸢maːsuŋ],シーシマースン,連
[⸢ʃiːʃimaʧi⸣ri],シーシマチリ,名
[⸢ʃiːʃimura⸣ʃi],シーシムラシ,名
[⸢ʃiːʤiru],シージル,名
[⸢ʃiːʤiru],シージル,名
[⸢ʃiːʤiru],シージル,名
[⸢ʤiːʤirumaː⸣suŋ],ジージルマースン,他動
[⸣ʤiːʃiŋka],ジーシンカ,名
[⸢ʃiːsuː],シースー,名
[⸢ʃiːsugi],シースギ,名
[⸢ʃiːsu̥ku⸣rai],シースクライ,名
[⸣ʃiː su̥⸢ku⸣ruŋ],シースクルン,連
[⸢ʤiː⸣ su̥kuŋ],ジースクン,連
[⸢ʤiː sukuŋ],ジースクン,連
[⸢ʃiː⸣soː],シーソー,名
[⸢ʃiː⸣ʣoː],シーゾー,名
[⸢ʃiːʣoːʤi],シーゾージ,名
[⸢ʃiːʣoː⸣niŋ],シーゾーニン,名
[⸢ʃiːʣoː⸣jaː],シーゾーヤー,名
[⸢ʤiː⸣dai],ジーダイ,名
[⸢ʃiː⸣dani],シーダニ,名
[⸢ʃiː⸣dani ba⸢ri],シーダニバリ,連
[⸢ʃiː⸣ daradara],シーダラダラ,連
[⸢ʃiːt],シーッ,感
[⸢ʃiːssari⸣kaʣa],シーッサリカザ,名
[⸢ʃiː⸣ ʃ⸢ʃiː],シーッシー,感
[⸢ʃiːssu],シーッス,名
[⸢ʃiːp⸣pai],シーッパイ,副
[⸢ʃiːffai⸣ffa],シーッふァイッふァ,名
[⸢ʃiːffai⸣paː],シーッふァイパー,名
[ʃiː⸢ti],シーティ,副
[⸢ʃiːtiː],シーティー,名
[⸢ʃiː⸣tu],シートゥ,名
[⸢ʃiːtuː],シートゥー,名
[⸢ʃiːtuːguruma],シートゥーグルマ,名
[⸢ʃiːtuːjaː],シートゥーヤー,名
[⸢ʃiːtuʣumi⸣ruŋ],シートゥズミルン,他動
[⸢ʃiːtuʣumuŋ],シートゥズムン,他動
[⸢ʃiːnarai],シーナライ,名
[⸢ʤiːnara⸣ʃi],ジーナラシ,名
[⸢ʃiː⸣niː],シーニー,名
[⸢ʃiːnu ʔaːruŋ],シーヌアールン,連
[⸢ʃiːnuʔuʧi],シーヌウチ,名
[⸢ʤiː⸣nu ka⸢ʣaː⸣ ka⸢buŋ],ジーヌカザカブン,連
[⸢ʤiːnugi],ジーヌギ,名
[⸢ʤiːnugi],ジーヌギ,名
[⸢ʃiː⸣ nu⸢gi⸣ruŋ],シーヌギルン,連
[⸢ʃiː⸣ nuguŋ],シーヌグン,連
[⸢ʤiː⸣nuʃi],ジーヌシ,名
[⸢ʃiːnu⸣ tḁ⸢kaː⸣ŋ],シーヌタカーン,連
[⸢ʃiːnu⸣ ta⸢raːnu],シーヌタラーヌ,連
[⸢ʃiː⸣nu pa⸢raʃi̥kiruŋ],シーヌパラシキルン,連
[⸢ʃiː⸣nu ɸu̥⸢ʧi],シーヌフチ,名
[⸢ʃiːnu⸣ɸuʧi],シーヌフチ,名
[⸢ʃiːnumikjoː⸣dai],シーヌミキョーダイ,名
[⸢ʃiːnu⸣ miʧi],シーヌミチ,連
[⸢ʃiː⸣neː],シーネー,名
[⸢ʃiːnoːsuŋ],シーノースン,他動
[⸢ʃiːbai],シーバイ,名
[⸢ʃiː⸣bai],シーバイ,名
[⸢ʃiː⸣paki],シーパキ,名
[⸢ʃiːbaku],シーバク,名
[⸢ʃiːpaʤimi],シーパジミ,名
[⸢ʃiːpaʤimiruŋ],シーパジミルン,他動
[⸢ʤiːba⸣ta],ジーバタ,名
[⸢ʃiːpana⸣ri],シーパナリ,名
[⸢ʃiː⸣ba ⸣ɸui],シーバフイ,連
[⸢ʃiː⸣ pa⸢jaː⸣ŋ],シーパヤーン,連
[⸢ʃiː⸣ paruŋ],シーパルン,連
[⸢ʃiː⸣baŋ],シーバン,名
[⸢ʃiː⸣pi̥kimaipi̥ki],シーピキマイピキ,名
[⸢ʃiː⸣ pi̥⸢kuŋ],シーピクン,連
[⸢ʃiː⸣ pi̥⸢kuŋ],シーピクン,連
[⸢ʃiː⸣ pi̥⸢kuŋ],シーピクン,連
[⸢ʃiː⸣pi̥sa],シーピサ,名
[⸢ʤiː⸣pi̥ʃi],ジーピシ,名
[⸢ʤiːpi̥ʃi⸣jama],ジーピシヤマ,名
[⸢ʤiː⸣bira],ジービラ,名
[⸢ʃiːbu],シーブ,名
[⸣ʤiː ɸu̥⸢ka⸣suŋ],ジーフカスン,連
[⸢ʃiːɸu̥ku⸣ru],シーフクル,名
[⸢ʃiː⸣ pu̥saŋ],シープサン,連
[⸢ʃiː⸣pu̥saŋ],シープサン,連
[⸢ʃiːɸu̥ʧi],シーフチ,名
[⸢ʃiːɸu̥ʧi],シーフチ,名
[⸢ʤiː⸣ɸunai],ジーフナイ,名
[⸢ʤiː⸣buni],ジーブニ,名
[⸢ʃiːbuŋ],シーブン,名
[⸢ʤiː⸣hoː],ジーホー,名
[⸢ʃiːmaːki],シーマーキ,連
[⸢ʤiː⸣mai],ジーマイ,名
[⸢ʃiːmaʣaːri⸣ ʃi⸢ba⸣ru],シーマザーリシバル,連
[⸢ʤiːma⸣ʃi],ジーマシ,名
[⸢ʤiː⸣maʃi],ジーマシ,名
[⸢ʃiːmaʧigai],シーマチガイ,名
[⸢ʤiːmama],ジーママ,名
[⸢ʤiː⸣mami],ジーマミ,名
[⸢ʤiːmamitoː⸣ɸu],ジーマミトーフ,名
[⸢ʤiːmamidoː⸣ɸu],ジーマミドーフ,名
[⸢ʤiːmaŋ],ジーマン,名
[⸢ʤiːmansaː],ジーマンサー,名
[⸣ʃiːmiːsaː],シーミーサー,名
[⸢ʃiːmiʧi],シーミチ,名
[⸢ʃiː⸣miruŋ],シーミルン,自動
[⸢ʃiːmunu],シームヌ,名
[⸢ʃiː⸣munu],シームヌ,名
[⸢ʃiːmunu],シームヌ,名
[⸢ʃiːmunubaŋ],シームヌバン,名
[⸢ʃiːmunubaŋ],シームヌバン,名
[⸢ʃiːmuraʃi],シームラシ,名
[⸢ʤiːmura⸣ʃi],ジームラシ,名
[⸢ʃiː⸣meːjukuŋ],シーメーユクン,名
[⸢ʃiːjas⸣saŋ],シーヤッサン,連
[⸢ʃiːjabi⸣pu̥su],シーヤビプス,名
[⸢ʃiː⸣jaŋ],シーヤン,形
[⸢ʃiː⸣joː],シーヨー,名
[⸢ʤiː⸣joː],ジーヨー,名
[⸢ʤiː⸣joː],ジーヨー,名
[⸢ʃiːjoːʃiʣama],シーヨーシザマ,名
[⸢ʃiːjoːmui⸣joː],シーヨームイヨー,名
[⸢ʃiː⸣ra],シーラ,名
[⸢ʃiː⸣ra],シーラ,名
[⸢ʃiː⸣ra ku⸢ma⸣ruŋ],シーラクマルン,連
[⸢ʃiːra⸣suŋ],シーラスン,他動
[⸢ʃiː⸣rassaːku],シーラッサーク,名
[⸢ʃiːri⸣ʔiː],シーリイー,名
[⸢ʃiːri⸣ʔuŋ],シーリウン,名
[⸢ʃiːri⸣kaʣa],シーリカザ,名
[⸢ʃiː⸣ruŋ],シールン,自動
[⸢ʃiː⸣ruŋ],シールン,自動
[⸢ʃiːwaʣa],シーワザ,名
[ʃi⸢agaruŋ],シアガルン,自動
[ʃi⸢agiruŋ],シアギルン,他動
[ʃi⸢aguŋ],シアグン,他動
[⸣si̥ka],シゥカ,助数
[si̥⸢kaːrimunu],シゥカーリムヌ,名
[sï̥kaːŋ],シゥカーン,形
[si̥⸢kai],シゥカイ,名
[si̥⸢kai],シゥカイ,名
[si̥⸢kai ʔaː⸣suŋ],シゥカイアースン,連
[si̥⸢kaikiː],シゥカイキー,名
[si̥⸢kaigutu],シゥカイグトゥ,名
[si̥⸢kaittoː],シゥカイットー,名
[si̥⸢kaitoːsuŋ],シゥカイトースン,他動
[si̥⸢kai⸣baː],シゥカイバー,名
[si̥⸢kaibata],シゥカイバタ,名
[si̥⸢kaimiʤi],シゥカイミジ,名
[si̥⸢kaimiʧi],シゥカイミチ,名
[si̥⸢kaimunu],シゥカイムヌ,名
[si̥⸢kaimunu],シゥカイムヌ,名
[si̥⸢kairuŋ],シゥカイルン,自動
[si̥⸢kairuŋ],シゥカイルン,自動
[si̥⸢kauŋ],シゥカウン,他動
[si̥⸢kauŋ],シゥカウン,他動
[si̥⸢kauŋ],シゥカウン,他動
[si̥⸢kauŋ],シゥカウン,他動
[si̥⸢kauŋ],シゥカウン,他動
[si̥⸢kauŋ],シゥカウン,自動
[si̥⸢kauŋ],シゥカウン,自動
[sï̥⸢kasuŋ],シゥカスン,他動
[si̥⸢ka⸣suŋ],シゥカスン,他動
[si̥⸢kasuŋ],シゥカスン,他動
[si̥⸢kasuŋ],シゥカスン,他動
[si̥⸢kasoː⸣ranaː⸢ra],シゥカソーラナーラ,感
[si̥⸢kasoː⸣ri],シゥカソーリ,感
[si̥⸢kattigutu],シゥカッティグトゥ,名
[si̥⸢kattuŋ],シゥカットゥン,自動
[si̥⸢ka⸣nai],シゥカナイ,名
[si̥⸢kani⸣ʔuja],シゥカナイウヤ,名
[sï̥⸢kanaiguri⸣saŋ],シゥカナイグリサン,連
[si̥⸢kanai⸣ffa],シゥカナイッふァ,名
[si̥⸢kanai⸣nuʃi],シゥカナイヌシ,名
[sï̥⸢kanai⸣baki],シゥカナイバキ,名
[si̥⸢kanaipan⸣ta],シゥカナイパンタ,名
[si̥⸢kanai⸣muʃi],シゥカナイムシ,名
[si̥⸢ka⸣nauŋ],シゥカナウン,他動
[si̥⸢kaba⸣ ʃi̥⸢ki],シゥカバシキ,連
[si̥⸢ka⸣baraː],シゥカバラー,名
[si̥⸢kamaː⸣ru],シゥカマール,名
[si̥⸢kamabuʃi],シゥカマブシ,名
[sï̥⸢ka⸣mi],シゥカミ,名・助数
[sï̥⸢ka⸣mi],シゥカミ,名
[sï̥⸢ka⸣miː],シゥカミー,名
[sï̥⸢ka⸣miː],シゥカミー,名
[si̥⸢kami⸣ʔarai],シゥカミアライ,名
[sï̥⸢ka⸣miʧi],シゥカミチ,名
[si̥⸢kami ʔnʣa⸣suŋ],シゥカミンザスン,連
[si̥⸢kamiʔʣa⸣suŋ],シゥカミンザスン,他動
[sï̥⸢ka⸣muŋ],シゥカムン,他動
[sï̥⸢ka⸣muŋ],シゥカムン,他動
[sï̥⸢ka⸣muŋ],シゥカムン,他動
[si̥⸢kara],シゥカラ,名
[si̥⸢karaː⸣saŋ],シゥカラーサン,形
[si̥⸢kara⸣ ʃi̥⸢ki⸣ruŋ],シゥカラシキルン,連
[si̥⸢karaʃigutu],シゥカラシグトゥ,名
[si̥⸢karaʤina],シゥカラジナ,名
[si̥⸢kara⸣ su̥kuŋ],シゥカラスクン,連
[si̥⸢karamaːsu],シゥカラマース,名
[si̥⸢karamuʧi],シゥカラムチ,名
[si̥⸢kara⸣muʧi],シゥカラムチ,名
[si̥⸢karawaʣa],シゥカラワザ,名
[si̥⸢kara⸣ ʔnʤi],シゥカランジ,連
[si̥⸢kara⸣ ʔnʣuŋ],シゥカランズン,連
[si̥⸢kari⸣ruŋ],シゥカリルン,連
[si̥⸢kariruŋ],シゥカリルン,自動
[sï̥⸢kariŋ],シゥカリン,自動
[sï̥⸢kariŋ],シゥカリン,自動
[si̥⸢kariŋ],シゥカリン,自動
[sï̥⸢kariŋ],シゥカリン,自動
[sï̥⸢kariŋ],シゥカリン,自動
[si̥⸢kariŋ],シゥカリン,連
[si̥⸢kariŋ],シゥカリン,連
[si̥⸢ka⸣riŋ],シゥカリン,連
[si̥⸢ka⸣riŋ],シゥカリン,連
[si̥⸢karu],シゥカル,名
[si̥⸢karuŋ],シゥカルン,自動
[⸣si̥kaŋ],シゥカン,名・助数
[si̥⸢kan-],シゥカン,接頭
[si̥⸢kaŋkaː⸣suŋ],シゥカンカースン,他動
[sï̥⸢kaŋgi],シゥカンギ,名
[si̥⸢kaŋgiː],シゥカンギー,名
[sï̥⸢kaŋ⸣ ʃi̥ki],シゥカンシキ,連
[si̥⸢kaŋ ʃi̥ki],シゥカンシキ,連
[sï̥kanʦaː⸣ruŋ],シゥカンツァールン,自動
[si̥⸢kaŋffaː⸣suŋ],シゥカンッふァースン,他動
[si̥⸢kaŋ⸣ffuŋ],シゥカンッふン,他動
[si̥⸢kaŋ⸣ffuŋ],シゥカンッふン,他動
[sï̥⸢kantoː⸣ruŋ],シゥカントールン,自動
[si̥⸢kam⸣bana],シゥカンバナ,名
[si̥⸢kam⸣pu̥suŋ],シゥカンプスン,他動
[⸣-ʃeː],シェー,連
[⸣-ʃeː],シェー,連
[⸣-ʃeː],シェー,終助
[⸣ʃeː],シェー,連
[⸢ʃeːgaː⸣turi],シェーガートゥリ,名
[⸢ʤeːʤeː],ジェージェー,擬態
[⸢ʃeː⸣ misamunu],シェーミサムヌ,連
[⸢ʃeː⸣raː],シェーラー,連
[⸢ʃeː⸣ŋ],シェーン,他動
[⸢ʃeː⸣ŋ],シェーン,助動
[⸢ʃeikiʦaʣaːteː],シェイキツァザーテー,名
[⸣ʃemeŋgaːra],シェメンガーラ,名
[⸢ʃen⸣suru],シェンスル,名
[⸢ʃen⸣suru],シェンスル,名
[⸢ʃen⸣suru],シェンスル,名
[⸣ʃi̥ka],シカ,名
[ʃi̥⸢kaː⸣gwaː],シカーグヮー,名
[ʃi̥kaːʃi̥⸢kaː⸣ʃi],シカーシカーシ,副
[ʃi̥kaːʃi⸢kaː⸣ʃi],シカーシカーシ,副
[ʃi̥kaː⸢ʃikaː⸣ʃi],シカーシカーシ,副
[ʃi⸢gaːsuŋ],シガースン,他動
[ʃi̥⸢kaː⸣ŋ],シカーン,形
[ʃi̥⸢kaː⸣ŋ],シカーン,形
[ʃi̥⸢kaː⸣ŋ],シカーン,形
[ʃi̥⸢kaː⸣ŋ],シカーン,形
[⸣ʃi̥kai],シカイ,名
[⸣ʃi̥kaiʣuː],シカイズー,名
[ʃi̥kai⸢tu],シカイトゥ,副
[ʃi̥⸢kaki],シカキ,名
[ʃi̥⸢kakiruŋ],シカキルン,他動
[ʃi⸢gakiruŋ],シガキルン,他動
[ʃi̥⸢ka⸣ku],シカク,名
[ʃi̥⸢kaku],シカク,名
[ʃi̥⸢kakuŋ],シカクン,他動
[ʃi̥⸢kakuŋ],シカクン,他動
[ʃi⸢gakuŋ],シガクン,他動
[ʃi̥⸢ka⸣sa],シカサ,名
[ʃi̥⸢ka⸣sa ⸢suŋ],シカサスン,連
[ʃi̥⸢kasuŋ],シカスン,他動
[ʃi̥⸢kasuŋ],シカスン,他動
[ʃi̥⸢kasuŋ],シカスン,他動
[ʃi⸢gasuŋ],シガスン,他動
[ʤi⸢ka⸣ta],ジカタ,名
[ʃi̥⸢kataː naː⸣nu],シカターナーヌ,連
[ʃi̥⸢kattikaː⸣ti],シカッティカーティ,副
[ʃi̥⸢kattiruŋ],シカッティルン,自動
[ʃi̥⸢kattuŋ],シカットゥン,自動
[ʃi̥⸢ka⸣boː],シカボー,名
[ʃi̥⸢kamaburu],シカマブル,名
[ʃi̥⸢kamiruŋ],シカミルン,他動
[ʃi̥⸢ka⸣muni],シカムニ,名
[ʃi̥⸢ka⸣munu],シカムヌ,名
[ʃi̥⸢kamuŋ],シカムン,他動
[ʃi̥⸢kamuŋ],シカムン,自動
[ʃi̥⸢kajuː⸣ruŋ],シカユールン,自動
[ʃi̥⸢karaː⸣saŋ],シカラーサン,形
[ʃi⸢garuŋ],シガルン,自動
[ʤi⸢kaŋ],ジカン,名
[ʃi̥⸢ki],シキ,名
[⸣ʃiki],シキ,名
[⸣ʃi̥ki],シキ,名
[⸣ʃiki],シキ,名
[⸣ʃi̥ki],シキ,名
[⸣ʃi̥ki],シキ,名
[ʃi⸢gi],シギ,名
[ʃi⸢gi],シギ,名
[ʃi⸢gi],シギ,名
[ʃi̥⸢kiː],シキー,名
[ʃi⸢giʔaːsuŋ],シギアースン,他動
[ʃi̥⸢kiakiruŋ],シキアキルン,他動
[ʃi̥⸢kiagiruŋ],シキアギルン,他動
[ʃi̥⸢kiataruŋ],シキアタルン,自動
[ʃi̥⸢ki⸣ʔaba],シキアバ,名
[ʃi̥⸢kiʔaŋgarasuŋ],シキアンガラスン,他動
[ʃi̥⸢kiʔaŋ⸣garuŋ],シキアンガルン,自動
[ʃi̥⸢kiʔiʃi],シキイシ,名
[ʃi̥⸢kiʔiʦaː],シキイツァ,名
[ʃi⸢giʔiʦa],シギイツァ,名
[ʃi̥⸢kiʔiriruŋ],シキイリルン,他動
[ʃi̥⸢kiʔuki⸣ tu⸢ri⸣ʔuki],シキウキトゥリウキ,連
[ʃi̥⸢kiʔuki⸣ruŋ],シキウキルン,他動
[ʃi̥⸢ki⸣ʔuʃi],シキウシ,名
[ʃi̥⸢kiʔuʣu],シキウズ,名
[ʃi̥⸢kiubui],シキウブイ,名
[ʃi̥⸢kikaisuŋ],シキカイスン,他動
[ʃi̥⸢kikaisuŋ],シキカイスン,他動
[ʃi̥⸢kikau],シキカウ,名
[ʃi̥⸢kigakumuŋ],シキガクムン,名
[ʃi̥⸢kikatana],シキカタナ,名
[ʃi⸢gikiː],シギキー,名
[ʃi̥⸢kigutu],シキグトゥ,名
[ʃi̥⸢kiguri⸣saŋ],シキグリサン,形
[ʃi̥⸢kikurubasuŋ],シキクルバスン,他動
[ʃi̥⸢kigoi],シキゴイ,名
[ʃi̥⸢kiʣaːsuŋ],シキザースン,他動
[ʃi⸢giʣai],シギザイ,名
[ʃi̥⸢ki⸣ʃiː],シキシー,名
[ʃi̥⸢kiʃiːgu],シキシーグ,名
[⸣ʃi̥kiʃi̥ki],シキシキ,名
[⸣ʃi̥kiʤiki],シキジキ,名
[ʃi⸢giʃuː],シギシュー,名
[ʃi̥⸢kiʣoːʤi],シキゾージ,名
[ʃi̥⸢ki⸣da],シキダ,名
[ʃi̥⸢kidaːsuŋ],シキダースン,自動
[ʃi̥⸢kidaːri suŋ],シキダーリスン,連
[ʃi̥⸢kidai],シキダイ,名
[ʃi̥⸢kidaibiri],シキダイビリ,名
[ʃi̥⸢kida⸣ki],シキダキ,名
[ʃi̥⸢kida⸣ʧi],シキダチ,名
[⸣ʃi̥ki ta⸢raːŋffa],シキタラーンッふァ,連
[ʃi̥⸢ki⸣taŋ],シキタン,名
[ʃi̥⸢kitaŋ⸣juː],シキタンユー,名
[ʃi̥⸢kikkunaː],シキックナー,名
[ʃi̥⸢kik⸣kumuŋ],シキックムン,自動
[ʃi̥⸢kikkeːrasuŋ],シキッケーラスン,他動
[ʃi̥⸢kikkoːsuŋ],シキッコースン,他動
[ʃi̥⸢kikkoːsuŋ],シキッコースン,他動
[ʃi̥⸢kitʦaːsuŋ],シキッツァースン,他動
[ʃi̥⸢kittoː],シキットー,名
[ʃi̥⸢kittoːsuŋ],シキットースン,他動
[ʃi̥⸢kittoːsuŋ],シキットースン,他動
[ʃi̥⸢kittoː naː⸣nu],シキットーナーヌ,連
[ʃi̥⸢kittuba⸣suŋ],シキットゥバスン,他動
[ʃi̥⸢kitturuŋ],シキットゥルン,他動
[ʃi̥⸢kippanasuŋ],シキッパナスン,他動
[ʃi̥⸢kituːsuŋ],シキトゥースン,他動
[ʃi̥⸢kitubasuŋ],シキトゥバスン,他動
[ʃi̥⸢kituruŋ],シキトゥルン,他動
[ʃi̥⸢kinaː],シキナー,名
[ʃi̥⸢kina⸣ka],シキナカ,名
[ʃi̥⸢kina⸣kuŋ],シキナクン,他動
[ʃi̥⸢kina⸣kuŋ],シキナクン,他動
[ʃi̥⸢ki⸣ni],シキニ,名
[ʃi̥⸢ki⸣nu kḁ⸢ta],シキヌカタ,連
[ʃi̥⸢kinukiruŋ],シキヌキルン,他動
[ʃi̥⸢kinukuŋ],シキヌクン,他動
[ʃi̥⸢ki⸣nu ⸢ʃuː],シキヌシュー,連
[ʃi̥⸢kinubasuŋ],シキヌバスン,他動
[ʃi̥⸢ki⸣nu ⸢maːpusuma],シキヌマープスマ,連
[ʃi̥⸢kinu⸣munu],シキヌムヌ,名
[ʃi̥⸢ki⸣numunu],シキヌムヌ,名
[ʃi̥⸢ki⸣nu ⸣jaɸu],シキヌヤフ,連
[ʃi̥⸢ki⸣nujaɸu],シキヌヤフ,名
[ʃi̥⸢kinu⸣ juː],シキヌユー,連
[ʃi̥⸢kinuŋ],シキヌン,名
[ʃi̥⸢kinoːsuŋ],シキノースン,他動
[⸣ʃi̥ki ba⸢kaː⸣ŋ],シキバカーン,連
[ʃi̥⸢kibakasuŋ],シキバカスン,他動
[ʃi̥⸢kibappai],シキバッパイ,名
[ʃi̥⸢ki⸣baŋ],シキバン,名
[ʃi̥⸢ki⸣çi̥ʦu],シキヒツ,名
[ʃi̥⸢kipik⸣kuŋ],シキピックン,他動
[ʃi̥⸢kipini⸣ʧi],シキピニチ,名
[ʃi̥⸢kiɸuʤir],シキフジ,名
[ʃi̥⸢kiɸuʤiru],シキフジル,名
[ʃi̥⸢kiɸuʤiru suŋ],シキフジルスン,連
[ʃi̥⸢kiɸuʣuŋ],シキフズン,他動
[ʃi⸢giɸuʧi],シギフチ,名
[ʃi̥⸢kiɸuʧi⸣ru],シキフチル,名
[ʃi̥⸢kipuri suŋ],シキプリスン,連
[ʃi̥⸢kimaːʃi],シキマーシ,名
[ʃi̥⸢kimaʧigai],シキマチガイ,名
[ʃi̥⸢ki⸣miː],シキミー,名
[ʃi̥⸢kimiː],シキミー,名
[ʃi̥⸢ki⸣muʧi],シキムチ,名
[ʃi̥⸢kimu⸣tu],シキムトゥ,名
[ʃi̥⸢kimunu],シキムヌ,名
[ʃi̥⸢kimunu],シキムヌ,名
[ʃi̥⸢kimunu],シキムヌ,名
[ʃi̥⸢ki⸣juː],シキユー,名
[ʃi̥⸢kijuːnaː],シキユーナー,連
[ʃi̥⸢kijuː⸣rampu],シキユーランプ,名
[ʃi̥⸢kijoː⸣ri],シキヨーリ,名
[ʃi⸢gi⸣ri],シギリ,名
[ʃi⸢giri⸣munu],シギリムヌ,名
[ʃi̥⸢kiru],シキル,名
[ʃi̥⸢kirukamasaː],シキルカマサー,名
[ʃi̥ki⸣ruŋ],シキルン,他動
[ʃi̥ki⸣ruŋ],シキルン,他動
[ʃi̥ki⸣ruŋ],シキルン,他動
[ʃi̥ki⸣ruŋ],シキルン,他動
[ʃi̥ki⸣ruŋ],シキルン,他動
[ʃi̥ki⸣ruŋ],シキルン,他動
[ʃi̥⸢ki⸣ruŋ],シキルン,他動
[ʃi̥⸢kiruŋ],シキルン,他動
[ʃi̥⸢kiruŋ],シキルン,他動
[ʃi̥⸢kiruŋ],シキルン,他動
[ʃi̥⸢kiruŋ],シキルン,他動
[ʃi̥⸢ki⸣ruŋ],シキルン,他動
[ʃi⸢gi⸣ruŋ],シギルン,自動
[ʃi⸢gi⸣ruŋ],シギルン,自動
[ʃi⸢gi⸣ruŋ],シギルン,自動
[ʃi⸢gi⸣ruŋ],シギルン,補動
[ʃi⸢gi⸣roːruŋ],シギロールン,自動
[⸣ʃi̥kiŋ],シキン,名
[⸣ʃi̥kiŋ],シキン,名
[ʃi̥⸢kiŋgana⸣ʃi],シキンガナシ,名
[ʃi̥⸢kiŋgamara⸣saŋ],シキンガマラサン,形
[ʃi̥⸢kiŋguri⸣saŋ],シキングリサン,形
[ʃi̥⸢kiŋguri⸣saŋ],シキングリサン,形
[ʃi̥⸢kiŋkoː⸣suŋ],シキンコースン,他動
[ʃi̥⸢kiŋkoː⸣suŋ],シキンコースン,他動
[ʃi̥⸢kiʔnʣa⸣suŋ],シキンザスン,他動
[⸣ʃi̥kinnami],シキンナミ,名
[⸣ʃikinnariː],シキンナリー,名
[ʃi̥⸢kin⸣nu],シキンヌ,接助
[ʃi̥⸢kimbana⸣ʃi],シキンバナシ,名
[ʃi̥⸢kim⸣maː ⸣duː ʔui],シキンマードゥーウイ,連
[ʃi̥⸢kiŋ⸣juː],シキンユー,名
[ʃi⸢gu],シグ,副
[⸣ʤiku],ジク,名
[⸣ʤiku],ジク,名
[ʤi⸢guku],ジグク,名
[ʃi̥⸢kuʤiruŋ],シクジルン,自動
[ʃi̥⸢kuʧi],シクチ,名
[ʃi⸢gutu],シグトゥ,名
[ʃi⸢gutukiŋ],シグトゥキン,名
[ʃi⸢gutuburaːri],シグトゥブラーリ,名
[ʃi⸢gutuburi],シグトゥブリ,名
[ʃi⸢gutumaʧiburi],シグトゥマチブリ,名
[ʃi̥⸢kumi],シクミ,名
[ʃi̥⸢kuŋ],シクン,他動
[ʃi⸢guŋ],シグン,他動
[ʃi⸢guŋ],シグン,他動
[⸣ʃi̥keː],シケー,名
[ʃi̥⸢keːsuŋ],シケースン,他動
[ʃi⸢goː],シゴー,名
[ʃi⸢goː],シゴー,名
[ʤi⸢koː],ジコー,副
[ʃi̥⸢koːruŋ],シコールン,他動
[⸣ʃiʣa],シザ,名
[⸣ʃiʣauʃi̥tu],シザウシトゥ,名
[⸣ʃiʣauʃi̥tu],シザウシトゥ,名
[ʃiʣa⸢ʔuʃi⸣tu],シザウシトゥ,名
[⸣ʃiʣaʔuja],シザウヤ,名
[⸣ʣiʣagata],シザガタ,名
[ʃi⸢ʣa⸣gata],シザガタ,名
[ʃi⸢ʣaf⸣fa],シザッふァ,名
[ʃi⸢ʣa⸣nu ⸣kui],シザヌクイ,連
[ʃi⸢ʣa⸣nu ⸣kui],シザヌクイ,連
[ʃi⸢ʣa⸣nu ⸣duːpada],シザヌドゥーパダ,連
[⸣ʃiʣabanari],シザバナリ,名
[ʃi⸢ʣabiki⸣ru],シザビキル,名
[ʃi⸢ʣabikoːŋ⸣ffa],シザビコーンッふァ,名
[ʃi⸢ʣabuna⸣ru],シザブナル,名
[⸣ʃiʣabunaru],シザブナル,名
[ʃi⸢ʣama],シザマ,名
[⸣ʃiʣamari],シザマリ,名
[ʃi⸢ʣamidoːŋ⸣ffa],シザミドーンッふァ,名
[ʃi⸢ʣamidu⸣naː],シザミドゥナー,名
[ʃiʣa⸢mui⸣saŋ],シザムイサン,形
[⸣ʃiʣaŋkeː],シザンケー,連
[⸣ʃiʤi],シジ,名
[⸣ʃiʤi],シジ,名
[⸣ʃiʤi],シジ,名
[⸣ʃiʤi],シジ,助数
[⸣ʃiʤi],シジ,名
[⸣ʃiʤi],シジ,助数
[⸣ʃiʤi],シジ,名
[⸣ʃiʤi],シジ,名
[ʃi⸢ʤi],シジ,名
[ʃi⸢ʤi⸣ʔuŋ],シジウン,名
[ʃi⸢ʤikasuŋ],シジカスン,他動
[si⸢ʣi⸣kata],シジカタ,名
[ʃi⸢ʤikani],シジカニ,形動
[ʃi⸢ʤi⸣gara],シジガラ,名
[⸢ʃiʃi̥ki],シシキ,名
[⸢ʃiʃi̥kiruŋ],シシキルン,他動
[ʃi⸢ʤikiruŋ],シジキルン,他動
[ʃi⸢ʤi⸣guru],シジグル,名
[ʃi⸢ʤikuŋ],シジクン,自動
[ʃi⸢ʤikoː⸣ma],シジコーマ,名
[⸣ʃiʤi sa⸢ba⸣kuŋ],シジサバクン,連
[ʃi⸢ʤi⸣ʤiru],シジジル,名
[ʃi⸢ʤidakaː⸣ŋ],シジダカーン,形
[ʃi⸢ʤik⸣kuru],シジックル,名
[ʃi⸢ʤiɸuʧi⸣ru],シジフチル,名
[ʃi⸢ʤimaruŋ],シジマルン,自動
[ʃi⸢ʤi⸣maruŋ],シジマルン,自動
[⸣ʃiʤimiʧi],シジミチ,名
[ʃi⸢ʤimira⸣riŋ],シジミラリン,他動
[ʃi⸢ʤimi⸣ruŋ],シジミルン,他動
[ʃi⸢ʤimiruŋ],シジミルン,他動
[ʃi⸢ʤuːmuduru⸣ʧi],シジュームドゥルチ,名
[ʃi⸢ʤi⸣ri],シジリ,名
[⸣ʃiʤirikaʤiri],シジリカジリ,副
[ʃi⸢ʤi⸣ruŋ],シジルン,自動
[⸢ʃisu̥kuŋ],シスクン,他動
[ʃi⸢ʣu⸣kuŋ],シズクン,自動
[ʃi⸢ʣu⸣maruŋ],シズマルン,自動
[ʃi⸢ʣumi⸣ruŋ],シズミルン,他動
[ʃi⸢ʣu⸣muŋ],シズムン,他動
[ʃi⸢ʣu⸣muŋ],シズムン,他動
[ʃi⸢ʣura⸣suŋ],シズラスン,他動
[ʃi⸢ʣu⸣ri ʔu⸢ti⸣ruŋ],シズリウティルン,連
[ʃi⸢ʣu⸣riʔutuŋ],シズリウトゥン,自動
[ʃi⸢ʣu⸣ruŋ],シズルン,自動
[⸣ʃiʣuŋ],シズン,他動
[⸣ʃiʣuŋ],シズン,他動
[⸣ʃi̥ta],シタ,名
[⸣ʃi̥ta],シタ,名
[ʃi⸢daːʃidaː⸣ʃi],シダーシダーシ,副
[ʃidaː⸢ʃidaː⸣ʃi],シダーシダーシ,副
[ʃidaːsuŋ],シダースン,他動
[ʃi̥⸢taː⸣ma],シターマ,名
[ʃi̥⸢taː⸣ma],シターマ,名
[ʃi̥⸢taː⸣makiː],シターマキー,名
[ʃi̥taːn⸢ti],シターンティ,副
[ʃi̥⸢ta⸣i],シタイ,感
[ʃi̥⸢taiçaː],シタイヒャー,感
[ʃi̥⸢ta⸣ʔuʧi],シタウチ,名
[ʃi̥⸢tagi],シタギ,名
[ʃi⸢daki],シダキ,副
[ʃi⸢daki],シダキ,名
[ʃi̥⸢taku],シタク,名
[ʃi̥⸢takubari⸣muni],シタクバリムニ,名
[ʃi̥⸢takubari⸣munu],シタクバリムヌ,名
[ʃi̥⸢ta⸣kurikaːkuri ⸢suŋ],シタクリカークリスン,連
[ʃi̥⸢ta⸣kuruŋ],シタクルン,自動
[⸣ʃi̥ta ⸢koː⸣ruŋ],シタコールン,連
[ʃi⸢da⸣suŋ],シダスン,他動
[ʃi̥⸢ta⸣taka],シタタカ,副
[ʃi̥⸢tadara⸣suŋ],シタダラスン,他動
[ʃi̥⸢ta⸣daru],シタダル,名
[ʃi̥⸢ta⸣daru],シタダル,助数
[ʃi̥⸢ta⸣daruʔamadaru],シタダルアマダル,副
[ʃi̥⸢tadarukaː⸣daru],シタダルカーダル,副
[ʃi̥⸢ta⸣daruŋ],シタダルン,自動
[ʃi̥⸢ta⸣dareː],シタダレー,固
[ʃi̥⸢takkura⸣suŋ],シタックラスン,他動
[⸣ʃi̥ta ⸣ssuŋ],シタッスン,連
[ʃi̥⸢ta⸣di],シタディ,名
[ʃi̥⸢ta⸣dikami],シタディカミ,名
[ʃi̥⸢tadi⸣nu ⸣kḁʃi],シタディヌカシ,連
[ʃi̥⸢tadi⸣nu f⸢fa],シタディヌッふァ,連
[ʃi̥⸢tatiruŋ],シタティルン,他動
[ʃi̥⸢tatuŋ],シタトゥン,他動
[⸣ʃi̥tani],シタニ,副
[ʃi̥⸢ta⸣ɸu],シタフ,名
[ʃi̥⸢ta⸣ɸu],シタフ,名
[ʃi⸢daɸu̥⸣ka],シダフカ,名
[ʃi⸢da⸣ɸu̥kaː],シダフカー,名
[ʃi⸢dama⸣suŋ],シダマスン,他動
[ʃi⸢da⸣mi],シダミ,名
[ʃi⸢da⸣mi],シダミ,名
[ʃi⸢dami⸣nu gu⸢ru],シダミヌグル,連
[ʃi⸢dami⸣nu gu⸢ru ʔaː⸣ʃi],シダミヌグルアーシ,連
[ʃi⸢dami⸣nu f⸢faikkuru],シダミヌッふァイックル,連
[ʃi⸢da⸣muŋ],シダムン,自動
[ʃita⸢raː],シタラー,感
[ʃi̥⸢ta⸣raː],シタラー,名
[⸣ʃi̥tarakatara],シタラカタラ,副
[ʃi̥⸢taraʃi̥tara],シタラシタラ,副
[ʃi̥⸢tara⸣suŋ],シタラスン,他動
[ʃi̥⸢tara⸣suŋ],シタラスン,他動
[ʃi̥ta⸢riː],シタリー,感
[ʃi̥⸢tari⸣ʤiː],シタリジー,名
[ʃi̥⸢tari⸣ruŋ],シタリルン,自動
[ʃi⸢da⸣ru],シダル,名
[ʃi⸢da⸣ru],シダル,名
[ʃi⸢da⸣ru],シダル,名
[⸣ʃi̥tarumunoː ʔa⸢ra⸣nu],シタルムノーアラヌ,成
[ʃi̥⸢ta⸣ruŋ],シタルン,自動
[ʃi̥⸢ta⸣ruŋ],シタルン,自動
[ʃi̥⸢ta⸣ruŋ],シタルン,自動
[ʃida⸢roː⸣ma],シダローマ,名
[ʃi̥⸢tam⸣bai],シタンバイ,名
[⸣ʃi̥ʧi],シチ,名
[⸣ʃi̥ʧi],シチ,名
[⸣ʃi̥ʧi],シチ,名
[⸣ʃi̥ʧi],シチ,名
[⸣ʃi̥ʧi],シチ,名
[⸣ʃi̥ʧi],シチ,名
[⸣ʃi̥ʧi],シチ,名
[⸣ʃi̥ʧi],シチ,名
[⸣ʃi̥ʧi],シチ,名
[⸣ʃi̥ʧi],シチ,名
[ʤi⸢ʧi],ジチ,名
[ʃi̥⸢ʧi⸣kaʣa],シチカザ,名
[ʃi̥⸢ʧi⸣kaʣa],シチカザ,名
[ʃi̥⸢ʧigjoː],シチギョー,名
[ʃi̥ʧiʤuː⸢san⸣nu ⸣joi],シチジューサンヌヨイ,連
[ʃi̥⸢ʧiʣuː⸣waŋ],シチズーワン,連
[ʃi̥⸢ʧi⸣nabi],シチナビ,名
[ʃi̥⸢ʧinaŋ⸣ka],シチナンカ,名
[ʃi̥⸢ʧi⸣niː],シチニー,名
[ʃi̥⸢ʧiniŋ⸣ki],シチニンキ,名
[ʃi̥⸢ʧi⸣nu ⸣kaŋ],シチヌカン,連
[ʃi̥⸢ʧi⸣nu ⸣naru],シチヌナル,連
[ʃi̥⸢ʧi⸣nu ⸣munu],シチヌムヌ,連
[ʃi̥⸢ʧipaʤi⸣ri],シチパジリ,名
[ʃi̥⸢ʧi⸣bi],シチビ,名
[ʃi̥⸢ʧi⸣biː],シチビー,名
[ʃi̥⸢ʧi⸣piː],シチピー,名
[ʃi̥ʧibu],シチブ,名
[ʃi̥⸢ʧibu⸣ʔiʦa],シチブイツァ,名
[ʃi̥⸢ʧibu⸣kugi],シチブクギ,名
[ʃi̥⸢ʧibudu⸣ru],シチブドゥル,名
[ʃi̥⸢ʧibu⸣nuŋ],シチブヌン,名
[ʃi̥⸢ʧiɸuru⸣mai],シチフルマイ,名
[ʃi̥⸢ʧimaʧi⸣ru],シチマチリ,名
[ʃi̥⸢ʧi⸣jaː],シチヤー,名
[⸣ʃi̥ʧiriŋ],シチリン,名
[ʃi̥⸢ʧiŋga⸣ʧi],シチンガチ,名
[ʃi̥⸢ʧiŋgaʧiʔuː⸣turi],シチンガチウートゥリ,名
[ʃi̥⸢ʧiŋgaʧinimbu⸣ʦaː],シチンガチニンブツァー,名
[ʃi̥⸢ʧiŋgaʧi⸣ mu⸢duri⸣tida],シチンガチムドゥリティダ,連
[ʃi̥⸢ʦu],シツ,名
[⸢ʃikkaːmuk⸣kaː],シッカームッカー,名
[⸢ʃikka⸣ku],シッカク,名
[⸢ʃikka⸣ku],シッカク,副
[⸢ʃik⸣kikaːki],シッキカーキ,名
[⸢ʃikkiʦaː⸣suŋ],シッキツァースン,他動
[⸢ʃikkimaː⸣saː],シッキマーサー,名
[⸢ʃikkimaː⸣ʃi],シッキマーシ,名
[⸢ʃikkin⸣ʣaruŋ],シッキンザルン,他動
[⸢ʃikkin⸣ʣaruŋ],シッキンザルン,他動
[⸢ʃik⸣kuŋ],シックン,他動
[⸣ʃittai],シッタイ,感
[⸣ʃi̥ttaiçaː],シッタイヒャー,感
[⸢ʤitʧi],ジッチ,名
[⸢ʤitʧi],ジッチ,名
[ʤit⸢ʧeː⸣ma],ジッチェーマ,名
[⸢ʃitʦaː⸣suŋ],シッツァースン,他動
[⸢ʃit⸣ʦaːŋ],シッツァーン,助動
[⸢ʤittoː],ジットー,名
[⸢ʃittoː⸣suŋ],シットースン,他動
[ʃit⸢tui],シットゥイ,感
[ʤip⸢paː⸣ma],ジッパーマ,名
[⸢ʃip⸣pai],シッパイ,副
[⸢ʃippaikap⸣pai],シッパイカッパイ,副
[⸢ʃippiraː],シッピラー,名
[⸢ʃippiruŋ],シッピルン,他動
[ʃi̥⸢ti-],シティー,接頭
[ʃi̥⸢tikaː⸣ʃi],シティカーシ,名
[ʃi̥⸢tikaː⸣ʃi],シティカーシ,名
[ʃi⸢di⸣kai],シディカイ,名
[ʃi⸢diga⸣ɸu],シディガフ,名
[ʃi⸢di⸣gaɸuː],シディガフー,名
[ʃi̥⸢ti⸣gara],シティガラ,名
[ʃi⸢di⸣gara],シディガラ,名
[ʃi̥⸢ti⸣garasi̥kanai],シティガラシゥカナイ,名
[ʃi̥⸢ti⸣gara ⸢suŋ],シティガラスン,連
[ʃi̥⸢ti⸣garaffai],シティガラッふァイ,名
[ʃi̥⸢tikimu],シティキム,名
[ʃi⸢di⸣guru],シディグル,名
[ʃi̥⸢tisi̥kai],シティシゥカイ,名
[ʃi̥⸢tisi̥kanai],シティシゥカナイ,名
[ʃi̥⸢ti⸣su̥kuŋ],シティスクン,他動
[ʃi⸢dik⸣kuru],シディックル,名
[ʃi̥⸢titʦaːsuŋ],シティッツァースン,他動
[ʃi̥⸢tituʤi],シティトゥジ,名
[ʃi̥⸢tihagi],シティハギ,名
[ʃi̥⸢tibutu],シティブトゥ,名
[ʃi̥⸢tipurimunu],シティプリムヌ,名
[ʃi̥⸢tipoː⸣ri],シティポーリ,名
[ʃi̥⸢tipoː⸣rimakipoːri],シティポーリマキポーリ,連
[ʃi̥⸢tipoːruŋ],シティポールン,他動
[ʃi⸢di⸣miʤi],シディミジ,名
[ʃi̥⸢ti⸣munu],シティムヌ,名
[ʃi̥⸢timunu],シティムヌ,名
[ʃi̥⸢tijamaŋgu],シティヤマング,名
[ʃi̥⸢tiruŋ],シティルン,他動
[ʃi⸢di⸣ruŋ],シディルン,自動
[ʃi⸢di⸣ruŋ],シディルン,自動
[ʃi⸢di⸣ruŋ],シディルン,自動
[ʃi⸢diŋgaː⸣ruŋ],シディンガールン,自動
[ʃi̥⸢toːŋʃitoːŋ],シトーンシトーン,副
[⸣ʃi̥tu],シトゥ,名
[⸣ʃi̥tu],シトゥ,名
[ʃi̥⸢tu],シトゥ,名
[ʃi̥⸢tuʔuja],シトゥウヤ,名
[ʃi̥⸢tu⸣ki],シトゥキ,名
[ʃi̥⸢tu⸣gi],シトゥギ,名
[ʃi̥tu⸢keːʃi̥tukeː⸣ʃi],シトゥケーシトゥケーシ,副
[ʃi̥⸢tu⸣keːŋ],シトゥケーン,形
[ʃi̥⸢tut⸣ʧi],シトゥッチ,名
[ʃi̥⸢tutʧi⸣nu ⸣naru],シトゥッチヌナル,連
[ʃi̥⸢tutʦi⸣nu ⸢paː],シトゥッチヌパー,連
[ʃi̥⸢tut⸣ʧipoːki],シトゥッチポーキ,名
[ʃi̥⸢tut⸣ʧimaːru],シトゥッチマール,名
[ʃi̥⸢tut⸣ʧimutu],シトゥッチムトゥ,名
[ʃi̥⸢tut⸣ʧimuraʃi],シトゥッチムラシ,名
[ʃi̥⸢tut⸣ʧimuruku],シトゥッチムルク,名
[ʃi̥⸢tut⸣ʧijama],シトゥッチヤマ,名
[ʃi̥⸢tuturiʔuː⸣ki],シトゥトゥリウーキ,名
[ʃi̥⸢tu⸣nai na⸢raː⸣suŋ],シトゥナイナラースン,連
[ʃi̥⸢tunai⸣ruŋ],シトゥナイルン,他動
[ʃi̥⸢tunai⸣ruŋ],シトゥナイルン,他動
[ʃi̥⸢tu⸣nauŋ],シトゥナウン,他動
[ʃi̥⸢tu⸣nauŋ],シトゥナウン,他動
[ʃi̥⸢tu⸣nu mu⸢ʧi],シトゥヌムチ,連
[ʃi̥⸢tu⸣nu ⸣munu],シトゥヌムヌ,連
[ʃi̥⸢tubara],シトゥバラ,名
[ʃi̥⸢tupirai],シトゥピライ,名
[ʃi̥⸢tu⸣beː],シトゥベー,名
[ʃi̥⸢tu⸣beːpḁka],シトゥベーパカ,名
[ʃi̥⸢tu⸣mi],シトゥミ,名
[ʃi̥⸢tu⸣mi],シトゥミ,名
[ʃi̥⸢tumiʔagi⸣ruŋ],シトゥミアギルン,他動
[ʃi̥⸢tumi⸣ʔaguŋ],シトゥミアグン,他動
[ʃi̥⸢tumi⸣niŋ],シトゥミニン,名
[ʃi̥⸢tumi⸣ruŋ],シトゥミルン,自動
[ʃi̥⸢tumu⸣ti],シトゥムティ,名
[ʃi̥⸢tumuti⸣nu ⸣ʔiː],シトゥムティヌイー,連
[ʃi̥⸢tumuti⸣nu ⸣pai],シトゥムティヌパイ,連
[ʃi̥⸢tumutijuneŋ],シトゥムティユネン,名
[ʃi̥⸢tu⸣muŋ],シトゥムン,自動
[ʃi̥⸢tura⸣suŋ],シトゥラスン,他動
[ʃi̥⸢turi⸣ruŋ],シトゥリルン,自動
[ʃi̥⸢turuʃi̥turu],シトゥルシトゥル,副
[ʃi̥⸢turuʃi̥turu⸣ʃi],シトゥルシトゥルシ,副
[ʃi̥tu⸢rutti],シトゥルッティ,副
[ʃi̥⸢tu⸣reː⸣ŋ],シトゥレーン,形
[ʃi̥⸢tu⸣reːŋ],シトゥレーン,形
[ʃi̥⸢tuŋ],シトゥン,他動
[ʃi̥⸢tuŋ],シトゥン,他動
[⸣ʃiduŋ],シドゥン,自動
[⸣ʃi̥toŋkaː],シトンカー,名
[⸣ʃi̥toŋkaː],シトンカー,名
[ʃiton⸢ti],シトンティ,副
[ʃi⸢na],シナ,名
[⸣ʃina],シナ,名
[⸣ʃina],シナ,名
[ʃi⸢naː⸣suŋ],シナースン,他動
[ʃi⸢naː⸣suŋ],シナースン,他動
[ʃi⸢naː⸣ munu],シナームヌ,連
[ʃi⸢naːriŋ],シナーリン,自動
[ʃi⸢naː⸣ruŋ],シナールン,自動
[ʃi⸢naː⸣ŋ],シナーン,形
[ʃi⸢naitʦaːsuŋ],シナイッツァースン,他動
[ʃi⸢naiɸu̥ʧi],シナイフチ,名
[ʃi⸢naiɸu̥ʧi],シナイフチ,名
[ʃi⸢naijoː],シナイヨー,名
[ʃi⸢nairuŋ],シナイルン,他動
[⸣ʃina ⸣ʔutuŋ],シナウトゥン,連
[ʃi⸢nauŋ],シナウン,他動
[⸣inauŋ],シナウン,自動
[ʃi⸢nauŋ],シナウン,他動
[ʃi⸢nakai⸣jaŋ],シナカイヤン,形
[ʃi⸢nakaki⸣jaː],シナカキヤー,名
[ʃi⸢nakaki⸣jama],シナカキヤマ,名
[⸣ʃina ⸣kḁkuŋ],シナカクン,連
[ʃi⸢nakaʤi],シナカジ,名
[ʃi⸢nakaʤigoː⸣kaʤi],シナカジゴーカジ,名
[ʃi⸢nagiri],シナギリ,名
[ʃi⸢nasadami],シナサダミ,名
[ʃi⸢naʤina],シナジナ,名
[ʃi⸢nasuŋ],シナスン,他動
[ʃi⸢nasuŋ],シナスン,他動
[ʃi⸢nata],シナタ,名
[ʃi⸢nata],シナタ,名
[ʃi⸢natakataʧi],シナタカタチ,名
[ʃi⸢nadaru],シナダル,名
[ʃi⸢naf⸣fa],シナッふァ,名
[ʃi⸢nanaːʔika⸣naː],シナナーイカナー,連
[ʃi⸢nanaisuː⸣bu],シナナイスーブ,名
[⸣ʃina ⸣nauŋ],シナナウン,連
[ʃi⸢nanu⸣miŋ],シナヌミン,名
[ʃi⸢nanu⸣miŋ],シナヌミン,名
[ʃi⸢na⸣pi̥ki],シナピキ,名
[⸣ʃinaɸu̥kubi],シナフクビ,名
[ʃi⸢na⸣mari],シナマリ,名
[ʃi⸢na⸣muni],シナムニ,名
[ʃi⸢namunu],シナムヌ,名
[ʤi⸢naŋ],ジナン,名
[ʃi⸢naŋʃini],シナンシニ,連
[⸣ʃini],シニ,名
[ʃi⸢niʔauri],シニアウリ,名
[ʃi⸢nigaː],シニガー,名
[ʃi⸢nikaʣa],シニカザ,名
[ʃi⸢nikataʧi],シニカタチ,名
[ʃi⸢nikisuŋ],シニキスン,自動
[ʃi⸢niʃitaɸu],シニシタフ,名
[ʃi⸢niʃi̥taɸu],シニシタフ,名
[ʃi⸢nisu̥kurai],シニスクライ,名
[ʃi⸢nisoː],シニソー,名
[ʃi⸢nituku],シニトゥク,名
[⸣ʃininagaː],シニナガー,名
[ʃi⸢ninagaː⸣ŋ],シニナガーン,形
[ʃi⸢nibakari],シニバカリ,名
[ʃi⸢nipaʤi],シニパジ,名
[ʃi⸢nipatiruŋ],シニパティルン,自動
[ʃi⸢nipanʦasuŋ],シニパンツァスン,他動
[ʃi⸢nipanʦuŋ],シニパンツン,自動
[ʃi⸢nipu̥su],シニプス,名
[ʃi⸢niɸu̥ʧi],シニフチ,名
[ʃi⸢nimaːbi],シニマービ,名
[ʃi⸢nimiː],シニミー,名
[ʃi⸢nimiʤi],シニミジ,名
[ʃi⸢nimiʤi],シニミジ,名
[ʃi⸢nijadu],シニヤドゥ,名
[ʃi⸢nijaɸu],シニヤフ,名
[ʃi⸢nijaŋ],シニヤン,名
[ʃi⸢nijoː],シニヨー,名
[ʃi⸢niŋgata],シニンガタ,名
[ʃi⸢niŋgataː],シニンガター,名
[ʃi⸢niŋ⸣gisaŋ],シニンギサン,連
[⸣ʃinu],シヌ,名
[⸣ʃinu],シヌ,名
[⸣ʃinu],シヌ,名
[⸣ʃinuʔaʃibu],シヌアシブ,名
[ʃi⸢nuguŋ],シヌグン,他動
[ʃi⸢nu⸣ su̥koː pḁ⸢tarakuŋ],シヌスコーパタラクン,連
[ʃi⸢nuk⸣kuri ⸣kaːkuri],シヌックリカークリ,連
[ʃi⸢nuk⸣kuruŋ],シヌックルン,自動
[ʃi⸢nuk⸣kuruŋ],シヌックルン,自動
[ʃi⸢nubuŋ],シヌブン,他動
[ʃi⸢nubuŋ],シヌブン,他動
[ʃi⸢numaː⸣ru],シヌマール,名
[⸣ʃinu ⸢mui⸣ruŋ],シヌムイルン,連
[ʃi⸢nuŋ],シヌン,自動
[⸣ʃinoː],シノー,名
[⸣ʃinoː],シノー,名
[⸣ʃiba],シバ,名
[⸣ʃiba],シバ,名
[⸣ʃiba],シバ,名
[⸣ʃibaː],シバー,名
[ʃi⸢baː⸣ŋ],シバーン,形
[ʃi⸢baiʃiː],シバイシー,名
[ʃi⸢banakuŋ],シバナクン,他動
[ʃi⸢ba⸣miʧi],シバミチ,名
[ʃi⸢bami⸣ruŋ],シバミルン,他動
[ʃi⸢ba⸣muŋ],シバムン,他動
[ʃi⸢bajaː],シバヤー,名
[ʃi⸢baraː⸣ŋ],シバラーン,形
[ʃi⸢baraː⸣ŋ],シバラーン,形
[ʃi⸢baraʔiʣu],シバライズ,名
[⸣ʃibarakabara],シバラカバラ,連体
[ʃi⸢baramuni],シバラムニ,名
[ʃi⸢baramunu],シバラムヌ,名
[ʃi⸢ba⸣ru],シバル,名
[ʃi⸢ba⸣rukaʣa],シバルカザ,名
[⸣ʃibarukami],シバルカミ,名
[⸣ʃibarukameː],シバルカメー,名
[ʃi⸢ba⸣ru ⸢ʃiːguri⸣saŋ],シバルシーグリサン,連
[ʃi⸢barussaː⸣ŋ],シバルッサーン,形
[ʃi⸢ba⸣russuŋ],シバルッスン,名
[ʃi⸢ba⸣ru ⸣niʣuŋ],シバルニズン,連
[ʃi⸢baru⸣nu ⸢goː⸣raːŋ],シバルヌゴーラーン,連
[ʃi⸢barunu⸣ ta⸢maribeː⸣ŋ],シバルヌタマリベーン,文
[ʃi⸢baru⸣nu tu⸢maruŋ],シバルヌトゥマルン,文
[ʃi⸢baru⸣nu nu⸢ka⸣ruŋ],シバルヌヌカルン,文
[ʃi⸢baru⸣nu ⸣miː],シバルヌミー,連
[ʃi⸢baru⸣nu ja⸢naŋgoː⸣ri ⸢beː],シバルヌヤナンゴーリベー,文
[⸣ʃibaruɸu̥kaː],シバルフカー,名
[ʃi⸢ba⸣ruɸu̥kijaŋ],シバルフキヤン,名
[ʃi⸢ba⸣ruɸu̥kuru],シバルフクル,名
[ʃi⸢ba⸣rumujoː],シバルムヨー,名
[⸣ʤibaŋ],ジバン,名
[ʃi⸢bannakuŋ],シバンナクン,他動
[ʃi⸢bi],シビ,名
[ʃi⸢bi],シビ,名
[ʃi⸢bi],シビ,名
[ʃi⸢bi],シビ,名
[ʤi⸢çi],ジヒ,副
[ʃi⸢bi ʔuːŋ],シビウーン,連
[ʃi⸢biʔui],シビウイ,名
[ʃi⸢bi⸣ ka⸢samariŋ],シビカサマリン,連
[ʃi⸢bi⸣karai],シビカライ,名
[ʃi⸢bi⸣ karauŋ],シビカラウン,連
[ʃi⸢bi⸣ ka⸢roː⸣ŋ],シビカローン,連
[ʃi⸢bikusu],シビクス,名
[ʃi⸢bi guf⸣faŋ],シビグッふァン,連
[ʃi⸢bikoː⸣ri],シビコーリ,名
[ʃi⸢bikoː⸣ruŋ],シビコールン,自動
[ʃi⸢bisï̥kaibiri],シビシゥカイビリ,名
[ʃi⸢biʃi̥kiruŋ],シビシキルン,他動
[ʃi⸢biʃi̥⸣keː],シビシケー,名
[ʃi⸢biʤinaː],シビジナー,名
[ʃi⸢biʃiŋkaːʃi],シビシンカーシ,連
[ʃi⸢bisu̥kurai],シビスクライ,名
[ʃi⸢bisu̥kuŋ],シビスクン,他動
[ʃi⸢bisu̥kuŋ],シビスクン,自動
[ʃi⸢bisu̥kuŋ],シビスクン,他動
[ʃi⸢bisu̥kuŋ],シビスクン,他動
[ʃi⸢bi soːruŋ],シビソールン,連
[ʃi⸢bi⸣ tḁ⸢tak⸣kuŋ],シビタタックン,連
[ʃi⸢bi⸣ tḁ⸢tak⸣kuŋ],シビタタックン,連
[ʤi⸢bitamunu],ジビタムヌ,連
[ʃi⸢bissaipiraku],シビッサイピラク,名
[ʃi⸢bissu],シビッス,名
[ʃi⸢bittara],シビッタラ,名
[ʃi⸢bi⸣ tu⸢ʣumiruŋ],シビトゥズミルン,連
[ʃi⸢bi⸣ tu⸢ʣumuŋ],シビトゥズムン,連
[ʤi⸢çitumu],ジヒトゥム,副
[ʃi⸢bituntaː],シビトゥンター,名
[ʃi⸢binaːʤina],シビナージナ,名
[ʃi⸢binagaː⸣ŋ],シビナガーン,形
[ʃi⸢bi⸣ naruŋ],シビナルン,連
[ʃi⸢binugi],シビヌギ,名
[ʃi⸢binuʃi̥ti⸣pu̥su],シビヌシティプス,名
[ʃi⸢bi nuʃi̥ti⸣ruŋ],シビヌシティルン,連
[ʃi⸢bi nuʃi̥ti⸣ruŋ],シビヌシティルン,連
[ʃi⸢bi nuʃi̥⸣tuŋ],シビヌシトゥン,連
[ʃi⸢bi nuʃi̥⸣tuŋ],シビヌシトゥン,連
[ʃi⸢binu⸣ miː],シビヌミー,連
[ʃi⸢bineː⸣ŋ],シビネーン,形
[ʃi⸢bi⸣ ɸu⸢gasuŋ],シビフガスン,連
[ʃi⸢biɸugi],シビフギ,名
[ʃi⸢biɸugibaːki],シビフギバーキ,名
[ʃi⸢bi⸣ ɸu⸢giruŋ],シビフギルン,連
[ʃi⸢bi⸣ ɸu⸢giruŋ],シビフギルン,連
[ʃi⸢bi⸣ ɸu⸢guŋ],シビフグン,連
[ʃi⸢biɸuʧi],シビフチ,名
[ʃi⸢biɸuʧi],シビフチ,名
[ʃi⸢biɸuʧi⸣ s⸢sanu],シビフチッサヌ,連
[ʃi⸢bibuni],シビブニ,名
[ʃi⸢bibuni],シビブニ,名
[ʃi⸢bimaʧibaːri],シビマチバーリ,名
[ʃi⸢bijaka⸣riʔamiʦa],シビヤカリアミツァ,名
[ʃi⸢bira],シビラ,名
[ʃi⸢biraʃiɸu̥ʧiru],シビラシフチル,名
[ʃi⸢biraʃimunu],シビラシムヌ,名
[ʃi⸢birasuŋ],シビラスン,他動
[ʃi⸢biruŋ],シビルン,自動
[ʃi⸢biruŋ],シビルン,自動
[ʃi⸢biruŋ],シビルン,自動
[ʃi⸢biruŋ],シビルン,他動
[ʃi⸢bindatinibi],シビンダティニビ,名
[ʃi⸢bindatibiri],シビンダティビリ,名
[ʃi⸢buʔiʦa],シブイツァ,名
[ʃi⸢buku],シブク,名
[ʤi⸢bu⸣ku],ジブク,名
[ʃi⸢bukudaki],シブクダキ,名
[ʃi⸢bu⸣taː],シブター,名
[ʃi⸢bumuŋ],シブムン,自動
[ʃi⸢buru],シブル,名
[ʤi⸢buŋ],ジブン,名
[ʃi⸢beː ʔui⸣ naruŋ],シベーウイナルン,連
[ʃi⸢beː ʔui⸣naruŋ],シベーウイナルン,連
[ʃi⸢beː naː⸣nu],シベーナーヌ,連
[ʃi⸢beː⸣ nasuŋ],シベーナスン,連
[ʃi⸢beː⸣ pauŋ],シベーパウン,連
[ʃi⸢beː piː⸣ʧi],シベーピーチ,連
[ʃi⸢beː⸣ ɸu⸢ʤi⸣ruŋ],シベーフジルン,連
[ʃi⸢beː⸣ jariʔuteːŋ],シベーヤリウテーン,連
[⸣ʃihoːhappoː],シホーハッポー,名
[ʃi⸢boː⸣ŋ],シボーン,形
[⸣ʃima],シマ,名
[⸣ʃima],シマ,名
[⸣ʃima],シマ,名
[⸣ʃima],シマ,名
[⸣ʃima],シマ,名
[⸣ʃimaː],シマー,名
[ʃi⸢maː⸣ma],シマーマ,名
[ʃi⸢mai],シマイ,名
[ʃi⸢mai⸣ka],シマイカ,名
[ʃi⸢mairuŋ],シマイルン,他動
[ʃi⸢ma⸣ʔuta],シマウタ,名
[ʃi⸢ma⸣ʔuʧi],シマウチ,名
[ʃi⸢mauŋ],シマウン,他動
[ʃi⸢magaka⸣ri],シマガカリ,名
[⸣ʃimakutuba],シマクトゥバ,名
[⸣ʃimasani],シマサニ,名
[⸣ʃimaʤima],シマジマ,名
[⸣ʃimaʣuː],シマジュー,名
[⸣ʃimaʣuː],シマズー,名
[ʃi⸢ma⸣suŋ],シマスン,他動
[ʃi⸢ma⸣suŋ],シマスン,他動
[ʃi⸢ma⸣suŋ],シマスン,他動
[ʃi⸢ma⸣suŋ],シマスン,他動
[ʃi⸢madai⸣kuni],シマダイクニ,名
[ʃi⸢maʧi],シマチ,名
[ʃi⸢maʧi],シマチ,名
[ʃi⸢maʧi⸣ ʃi̥⸢ki⸣ruŋ],シマチシキルン,連
[ʃi⸢massa⸣ru],シマッサル,名
[ʃi⸢maturi⸣pu̥su],シマトゥリプス,名
[⸣ʃima ⸣turuŋ],シマトゥルン,連
[⸣ʃima ⸣turuŋ],シマトゥルン,連
[ʃi⸢matudu⸣mi],シマトドゥミ,名
[ʃi⸢ma⸣naː],シマナー,名
[ʃi⸢manaka],シマナカ,名
[ʃi⸢managa⸣ʃi],シマナガシ,名
[ʃi⸢manakanu⸣ pḁ⸢ta⸣ki],シマナカヌパタキ,連
[ʃi⸢manakanu ɸuŋʃi̥ki],シマナカヌフンシキ,連
[ʃi⸢manakapama],シマナカパマ,名
[⸣ʃimanarai],シマナライ,名
[ʃi⸢ma⸣nu ⸣nai],シマヌナイ,連
[ʃi⸢ma⸣nu ⸣nai],シマヌナイ,連
[ʃi⸢ma⸣nu ⸣bata],シマヌバタ,連
[ʃi⸢mapai⸣ru],シマパイル,名
[ʃi⸢ma⸣baki],シマバキ,名
[ʃi⸢ma⸣basa],シマバサ,名
[ʃi⸢mabasan⸣naru],シマバサンナル,名
[ʃi⸢maɸu̥⸣keː],シマフケー,固
[ʃi⸢maɸu̥⸣keːnu ⸣nakaʣaːteː],シマフケーヌナカザーテー,連
[ʃi⸢ma⸣pu̥su],シマプス,名
[⸣ʃimapu̥su],シマプス,名
[ʃi⸢mabudu⸣ru],シマブドゥル,名
[ʤi⸢mama],ジママ,名
[ʃi⸢mamaːri⸣munu],シママーリムヌ,名
[ʃi⸢mamaː⸣ru],シママール,名
[ʃi⸢mamaː⸣ru],シママール,名
[⸣ʃimamai],シママイ,名
[ʃi⸢mamuʧijuː⸣muʧi],シマムチユームチ,名
[⸣ʃimamuni],シマムニ,名
[ʃi⸢ma⸣munu],シマムヌ,名
[ʃi⸢ma⸣ri],シマリ,名
[ʃi⸢ma⸣ri],シマリ,名
[ʃi⸢ma⸣ruŋ],シマルン,自動
[ʃi⸢ma⸣ruŋ],シマルン,自動
[⸣ʃimi],シミ,名
[⸣ʃimi],シミ,名
[⸣ʃimi],シミ,名
[⸣ʃimi],シミ,名
[ʃi⸢mi⸣ʔuŋ],シミウン,名
[ʃi⸢mikḁsaniruŋ],シミカサニルン,他動
[ʃi⸢mikura⸣suŋ],シミクラスン,他動
[⸣ʃimi ⸣kuŋ],シミクン,連
[ʃi⸢mi⸣si̥ki],シミサキ,名
[ʃi⸢misi̥kaː⸣ruŋ],シミシゥカールン,自動
[ʃi⸢mi⸣ ʃi̥⸢ki⸣ruŋ],シミシキルン,連
[ʃi⸢miʃi̥ki⸣ruŋ],シミシキルン,他動
[ʃi⸢mi⸣su̥kuŋ],シミスクン,自動
[ʃi⸢mi⸣ su̥kuŋ],シミスクン,連
[ʃi⸢misu̥⸣kuŋ],シミスクン,他動
[ʃi⸢mitai⸣ku],シミタイク,名
[ʃi⸢mikkaː⸣suŋ],シミッカースン,他動
[ʃi⸢mikkaːra⸣suŋ],シミッカーラスン,他動
[ʃi⸢mikkaː⸣ruŋ],シミッカールン,自動
[ʃi⸢mik⸣ki],シミッキ,名
[ʃi⸢mikkuma⸣suŋ],シミックマスン,他動
[ʃi⸢mik⸣kumuŋ],シミックムン,他動
[ʃi⸢mikkeː⸣ruŋ],シミッケールン,自動
[ʃi⸢mi⸣ti],シミティ,副
[ʃi⸢mi⸣naː],シミナー,名
[ʃi⸢mi⸣naː],シミナー,名
[ʃi⸢mi⸣nu kḁ⸢ta],シミヌカタ,連
[ʃi⸢mi⸣nu kḁ⸢ta],シミヌカタ,連
[ʃi⸢mi⸣nu ⸣ssu],シミヌッス,連
[ʃi⸢mi⸣nu ⸣ffa],シミヌッふァ,連
[ʃi⸢mi⸣ buruŋ],シミブルン,連
[ʃi⸢mi⸣maki],シミマキ,名
[ʃi⸢mi⸣munu],シミムヌ,名
[ʃi⸢mira⸣suŋ],シミラスン,他動
[ʃi⸢mi⸣ruŋ],シミルン,自動
[ʃi⸢mi⸣ruŋ],シミルン,他動
[ʃi⸢mi⸣ruŋ],シミルン,他動
[ʃi⸢mi⸣ruŋ],シミルン,他動
[ʃi⸢mi⸣ruŋ],シミルン,他動
[ʃi⸢mi⸣ruŋ],シミルン,他動
[ʃi⸢miruŋ],シミルン,他動
[ʃi⸢miruŋ],シミルン,助動
[ʃi⸢mu],シム,名
[ʃi⸢mugata],シムガタ,名
[ʃi⸢mugoi],シムゴイ,名
[ʃi⸢muʣaː],シムザー,名
[ʃi⸢muʣaki],シムザキ,名
[ʃi⸢muʤimu],シムジム,名
[ʃi⸢muʧi],シムチ,名
[ʃi⸢munaru],シムナル,名
[ʃi⸢munu ɸuŋ],シムヌフン,連
[ʃi⸢munumura],シムヌムラ,名
[ʃi⸢muru],シムル,名
[ʃi⸢muru],シムル,名
[ʃi⸢muru],シムル,名
[ʃi⸢muruŋ],シムルン,他動
[⸣ʃimuŋ],シムン,他動
[⸣ʃimuŋ],シムン,他動
[⸣ʃimuŋ],シムン,他動
[⸣ʃimuŋ],シムン,他動
[⸣ʃimuŋ],シムン,他動
[ʃi⸢muŋ],シムン,他動
[ʃi⸢muŋ],シムン,他動
[ʃi⸢muŋ],シムン,他動
[⸣ʃimuŋ],シムン,他動
[⸣ʃimuŋ],シムン,自動
[⸣ʃimuŋ],シムン,自動
[ʃi⸢moː⸣ruŋ],シモールン,他動
[ʃi⸢moː⸣ruŋ],シモールン,他動
[ʤa⸢kaʤaka],ジャカジャカ,副
[⸣ʃuː],シュー,名
[⸣ʤuː],ジュー,名
[⸢ʤuː⸣ʔiʧiŋgaʧi],ジューイチンガチ,名
[⸢ʤuː⸣ʔiʧiŋgwaʧi],ジューイチングヮチ,名
[⸢sjuːkaku],シューカク,名
[⸢ʤuː⸣sanniŋki],ジューサンニンキ,名
[⸢ʤuːsan⸣nu ⸣joi],ジューサンヌヨイ,連
[⸢ʤuː⸣ʃi̥ʧihḁʧi],ジューシチハチ,名
[⸢ʤuː⸣niŋ],ジューニン,名
[⸢ʤuː⸣niŋ],ジューニン,名
[⸢ʤuːniŋga⸣ki],ジューニンガキ,名
[⸢ʤuː⸣niŋgwaʧi],ジューニングヮチ,名
[⸢ʃuːnuːru],シューヌール,名
[⸢ʃuː⸣nu ʔu⸢ri⸣ruŋ],シューヌウリルン,連
[ʤuː⸢buŋ],ジューブン,副
[⸢ʤuːmun⸣ʤi],ジュームンジ,名
[⸣ʃuri],シュリ,名
[ʃu⸢rigwaː⸣ʔiʣu],シュリグヮーイズ,名
[⸢ʤoː],ジョー,名
[⸢ʃoː⸣kaŋ],ショーカン,名
[⸢ʃoː⸣ʤiki],ショージキ,名
[⸢ʃoːʤiki⸣munu],ショージキムヌ,名
[⸢ʤoː⸣tu],ジョートゥ,名
[⸢ʤoːɸu],ジョーフ,名
[⸣ʤoːbukuru],ジョーブクル,名
[⸢ʤoː⸣mai],ジョーマイ,名
[⸢ʤoːmuʧi],ジョームチ,名
[⸢ʤoː⸣munu],ジョームヌ,名
[⸣ʃira],シラ,名
[⸣ʃira],シラ,名
[ʃi⸢ra],シラ,名
[ʃi⸢raːʃi⸣munu],シラーシムヌ,名
[ʃiraː⸢ʃiraː⸣ʃi],シラーシラーシ,副
[ʃiraː⸢ʃiraː⸣ʃi],シラーシラーシ,副
[ʃi⸢raː⸣suŋ],シラースン,他動
[ʃi⸢raːsuŋ],シラースン,他動
[⸣ʃiraː ⸢naːruŋ],シラーナールン,連
[⸣ʃiraː ⸣muti ⸢ʔaːkara⸣nu],シラームティアーカラヌ,連
[ʃi⸢rai⸣kaː],シライカー,名
[⸣ʃiraʔuʧi],シラウチ,名
[ʃi⸢raʔura⸣ʃi],シラウラシ,名
[ʃi⸢ra⸣gaːʔusumaiteː],シラガーウスマイテー,名
[ʃi⸢ra⸣gaːsoːmiŋ],シラガーソーミン,名
[ʃi⸢ra⸣gaːtammeː],シラガータンメー,名
[⸣ʃira ⸢kai⸣jaŋ],シラカイヤン,連
[⸣ʃira ⸢kai⸣jaŋ],シラカイヤン,連
[ʃi⸢rakata⸣ʧi],シラカタチ,名
[ʃi⸢rakama⸣ʧi],シラカマチ,名
[⸣ʃira ga⸢ruŋ],シラガルン,連
[⸣ʃira ka⸢roː⸣ŋ],シラカローン,連
[⸣ʃirakiŋ],シラキン,名
[ʃi⸢raʣani⸣jaŋ],シラザニヤン,連
[ʃi⸢raʃi],シラシ,名
[ʃi⸢raʃi],シラシ,名
[ʃi⸢raʃi],シラシ,名
[⸣ʃiraʃi̥taɸu],シラシタフ,名
[ʃi⸢raʃiɸuʧiru],シラシフチル,名
[ʃi⸢raʣuː⸣jaŋ],シラズーヤン,形
[ʃi⸢rasu̥ku⸣ri],シラスクリ,名
[ʃi⸢rasu̥kuri⸣joː],シラスクリヨー,名
[⸣ʃira su̥⸢ku⸣ruŋ],シラスクルン,連
[ʃi⸢rasuŋ],シラスン,他動
[ʃi⸢rasuŋ],シラスン,他動
[⸣ʃirasoːʤi],シラソージ,名
[⸣ʃiratamunu],シラタムヌ,名
[⸣ʃiraffa],シラッふァ,名
[⸣ʃiraduː],シラドゥー,名
[⸣ʃira na⸢gaː⸣ŋ],シラナガーン,連
[ʃi⸢ra⸣nui],シラヌイ,名
[ʃi⸢ra⸣nu ⸣kaː],シラヌカー,連
[ʃi⸢ra⸣nu ⸣kaː ʔa⸢ʦa⸣ŋ],シラヌカーアツァン,連
[ʃi⸢ra⸣nu ⸢kaː⸣nu ʔa⸢ʦa⸣ŋ],シラヌカーヌアツァン,連
[ʃi⸢ranu⸣ joi],シラヌヨイ,連
[ʃi⸢ra⸣hama],シラハマ,名
[⸣ʃirapamai],シラパマイ,名
[⸣ʃira ba⸢ruŋ],シラバルン,連
[ʃi⸢rabi⸣munu],シラビムヌ,名
[ʃi⸢rabi⸣ruŋ],シラビルン,他動
[⸢ʃiraɸu̥kuraː],シラフクラー,名
[ʃi⸢raɸu̥ku⸣rikaːɸu̥kuri],シラフクリカーフクリ,副
[ʃi⸢raɸu̥kuri⸣munu],シラフクリムヌ,名
[⸣ʃira ɸu̥⸢kuruŋ],シラフクルン,連
[⸣ʃirapu̥su],シラプス,名
[ʃi⸢ra⸣ɸu̥ʧi],シラフチ,名
[ʃi⸢ra⸣buni],シラブニ,名
[ʃi⸢ra⸣buŋ],シラブン,他動
[ʤi⸢ra⸣ma],ジラマ,名
[⸣ʃira ⸣muti ʔa⸢rakara⸣nu],シラムティアラカラヌ,連
[ʃi⸢ra⸣mujoː],シラムヨー,名
[⸣ʃirajaː],シラヤー,名
[⸣ʃirajoːri],シラヨーリ,名
[ʃi⸢rariŋ],シラリン,連
[ʃi⸢rariŋ],シラリン,連
[⸣ʃiri],シリ,名
[⸣ʤiri],ジリ,代
[ʃi⸢ri⸣kaku],シリカク,名
[ʃi⸢rikiʃi⸣ruŋ],シリキシルン,自動
[ʃi⸢ri⸣ki̥suŋ],シリキスン,他動
[ʃi⸢riʃiri],シリシリ,副
[ʃi⸢ritau⸣muŋ],シリタウムン,自動
[ʃi⸢rik⸣kumuŋ],シリックムン,他動
[ʃi⸢ri⸣paguŋ],シリパグン,他動
[ʃi⸢ripanʦa⸣suŋ],シリパンツァスン,連
[ʃi⸢ripina⸣ruŋ],シリピナルン,自動
[ʃi⸢riruŋ],シリルン,自動
[ʃi⸢riŋkoː⸣suŋ],シリンコースン,他動
[⸣ʃiru],シル,名
[ʃi⸢ru],シル,名
[ʃi⸢ru],シル,名
[ʃi⸢ru],シル,名
[ʃi⸢ru],シル,名
[ʃi⸢ru],シル,名
[ʃi⸢ru],シル,名
[ʃi⸢ru],シル,名
[ʃi⸢ru],シル,名
[ʃi⸢ru],シル,名
[ʃi⸢ru],シル,名
[ʃi⸢ru],シル,名
[⸣ʤiru],ジル,名
[⸣ʤiruː],ジルー,名
[ʃi⸢ruʔi⸣ka],シルイカ,名
[ʃi⸢ruʔuʧi],シルウチ,名
[ʃi⸢ruʔuʧi],シルウチ,名
[ʃi⸢rukaː],シルカー,名
[ʤi⸢ru⸣kḁki],ジルカキ,名
[ʃi⸢rugi],シルギ,名
[ʃi⸢ru⸣kibata],シルキバタ,名
[ʃi⸢ru⸣ku],シルク,名
[ʃi⸢ru⸣ku ⸢ʃik⸣kuŋ],シルクシックン,連
[ʃi⸢ru⸣kubiŋ],シルクビン,名
[ʤi⸢ru⸣kunʧi],ジルクンチ,名
[ʃi⸢ruʃi],シルシ,名
[ʃi⸢ruʃi],シルシ,名
[ʃi⸢ru⸣si̥kai],シルシゥカイ,名
[ʃi⸢ru⸣ʃi̥keː],シルシケー,名
[⸣ʃiruʣuːʃi],シルズーシ,名
[ʃi⸢rudami],シルダミ,名
[ʃi⸢rudari],シルダリ,名
[ʃi⸢rudari suŋ],シルダリスン,連
[ʃi⸢ru⸣ daruŋ],シルダルン,連
[ʃi⸢ruk⸣kumuŋ],シルックムン,自動
[ʃi⸢ruk⸣koː],シルッコー,名
[ʃi⸢ruk⸣koː ⸣nasuŋ],シルッコーナスン,連
[ʃi⸢rukkoːman⸣ʣai],シルッコーマンザイ,名
[ʃi⸢rukkoːmuk⸣koː],シルッコームッコー,名
[ʃi⸢ruffaː⸣suŋ],シルッふァースン,他動
[⸣ʃiru ⸢naː⸣nu],シルナーヌ,連
[ʃi⸢ru⸣ɸuʤikaːɸuʤi],シルフジカーフジ,名
[ʃi⸢ru⸣ɸuʣuŋ],シルフズン,他動
[ʃi⸢ruŋgu⸣ʧi],シルングチ,名
[⸣ʤiroppiteː],ジロッピテー,名
[⸣ʃiwa],シワ,名
[ʃi⸢waʣa],シワザ,名
[⸣ʃiŋ],シン,名
[⸣ʃiŋ],シン,名
[⸣ʃiŋ],シン,名
[⸣ʃiŋ],シン,名
[⸣ʃiŋ],シン,名
[⸣ʃiŋ],シン,名
[⸣ʃiŋ],シン,助数
[⸣ʃiŋ],シン,名
[⸣ʃiŋ],シン,名
[⸣ʤiŋ],ジン,名
[⸢ʤiŋ],ジン,名
[⸣ʃiŋʔiʣu],シンイズ,名
[⸢ʃiŋ⸣ka],シンカ,名
[⸢ʃiŋkaːsuŋ],シンカースン,他動
[⸢ʃiŋkakiʣoː⸣ʤi],シンカキゾージ,名
[⸢ʃiŋkasuŋ],シンカスン,他動
[⸢ʃiŋga⸣ʧi],シンガチ,名
[⸢ʤiŋ⸣kani],ジンカニ,名
[⸣ʤiŋkajaː],ジンカヤー,名
[⸢ʤiŋ⸣kari],ジンカリ,名
[⸢ʃiŋ⸣gi],シンギ,名
[⸢ʃiŋ⸣gi],シンギ,名
[⸢ʃiŋgi],シンギ,副
[⸢ʤiŋ⸣gi],ジンギ,名
[⸢ʤiŋ⸣gi],ジンギ,名
[⸢siŋ⸣giku],シンギク,名
[⸢ʃiŋki̥suŋ],シンキスン,他動
[⸢ʃiŋkimuʧi],シンキムチ,名
[⸢ʤiŋkjara],ジンキャラ,名
[⸢ʤiŋ⸣giri],ジンギリ,名
[⸢ʃiŋgiŋ],シンギン,名
[⸣ʃiŋgukurumaŋgukuru],シングクルマングクル,名
[⸢ʃiŋ⸣kuʧi],シンクチ,名
[⸢ʤiŋgu⸣tu],ジングトゥ,名
[⸢ʤiŋ⸣gura],ジングラ,名
[ʃiŋku⸢raː⸣ma],シンクラーマ,名
[⸢ʃiŋguri],シングリ,副
[⸢ʃiŋ⸣kurimaŋkuri],シンクリマンクリ,副
[⸢ʃiŋkuri⸣munu],シンクリムヌ,名
[⸣ʤiŋ ⸣kuruŋ],ジンクルン,連
[⸢ʃiŋgwa⸣ʧi],シングヮチ,名
[⸢ʃiŋkuŋ],シンクン,自動
[⸢ʃiŋ⸣kuŋ],シンクン,自動
[⸢ʃiŋ⸣kuŋ],シンクン,他動
[⸢ʃiŋ⸣keː],シンケー,名
[⸢ʃiŋkeːsuŋ],シンケースン,自動
[⸢ʃin⸣ʣa],シンザ,名
[⸢ʃin⸣ʣa],シンザ,名
[⸢ʃin⸣ʣapḁtaki],シンザパタキ,名
[⸢ʃiŋ⸣ʃiː],シンシー,名
[⸢ʤin⸣si̥kai],ジンシゥカイ,名
[⸢ʤinsi̥kai⸣miʧi],ジンシゥカイミチ,名
[⸢ʃiŋʃikiruŋ],シンシキルン,他動
[⸢ʤiŋ⸣ ʃi̥⸢kiruŋ],ジンシキルン,連
[⸢ʃiŋ⸣ʃi̥ʧi],シンシチ,名
[⸢ʃiŋʃi̥ʧi⸣nu ⸢koː⸣ʃi̥ʧi],シンシチヌコーシチ,連
[⸢ʃinʤiɸuʧi⸣ru],シンジフチル,名
[⸢ʃinʤi⸣ruŋ],シンジルン,他動
[⸢ʃinʤi⸣ruŋ],シンジルン,他動
[⸢ʃinʤi⸣ruŋ],シンジルン,他動
[⸢ʃinʤi⸣ruŋ],シンジルン,他動
[⸢ʤinʤiŋ⸣ʃi],ジンジンシ,副
[ʃin⸢ʤintu],シンジントゥ,副
[⸢ʤinʤimbajaː],ジンジンバヤー,名
[⸢ʃiŋʃim⸣maː],シンシンマー,名
[⸢ʃin⸣su],シンス,名
[⸢ʃin⸣ʣu],シンズ,名
[⸣ʃinʣuku],シンズク,名
[⸢ʃinsu̥kuŋ],シンスクン,自動
[⸢ʃin⸣su̥koːra],シンスコーラ,連
[⸢ʃin⸣subu],シンスブ,名
[⸢ʃin⸣ʣuŋ],シンズン,他動
[⸣ʃinta],シンタ,名
[⸣ʃinta],シンタ,名
[⸢ʃin⸣da],シンダ,名
[⸢ʤintaːʃi⸣munu],ジンターシムヌ,名
[⸣ʃintaːnari ⸣mantaːnari],シンターナリマンターナリ,連
[ʃin⸢daː⸣ma],シンダーマ,名
[⸣ʃintaː ⸣mantanari],シンターマンタナリ,連
[⸢ʃindai],シンダイ,副
[⸢ʤindai⸣ku],ジンダイク,名
[⸢ʃindaiʃindai],シンダイシンダイ,副
[⸢ʤin⸣daka],ジンダカ,名
[⸣ʃinta kḁ⸢ku],シンタカク,連
[⸢ʃin⸣taku],シンタク,名
[⸢ʃintaku⸣ʔita],シンタクイタ,名
[ʃinta⸢gusu̥⸣ku],シンタグスク,名
[⸣ʃintanu ⸣ʣoː],シンタヌゾー,連
[⸣ʃinta ⸣manta],シンタマンタ,連
[⸣ʃintamiʧi],シンタミチ,名
[⸣ʃintajaː],シンタヤー,名
[⸣ʃintajama],シンタヤマ,名
[⸢ʃintaraː⸣ʃi mu⸢mutaraː⸣ʃi],シンタラーシムムタラーシ,連
[⸣ʃindara ka⸢nuʃaːma⸣joː],シンダラカヌシャーマヨー,連
[⸢ʃin⸣daŋ],シンダン,名
[⸢ʤiŋffai⸣munu],ジンッふァイムヌ,名
[⸢ʃin⸣tiː],シンティー,名
[⸣ʃintimpura],シンティンプラ,名
[⸢ʃintoːsuŋ],シントースン,他動
[⸢ʃindoːman⸣doː],シンドーマンドー,副
[⸢ʃindoː⸣ra],シンドーラ,名
[ʃin⸢tu],シントゥ,副
[⸢ʃintu],シントゥ,副
[⸢ʃin⸣du],シンドゥ,名
[ʃin⸢tu pit⸣ʧiŋ],シントゥピッチン,連
[⸢ʤin⸣turi],ジントゥリ,名
[⸢ʃinna⸣kuŋ],シンナクン,自動
[⸣ʃinniŋ],シンニン,副
[⸣ʃinniŋgai],シンニンガイ,名
[⸢ʤin⸣nu ⸢sam⸣miŋ],ジンヌサンミン,連
[⸢ʤin⸣nu si̥⸢kara],ジンヌシゥカラ,連
[⸢ʤin⸣nu ⸣miː],ジンヌミー,連
[⸢ʤim⸣baː],ジンバー,名
[⸢ʤimbai],ジンバイ,名
[⸢ʤim⸣pḁku],ジンパク,名
[⸢ʃim⸣biː],シンビー,名
[⸢ʃim⸣biːkoːʃi],シンビーコーシ,名
[⸣ʃimpiːʣu],シンピーズ,名
[⸣ʃimbjuː],シンビュー,名
[⸢ʃimpiruŋ],シンピルン,他動
[⸢ʃimbiŋ⸣jaː],シンビンヤー,名
[⸢ʤimpuː],ジンプー,名
[⸢ʤiŋɸuku⸣ru],ジンフクル,名
[⸢ʤim⸣buŋ],ジンブン,名
[⸢ʤim⸣bunssaraː],ジンブンッサラー,名
[⸢ʤim⸣bunssarimunu],ジンブンッサリムヌ,名
[⸢ʤim⸣bun ⸢toːri⸣munu],ジンブントーリムヌ,連
[⸢ʤim⸣bun ⸢toːri⸣ruŋ],ジンブントーリルン,連
[⸢ʤim⸣bun ⸢toː⸣ruŋ],ジンブントールン,連
[⸢ʤim⸣buntoːraː],ジンブントラー,名
[⸢ʤim⸣bummuʧi],ジンブンムチ,名
[⸢ʤim⸣buŋ ʔn⸢ʤi⸣ruŋ],ジンブンンジルン,連
[⸢ʃim⸣boː],シンボー,名
[⸢ʃim⸣boː],シンボー,名
[⸢ʃimmai],シンマイ,名
[⸢simmai⸣nabi],シンマイナビ,名
[⸣ʤimmuʧi],ジンムチ,名
[⸢ʃimmeː⸣nabi],シンメーナビ,名
[⸢ʤimmoː⸣ki],ジンモーキ,名
[⸢ʤimmoːki⸣ʤiku],ジンモーキジク,名
[⸢ʃiŋjoː],シンヨー,名
[⸢ʃin⸣roː],シンロー,名
[⸣su],ス,助数
[⸢suː],スー,接頭
[⸢suː],スー,接頭
[⸣suː],スー,名
[⸣suː],スー,名
[⸣suː],スー,助数
[⸣ʣuː],ズー,名
[⸣ʣuː],ズー,接尾
[⸣ʣuː],ズー,名
[⸢ʣuː],ズー,名
[⸢suːʔaga⸣ri],スーアガリ,名
[⸢suːʔata⸣ri],スーアタリ,名
[⸢suːʔata⸣ri],スーアタリ,名
[⸢suː⸣gai],スーガイ,名
[⸢suːkaka⸣raː],スーカカラー,副
[⸢suːgaka⸣ri],スーガカリ,名
[⸢suː⸣kaʣa],スーカザ,名
[⸢suː⸣kaʤi],スーカジ,名
[⸢suːkaʤi],スーカジ,名
[⸢suːkamu⸣i],スーカムイ,名
[⸢suː⸣kaŋ],スーカン,名
[⸢suː⸣ki],スーキ,名
[⸢suː⸣kiri],スーキリ,名
[⸢suː⸣ku],スーク,名
[⸢suːku⸣niŋ],スークニン,名
[⸢suː⸣saː],スーサー,名
[⸢suːʣara⸣ʃi],スーザラシ,名
[⸢suː⸣ʤi],スージ,名
[⸢ʣuː⸣ʃi],ズーシ,名
[⸢suː⸣ʃi̥ki],スーシキ,名
[⸢suːʃi̥ki⸣ʔiga],スーシキイガ,名
[⸢suːʃi̥ki⸣ ʔiʣu],スーシキイズ,名
[⸢suːʃi̥ki⸣tḁku],スーシキタク,名
[⸢suːʃi̥ki⸣munu],スーシキムヌ,名
[⸢suːʃi̥ki⸣ruŋ],スーシキルン,他動
[⸢suːʃigu⸣tu],スーシグトゥ,名
[⸢suːʃi̥tu⸣ki],スーシトゥキ,名
[⸢suːʣuː⸣waŋ],スーズーワン,形
[⸢suː⸣su̥kuŋ],スースクン,他動
[⸢suː⸣tai],スータイ,名
[⸢suː⸣tai],スータイ,名
[⸢suː⸣tai],スータイ,名
[⸢suː⸣tai],スータイ,名
[⸢suː⸣dai],スーダイ,名
[⸢suː⸣daka],スーダカ,名
[⸢suː⸣ʧi],スーチ,名
[⸢suː⸣ʧiʣuː],スーチズー,名
[⸢suːffaː⸣suŋ],スーッふァースン,他動
[⸢suː⸣tida],スーティダ,名
[⸢suːtuŋ⸣gaː],スートゥンガー,名
[⸢suː⸣nabi],スーナビ,名
[⸣suː na⸢ma⸣ruŋ],スーナマルン,連
[⸢suːni],スーニ,連
[⸢suː⸣niʧi],スーニチ,名
[⸢suː⸣nu ⸣ʔariː],スーヌアリー,連
[⸢suː⸣nugi],スーヌギ,名
[⸢suː⸣nu ⸢naː⸣ri],スーヌナーリ,連
[⸢suː⸣nu ⸢nuːruŋ],スーヌヌールン,連
[⸢suːnu⸣pana],スーヌパナ,名
[⸢suːnu⸣pana],スーヌパナ,名
[⸢suːnu⸣ɸu̥ʧi],スーヌフチ,名
[⸢suː⸣nu ⸢miː],スーヌミー,連
[⸢suː⸣nu ⸣miʦuŋ],スーヌミツン,文
[⸢suː⸣baː],スーバー,名
[⸢suːpata⸣raki],スーパタラキ,名
[⸢suː⸣pana],スーパナ,名
[⸢suː⸣pani],スーパニ,名
[⸢suː⸣pani],スーパニ,名
[⸢suːbaŋ],スーバン,連
[⸢suː⸣piː],スーピー,名
[⸣suːpi̥saːru],スーピサール,名
[⸢suː⸣ pi̥suŋ],スーピスン,連
[⸢suː⸣bu],スーブ,名
[⸢suːbu⸣gutu],スーブグトゥ,名
[⸣suː ⸣ɸu̥kuŋ],スーフクン,連
[⸢ʣuːɸuna⸣jaː],ズーフナヤー,名
[⸢ʣuːbuni],ズーブニ,名
[⸢suː⸣beː],スーベー,名
[⸢suːmaka⸣ru],スーマカル,名
[⸢suːmarikoː⸣ma],スーマリコーマ,名
[⸢suːmarikoː⸣ma],スーマリコーマ,名
[⸢suː⸣maruŋ],スーマルン,自動
[⸢suː⸣maruŋ],スーマルン,自動
[⸢suː⸣maŋ],スーマン,名
[⸢suː⸣mamboːsuː],スーマンボースー,名
[⸢suːmaɲjabu⸣ri],スーマンヤブリ,名
[⸢suːmiː],スーミー,名
[⸢suː⸣miʤi],スーミジ,名
[⸣suːmiʦaːru],スーミツァール,名
[⸣suːmiʦaːruʔami],スーミツァールアミ,名
[⸣suː ⸣miʦuŋ],スーミツン,連
[⸢suːmi⸣ruŋ],スーミルン,他動
[⸢suː mu],スーム,連
[⸢suː mu],スーム,連
[⸣ʣuːmukkaː],ズームッカー,名
[⸢suː⸣muni],スームニ,名
[⸢suː munu],スームヌ,連
[⸢suː munu],スームヌ,連
[⸣ʣuː mu⸢ruŋ],ズームルン,連
[⸢suː⸣muŋ],スームン,他動
[⸢suː⸣muŋ],スームン,他動
[⸢suː⸣jaŋ],スーヤン,名
[⸣suːjoː],スーヨー,名
[⸢suːra⸣suŋ],スーラスン,他動
[⸢suːra⸣suŋ],スーラスン,他動
[⸢suː⸣ri],スーリ,名
[⸢suːrik⸣kuru],スーリックル,名
[⸢suːripajaː⸣ŋ],スーリパヤーン,連・形
[⸢suːri⸣ruŋ],スーリルン,自動
[⸢suːri⸣ruŋ],スーリルン,自動
[⸢suːru],スール,名
[⸢suː⸣ruŋ],スールン,自動
[⸢suː⸣ruŋ],スールン,自動
[⸢suː⸣ruŋ],スールン,他動
[⸢suː⸣ruŋ],スールン,他動
[⸢suː⸣ruŋ],スールン,自動
[⸢suː⸣ruŋ],スールン,自動
[⸢suː⸣ruŋ],スールン,自動
[⸢suː⸣ waʣa],スーワザ,連
[⸢suː⸣waŋ],スーワン,形
[⸢suː⸣waŋ],スーワン,形
[⸢suː⸣waŋ],スーワン,形
[⸢suː⸣waŋ],スーワン,形
[⸢-ʣuː⸣waŋ],ズーワン,接尾
[⸢suːŋ],スーン,他動
[⸢suːŋ],スーン,自動
[⸢suː⸣ʔnʤi],スーンジ,名
[⸢suːŋ⸣ʃiru],スーンシル,名
[⸣sui],スイ,名
[⸢sui⸣ka],スイカ,名
[⸢sui⸣gjuː],スイギュー,名
[⸣suigusu̥ku],スイグスク,名
[⸣suikutuba],スイクトゥバ,名
[⸢suiʣaʃi],スイザシ,名
[⸢suiʣaʃikoːjaku],スイザシコーヤク,名
[⸢suiʣasuŋ],スイザスン,他動
[⸢suiʣasuŋ],スイザスン,他動
[⸣suipu̥su],スイプス,名
[⸢suibuŋ],スイブン,名
[⸢suiruŋ],スイルン,他動
[su⸢gasuŋ],スガスン,他動
[su⸢gari⸣ruŋ],スガリルン,他動
[su⸢gariruŋ],スガリルン,自動
[su⸢ga⸣ru],スガル,名
[su⸢garuŋ],スガルン,自動
[su⸢ga⸣ruŋ],スガルン,自動
[⸣su̥ku],スク,副助
[⸣su̥ku],スク,副助
[⸣su̥ku],スク,副助
[⸣su̥ku],スク,副助
[⸣su̥ku],スク,副助
[⸣su̥ku],スク,副助
[⸣su̥ku],スク,名
[su̥⸢ku],スク,名
[su̥⸢ku],スク,名
[⸣ʣuku],ズク,名
[su̥⸢kuːŋ],スクーン,他動
[su̥⸢kuːŋ],スクーン,他動
[su̥⸢kuʔaŋ],スクアン,名
[⸣su̥kui],スクイ,名
[su̥⸢kuiʃi̥tiruŋ],スクイシティルン,他動
[su̥⸢kuʔiʣu],スクイズ,名
[su̥⸢kukaka⸣raː],スクカカラー,連
[su̥⸢kugara⸣su],スクガラス,名
[su̥⸢kusuŋ],スクスン,他動
[⸣su̥kudai],スクダイ,名
[su̥⸢kutʧinaː⸣ŋ],スクッチナーン,形
[su̥⸢kutʧinakaː⸣ʧina],スクッチナカーチナ,副
[su̥⸢kutʧina munu],スクッチナムヌ,連
[su̥⸢kutʧinamunu],スクッチナムヌ,連
[su̥⸢kutʧiruŋ],スクッチルン,自動
[su̥⸢kutʦaːsuŋ],スクッツァースン,他動
[su̥⸢kutʦaːrasuŋ],スクッツァーラスン,他動
[su̥⸢kutʦaːruŋ],スクッツァールン,自動
[su̥⸢kutʦasuŋ],スクッツァスン,他動
[su̥⸢kutʦuŋ],スクッツン,自動
[su̥⸢ku⸣duŋ],スクドゥン,名
[su̥⸢kunaːru],スクナール,名
[su̥⸢kunauŋ],スクナウン,他動
[su̥⸢kuniruŋ],スクニルン,他動
[su̥⸢ku⸣bu],スクブ,名
[su̥⸢kuɸui],スクフイ,名
[su̥⸢kuɸututʧi],スクフトゥッチ,名
[su̥⸢kubuŋ],スクブン,名
[su̥⸢ku⸣ma],スクマ,名
[su̥⸢ku⸣maruŋ],スクマルン,自動
[su̥⸢ku⸣mi],スクミ,名
[su̥⸢kumi],スクミ,名
[su̥⸢kumi],スクミ,名
[su̥⸢ku⸣muŋ],スクムン,他動
[su̥⸢kumuŋ],スクムン,他動
[su̥⸢kujama],スクヤマ,名
[su̥⸢ku⸣rai],スクライ,名
[su̥⸢kurai],スクライ,名
[su̥⸢kurai⸣kiŋ],スクライキン,名
[su̥⸢kuraik⸣kuru],スクライックル,名
[su̥⸢ku⸣rauŋ],スクラウン,他動
[su̥⸢ku⸣ri],スクリ,名
[su̥⸢kuri⸣kai],スクリカイ,名
[su̥⸢kurikai⸣ruŋ],スクリカイルン,他動
[su̥⸢kuri⸣kata],スクリカタ,名
[su̥⸢kurikan⸣ti],スクリカンティ,名
[su̥⸢kuri⸣naki],スクリナキ,名
[su̥⸢kuri⸣baki],スクリバキ,名
[su̥⸢kuripana⸣ʃi],スクリパナシ,名
[su̥⸢kuri⸣barai],スクリバライ,名
[su̥⸢kuripan⸣ta],スクリパンタ,名
[su̥⸢kuri⸣pu̥su],スクリプス,名
[su⸢guripu̥su],スグリプス,名
[su̥⸢kuri⸣ɸu̥ʧi],スクリフチ,名
[su̥⸢kuri⸣muni],スクリムニ,名
[su̥⸢kuri⸣munu],スクリムヌ,名
[su̥⸢kuri⸣munu],スクリムヌ,名
[su⸢gurimunu],スグリムヌ,名
[su̥⸢kurimunu⸣nu ⸢soː⸣ʤi],スクリムヌヌソージ,連
[su̥⸢kurimunu⸣nu pḁ⸢ʧi],スクリムヌヌパチ,連
[su̥⸢kurijas⸣saŋ],スクリヤッサン,連
[su̥⸢kuri⸣jabi],スクリヤビ,名
[su⸢guriruŋ],スグリルン,自動
[su̥⸢ku⸣ruŋ],スクルン,他動
[su̥⸢ku⸣ruŋ],スクルン,他動
[⸣su̥kuŋ],スクン,他動
[⸣su̥kuŋ],スクン,他動
[⸣su̥kuŋ],スクン,他動
[⸣su̥kuŋ],スクン,他動
[⸣su̥kuŋ],スクン,他動
[⸣su̥kuŋ],スクン,他動
[su̥⸢kuŋ],スクン,他動
[su̥⸢kuŋ],スクン,他動
[su̥kuŋ],スクン,他動
[⸣su̥kuŋ],スクン,他動
[⸣su̥kuŋ],スクン,他動
[⸣su̥kuŋ],スクン,自動
[⸣su̥kuŋ],スクン,自動
[⸣su̥kuŋ],スクン,自動
[su̥⸢kuŋ],スクン,他動
[su̥⸢kuŋ],スクン,他動
[su̥⸢kuŋ],スクン,他動
[su̥⸢kuŋ],スクン,他動
[⸣su̥kuŋ],スクン,補動
[su̥⸢kuŋ],スクン,他動
[su̥⸢kuŋ],スクン,他動
[su̥⸢kuŋ],スクン,自動
[su̥⸢kuŋ],スクン,他動
[su̥⸢kuŋ],スクン,他動
[su̥⸢kuŋ],スクン,他動
[su̥⸢kuŋ],スクン,他動
[⸣su̥koː],スコー,助
[⸣su̥koː],スコー,名
[su̥⸢koːru],スコール,名
[su̥⸢koːru suŋ],スコールスン,連
[su̥⸢koːruŋ],スコールン,他動
[⸣suʃi],スシ,名
[suʣuː⸢ku],スズーク,副
[suʣuː⸢ko],スズーコ,副
[su⸢ʣu⸣ri],スズリ,名
[su⸢ʣuri⸣baku],スズリバク,名
[su⸢soː],スソー,名
[su⸢da⸣ti],スダティ,名
[su⸢datiguri⸣saŋ],スダティグリサン,連
[su⸢datiʣoː⸣ʤi],スダティゾージ,名
[su⸢dati⸣nu ⸣ʔuja],スダティヌウヤ,連
[su⸢dati⸣miʧi],スダティミチ,名
[su⸢datijas⸣saŋ],スダティヤッサン,形
[su⸢dati⸣ruŋ],スダティルン,他動
[su⸢da⸣tuŋ],スダトゥン,他動
[su⸢da⸣tuŋ],スダトゥン,他動
[⸢suk⸣kaː],スッカー,名
[⸢ʣuk⸣kaː ⸢suŋ],ズッカースン,連
[⸢sukkaː⸣nu ⸣biː],スッカーヌビー,連
[suk⸢kaː⸣ma],スッカーマ,名
[suk⸢kaː⸣ma],スッカーマ,名
[ʣuk⸢kaː⸣ma],ズッカーマ,名
[⸣ʣutʦu],ズッツ,名
[su⸢deː⸣ma],スデーマ,名
[su⸢di],スディ,名
[su⸢di⸣karai],スディカライ,名
[su⸢diki̥ʃi⸣kiŋ],スディキシキン,名
[⸣sudikkiraː],スディッキラー,名
[su⸢di⸣na],スディナ,名
[su⸢dipaka],スディパカ,名
[⸣sudibuttaː],スディブッター,名
[su⸢dijui],スディユイ,名
[su̥⸢tete⸣ko],ステテコ,名
[su̥⸢tudoː⸣gokkoː],ストゥドーゴッコー,名
[su⸢nawa⸣ruŋ],スナールン,自動
[⸣sunai],スナイ,名
[su⸢nai],スナイ,名
[su⸢nairuŋ],スナイルン,他動
[su⸢na⸣ka],スナカ,名
[su⸢naka⸣nu ⸣ssa],スナカヌッサ,連
[⸣suni],スニ,名
[su⸢noː⸣ru],スノール,名
[⸣suba],スバ,名
[⸣suba],スバ,名
[su⸢ba⸣dari],スバダリ,名
[su⸢banu⸣munu],スバヌムヌ,名
[su⸢ba⸣pisa],スバピサ,名
[su⸢bamaː⸣ru],スバマール,名
[⸣subamakaru],スバマカル,名
[su⸢ba⸣miː],スバミー,名
[su⸢ba⸣miʧi],スバミチ,名
[⸣subajaː],スバヤー,名
[⸣subam pḁ⸢tam⸣ mi⸢rara⸣nu],スバンパタンミララヌ,連
[⸣subi],スビ,名
[su⸢bi],スビ,名
[su⸢bi⸣naː],スビナー,名
[su⸢biniŋgai],スビニンガイ,名
[su⸢bu],スブ,名
[su⸢bu],スブ,名
[su⸢bu],スブ,名
[⸣subu],スブ,名
[su⸢buʣara],スブザラ,名
[su⸢buʃi],スブシ,名
[su⸢buʃinu⸣ sa⸢raː⸣ma],スブシヌサラーマ,連
[su⸢buʃinu⸣ f⸢fa],スブシヌッふァ,連
[su⸢buʃipi̥sa⸣ ʔu⸢ʃittoːsuŋ],スブシピサウシットースン,連
[su⸢bu⸣ su̥⸢kuŋ],スブスクン,連
[su⸢bu⸣ su̥⸢kuŋ],スブスクン,連
[su⸢bu⸣ʧidama],スブチダマ,名
[su⸢but⸣taraːŋ],スブッタラーン,形
[su⸢but⸣tarakabattara],スブッタラカバッタラ,副
[su⸢but⸣taruŋ],スブッタルン,自動
[subut⸢ti],スブッティ,副
[⸣subuttu],スブットゥ,名
[su⸢bunugi],スブヌギ,名
[su⸢bu⸢bubari],スブバリ,名
[su⸢bubarisaŋʃiŋ],スブバリサンシン,名
[ʣu⸢bu⸣mai],ズブマイ,名
[su⸢bumi],スブミ,名
[su⸢bumuŋ],スブムン,自動
[su⸢bujaː],スブヤー,名
[su⸢bujajaki],スブヤヤキ,名
[su⸢buri⸣gara],スブリガラ,名
[su⸢buri⸣jaŋ],スブリヤン,名
[su⸢bu⸣ru],スブル,名
[su⸢bu⸣ru],スブル,名
[su⸢bu⸣ru],スブル,名
[su⸢bu⸣ru],スブル,名
[su⸢buru],スブル,名
[su⸢bu⸣ru],スブル,名
[ʔsu⸢buru⸣ʔati],スブルアティ,名
[su⸢buru⸣ʔiʃi],スブルイシ,名
[su⸢bu⸣ru ⸣gaʣuŋ],スブルガズン,連
[su⸢bu⸣ru kḁ⸢toŋka⸣suŋ],スブルカトンカスン,連
[su⸢bu⸣ru ⸢naː⸣nu],スブルナーヌ,連
[su⸢buru⸣bata],スブルバタ,名
[su⸢buru⸣bana],スブルバナ,名
[su⸢buru⸣bari],スブルバリ,名
[su⸢bu⸣ru ba⸢rikkunaː suŋ],スブルバリックナースン,連
[su⸢bu⸣ru ⸢maːranu],スブルマーラヌ,連
[su⸢bu⸣ru mu⸢tai⸣ruŋ],スブルムタイルン,連
[su⸢buru⸣jaŋ],スブルヤン,名
[su⸢buru⸣jam mu⸢ti⸣pu̥su],スブルヤンムティプス,連
[su⸢bu⸣ru ⸢was⸣saŋ],スブルワッサン,連
[su⸢bu⸣ruŋ],スブルン,他動
[su⸢bu⸣ruŋ],スブルン,他動
[su⸢bu⸣reː],スブレー,名
[su⸢bu⸣reː],スブレー,名
[⸣ʣubuŋ],ズブン,自動
[su⸢beː⸣ruŋ],スベールン,自動
[su⸢boːmuŋ],スボームン,自動
[su⸢boː⸣ŋ],スボーン,形
[⸣ʣuboŋ],ズボン,名
[su⸢maruŋ],スマルン,自動
[su⸢maruŋ],スマルン,自動
[su⸢mikairuŋ],スミカイルン,他動
[su⸢mikasaniruŋ],スミカサニルン,他動
[su⸢mikata],スミカタ,名
[su⸢mimunu],スミムヌ,名
[su⸢mimunujaː],スミムヌヤー,名
[su⸢miruŋ],スミルン,他動
[su⸢miruŋ],スミルン,他動
[su⸢mu],スム,名
[su⸢mu],スム,名
[su⸢mu⸣kuŋ],スムクン,自動
[su⸢muʣaː],スムザー,名
[su⸢musuku],スムスク,名
[su⸢mu⸣sumu],スムスム,接続
[su⸢mu⸣ʧi],スムチ,名
[su⸢munu⸣ ʃi⸢gutu],スムヌシグトゥ,連
[su⸢munu ɸuŋ],スムヌフン,連
[su⸢mupataraki],スムパタラキ,名
[su⸢muŋ],スムン,他動
[su⸢muŋ],スムン,他動
[su⸢moː],スモー,名
[⸣sura],スラ,名
[suraː⸢ku],スラーク,副
[su⸢raʔuru⸣ʃi],スラウルシ,名
[⸣suraʣuː],スラズー,名
[su⸢ra⸣suŋ],スラスン,他動
[⸣suranaru],スラナル,名
[su⸢rapan⸣ta],スラパンタ,名
[su⸢rapantaː⸣ma],スラパンターマ,名
[⸣ʣuri],ズリ,名
[su⸢riːsuriː⸣ʃi],スリースリーシ,副
[⸣ʣuriʔasabi],ズリアサビ,名
[su⸢ritumu],スリトゥム,接続
[su⸢ri⸣bai],スリバイ,名
[su⸢ri⸣ruŋ],スリルン,自動
[⸣suruːŋ],スルーン,自動
[⸣suruːŋ],スルーン,自動
[⸣surui],スルイ,名
[⸣surui],スルイ,名
[su⸢rui⸣ʣu],スルイズ,名
[su⸢rui⸣ruŋŋ],スルイルン,他動
[su⸢rui⸣ruŋŋ],スルイルン,他動
[su⸢rugaː],スルガー,名
[su⸢ru⸣gani],スルガニ,名
[su⸢ru⸣ki̥suŋ],スルキスン,自動
[⸢surusuru],スルスル,副
[su⸢rusuruːtti],スルスルーッティ,副
[su⸢rusuru⸣ʃi],スルスルシ,副
[su⸢rukkai⸣ruŋ],スルッカイルン,自動
[su⸢rukkeː⸣ruŋ],スルッケールン,自動
[su⸢rutti],スルッティ,副
[surut⸢ti],スルッティ,副
[su⸢runaːʤina],スルナージナ,名
[su⸢rubaŋ],スルバン,名
[su⸢rubaŋ],スルバン,名
[su⸢rubaŋ⸣ ʔi⸢ruŋ],スルバンイルン,連
[su⸢rubam paŋ⸣kuŋ],スルバンパンクン,連
[⸣suruŋ],スルン,他動
[⸣suruŋ],スルン,他動
[⸣suruŋ],スルン,自動
[su⸢roː⸣suŋ],スロースン,他動
[suwaː⸢ra],スワーラ,副
[⸢suŋ],スン,自動
[⸢suŋ],スン,他動
[⸢suŋ],スン,他動
[⸢suŋ],スン,他動
[⸣suŋ],スン,助動
[⸣suŋ],スン,名
[⸣suŋ],スン,助数
[⸢ʣuŋ],ズン,名
[⸢ʣuŋga⸣ʧi],ズンガチ,名
[⸢ʣuŋgaʧikaʤimaː⸣ru],ズンガチカジマール,名
[⸢ʣuŋgaʧitai⸣ɸuː],ズンガチタイフー,名
[⸢ʣuŋgaʧiniŋ⸣gai],ズンガチニンガイ,名
[⸢suŋkabu⸣ru],スンカブル,名
[⸢suŋkabu⸣ru ⸢suŋ],スンカブルスン,連
[⸣suŋkammakaru],スンカンマカル,名
[⸢suŋkiʔnʣa⸣suŋ],スンキンザスン,他動
[⸢ʣuŋguni⸣ʧi],ズングニチ,名
[⸢ʣuŋguniʧi⸣ʃi̥ki],ズングニチシキ,名
[⸢ʣuŋguniʧi⸣ʣuː],ズングニチズー,名
[⸢ʣuŋgu⸣jaː],ズングヤー,名
[⸢ʣuŋgujaː⸣muʧi],ズングヤームチ,名
[⸢suŋgurariŋ],スングラリン,連
[⸢suŋguruŋ],スングルン,他動
[⸢ʣuŋgwa⸣ʧi],ズングヮチ,名
[⸢ʣun⸣sa],ズンサ,名
[⸣sun ⸢suŋ],スンスン,連
[⸢ʣunʣuŋ],ズンズン,名
[⸢suntoː],スントー,名
[⸣suntuku],スントゥク,名
[⸢ʣunni],ズンニ,副
[⸢ʣumbaŋ],ズンバン,名
[⸢ʣummiʧi],ズンミチ,名
[⸢soː],ソー,名
[⸢soː],ソー,名
[⸢soː],ソー,名
[⸢soː],ソー,名
[⸢soː],ソー,名
[⸢soː],ソー,名
[⸢soː],ソー,名
[⸢soː],ソー,接頭
[⸢soː],ソー,名
[⸣ʣoː],ゾー,名
[⸢ʣoː],ゾー,感
[⸢ʣoː],ゾー,接頭
[ʣoː⸢i],ゾーイ,副
[⸢soːʔiraː],ソーイラー,名
[⸢soː ʔiruŋ],ソーイルン,連
[⸢soː ʔiruŋ],ソーイルン,連
[⸢soːʔuki],ソーウキ,名
[⸢soːʔukuŋ],ソーウクン,自動
[⸢soːʔuja],ソーウヤ,名
[⸢ʣoːkai],ゾーカイ,名
[⸢soːkaniʣuː⸣waŋ],ソーカニズーワン,連
[⸢soːkani panʦuŋ],ソーカニパンツン,連
[⸢soː⸣ki],ソーキ,名
[⸢ʣoːki],ゾーキ,名
[⸢ʣoː⸣gi],ゾーギ,名
[⸢soː⸣ ki̥suŋ],ソーキスン,連
[⸢soːkinaː],ソーキナー,名
[⸢soːki⸣buni],ソーキブニ,名
[⸢soːki⸣buni ta⸢raːnu],ソーキブニタラーヌ,連
[⸢soːkibuni⸣nu ⸣suː],ソーキブニヌスー,連
[⸢soːkimu],ソーキム,名
[⸢soːkiraː],ソーキラー,名
[⸢soː⸣giri],ソーギリ,名
[⸢soːkiri⸣munu],ソーキリムヌ,名
[⸢soːkiŋ],ソーキン,名
[⸢ʣoː⸣kiŋ],ゾーキン,名
[⸢ʣoː⸣gu],ゾーグ,名
[⸢ʣoː⸣gu],ゾーグ,名
[⸢soːkutu],ソークトゥ,名
[⸢soːgutu],ソーグトゥ,名
[⸢ʣoː⸣saː ⸢naː⸣nu],ゾーサーナーヌ,連
[⸢ʣoːsaki],ゾーサキ,名
[⸢soːʤi],ソージ,名
[⸢soː⸣ʤi],ソージ,名
[⸢soː⸣ʤi],ソージ,名
[⸢soː⸣ʤi],ソージ,名
[⸢ʣoː⸣ʤi],ゾージ,名
[⸢soː⸣ʤikḁki],ソージカキ,名
[⸢soː⸣ʃi̥ki],ソーシキ,名
[⸢ʣoː⸣ʃi̥ki],ゾーシキ,名
[⸢ʣoːsiki⸣nu ⸢niŋ⸣gai],ゾーシキヌニンガイ,連
[⸢soːʃi̥ki⸣munu],ソーシキムヌ,名
[⸢soː⸣ʃi̥kijaː],ソーシキヤー,名
[⸢soː⸣ ʃi̥⸢ki⸣ruŋ],ソーシキルン,連
[⸢soːʃigutu],ソーシグトゥ,名
[⸢soː⸣ ʃi̥⸢tiruŋ],ソーシティルン,連
[⸢soː⸣ ʃi̥⸢tuŋ],ソーシトゥン,連
[⸢soːʤinu⸣ saŋ],ソージヌサン,連
[⸢soːʤinu⸣ puni],ソージヌプニ,連
[⸢ʣoː⸣ʤi ⸣çi̥taː],ゾージヒター,連
[⸢soː⸣ʤimaːru],ソージマール,名
[⸢soːʣu⸣ku],ソーズク,名
[⸢ʣoː⸣su̥ku],ゾースク,名
[⸢soː⸣ su̥kuŋ],ソースクン,連
[⸢soːsuŋ],ソースン,他動
[⸢soː suŋ],ソースン,連
[⸢soːtamaʃiː],ソータマシー,名
[⸢soː⸣daŋ],ソーダン,名
[⸢soːffa],ソーッふァ,名
[⸢ʣoːdi⸣ki],ゾーディキ,名
[⸢ʣoː⸣tidai],ゾーティダイ,名
[⸢soːtoː],ソートー,副
[⸢soːdoː],ソードー,名
[⸢ʣoː⸣tu],ゾートゥ,名
[⸢so⸣ː tu⸢buŋ],ソートゥブン,連
[⸢soːtoŋ],ソートン,名
[⸢soːtoŋ],ソートン,名
[⸢soːnaː],ソーナー,名
[⸢soː naː⸣nu],ソーナーヌ,連
[⸢soːnaːm⸣ muni],ソーナーンムニ,連
[⸢soːnaːm⸣munu],ソーナーンムヌ,名
[⸢soːni⸣ʧi],ソーニチ,名
[⸢soːniʧi],ソーニチ,名
[⸢soːnibi],ソーニビ,名
[⸢soːnijoi],ソーニヨイ,名
[⸢soːniŋgiŋ],ソーニンギン,名
[⸢soːnugi⸣munu],ソーヌギムヌ,名
[⸢soː⸣ nu⸢gi⸣ruŋ],ソーヌギルン,連
[⸢soː⸣ nuguŋ],ソーヌグン,連
[⸢soːnu naːm⸣ muni],ソーヌナーンムニ,連
[⸢ʣoː⸣nujaː],ゾーヌヤー,名
[⸢ʣoː⸣noː],ゾーノー,名
[⸢ʣoːnoː⸣mai],ゾーノーマイ,名
[⸢ʣoːnoː⸣munu],ゾーノームヌ,名
[⸢ʣoːpatara⸣ki],ゾーパタラキ,名
[⸢soːpanaʃi],ソーパナシ,名
[⸢soːpanaʃi],ソーパナシ,名
[⸢soːpantari],ソーパンタリ,名
[⸢soːpiː],ソーピー,名
[⸢soːɸui],ソーフイ,名
[⸢ʣoː⸣ ɸu̥⸢kaː⸣ŋ],ゾーフカーン,連
[⸢soː⸣ɸu̥ki],ソーフキ,名
[⸣ʣoːbukuru],ゾーブクル,名
[⸢soːpusu],ソープス,名
[⸢soːpu̥suŋ koːra⸣ʃi],ソープスンコーラシ,連
[⸢soːpusuŋkoːra⸣ʃi],ソープスンコーラシ,連
[⸢soːpurimunu],ソープリムヌ,名
[⸢soːɸun⸣to],ソーフント,名
[⸢soːɸuntoː],ソーフントー,名
[⸢soːɸun⸣toː],ソーフントー,名
[⸢ʣoː⸣bunni],ゾーブンニ,副
[⸢soː⸣beː],ソーベー,名
[⸢soː⸣maː],ソーマー,名
[⸢soː⸣mi],ソーミ,名
[⸢soːmiʧi],ソーミチ,名
[⸢soːmiʧi],ソーミチ,名
[⸢soː⸣miŋ],ソーミン,名
[⸢soː⸣minʧampuruː],ソーミンチャンプルー,名
[⸢soːmin⸣nu ⸢ʃiːmunu],ソーミンヌシームヌ,連
[⸢soː⸣mimbutturuː],ソーミンブットゥルー,名
[⸢ʣoːmuʧi],ゾームチ,名
[⸢soːmuni],ソームニ,名
[⸢soːmunu],ソームヌ,名
[⸢ʣoː⸣munu],ゾームヌ,名
[⸢soːjammai],ソーヤンマイ,名
[ー⸢soː⸣juː],ソーユ,名
[⸢ʣoːraki],ゾーラキ,名
[⸢ʣoːrasuŋ],ゾーラスン,他動
[⸢soː⸣raŋ],ソーラン,名
[⸢soː⸣raŋʔujapu̥su],ソーランウヤプス,名
[⸢soː⸣raŋʃi̥ki],ソーランシキ,名
[⸢soː⸣rampḁʃi],ソーランパシ,名
[⸢soː⸣rammakanai],ソーランマカナイ,名
[⸢soː⸣raŋjaːnu ⸣ʔappataː],ソーランヤーヌアッパター,連
[⸢ʣoːriʃi̥taɸu],ゾーリシタフ,名
[⸢ʣoːriruŋ],ゾーリルン,自動
[⸢ʣoːruʣoːru],ゾールゾール,副
[⸢ʣoːruʣoːru],ゾールゾール,副
[⸢ʣoːruʣoːru],ゾールゾール,副
[⸣ʣoːruʣoːruʣuːʃi],ゾールゾールズーシ,名
[⸢soːruŋ],ソールン,他動
[⸢soːruŋ],ソールン,他動
[⸢soː⸣ruŋ],ソールン,他動
[⸢ʣoːruŋ],ゾールン,自動
[⸢soːŋ],ソーン,接尾
[⸣ʣoːntaːjaː],ゾーンターヤー,名
[soː⸢ndu],ソーンドゥ,副
[⸢sok⸣koː],ソッコー,名
[⸢sok⸣koː],ソッコー,名
[⸢sokkoː⸣gutu],ソッコーグトゥ,名
[⸢sokkoː⸣pu̥su],ソッコープス,名
[⸢sokkoː⸣munu],ソッコームヌ,名
[⸢sokkoː⸣jaː],ソッコーヤー,名
[⸢ʣoffasuŋ],ゾッふァスン,他動
[⸢ʣoffiʃi̥taɸu],ゾッふィシタフ,名
[⸢ʣoffiruŋ],ゾッふィルン,自動
[⸢ʣoffuŋ],ゾッふン,自動
[⸢soɸukuŋ],ソフクン,他動
[ʣoɸu̥⸢ti],ゾフティ,副
[⸢soŋ⸣gaː],ソンガー,名
[⸢soŋgaː⸣suri],ソンガースリ,名
[⸣soŋgaʧi],ソンガチ,名
[⸣soŋgaʧiʔasabi],ソンガチアサビ,名
[⸣soŋgaʧiʔaʃiʦa],ソンガチアシツァ,名
[⸣soŋgaʧiʔoː],ソンガチオー,名
[⸣soŋgaʧikiŋ],ソンガチキン,名
[⸣songaʧi f⸢fajoːŋ],ソンガチッふァヨーン,連
[⸣songaʧi ⸣nintu],ソンガチニントゥ,連
[⸣soŋgaʧi pḁ⸢ʧiniŋgai],ソンガチパチニンガイ,連
[⸣soŋgaʧibarai],ソンガチバライ,名
[⸣soŋgaʧiɸurumai],ソンガチフルマイ,名
[⸣soŋkaneː],ソンカネー,名
[⸢ʣoŋ⸣gi],ゾンギ,名
[⸢ʣoŋ⸣gi],ゾンギ,名
[⸣soŋkoːʣaːteː],ソンコーザーテー,名
[⸢soŋjakuba],ソンヤクバ,名
[ta],タ,接尾
[ta],タ,助動
[⸣taː],ター,名
[⸢taː],ター,名
[⸢taː],ター,代
[⸣taː],ター,接尾
[⸣taː],ター,接尾
[⸢daː],ダー,助動
[⸢daː],ダー,助動
[⸢daː],ダー,助動
[⸢taː⸣ʔibi],ターイビ,名
[⸢taːʔibiʃiŋ⸣ka],ターイビシンカ,名
[⸢taː⸣ʔunai],ターウナイ,名
[⸢taː⸣ʔuŋ],ターウン,名
[⸢taːkai⸣ʃi],ターカイシ,名
[⸣taː ⸢kai⸣suŋ],ターカイスン,連
[⸢daː⸣ki],ダーキ,名
[⸢daːki⸣ʔiː],ダーキイー,名
[⸢daːki⸣muʧi],ダーキムチ,名
[⸢taː⸣ku],ターク,名
[⸢taː⸣kusai],タークサイ,名
[⸢taː⸣guni],ターグニ,名
[⸢taː⸣kunu ⸢miː],タークヌミー,連
[⸢taː⸣kubu],タークブ,名
[daː⸢ʃiːdaːʃiː],ダーシーダーシー,副
[daː⸢ʃiːdaːʃiː],ダーシーダーシー,副
[⸢taːʃigu⸣tu],ターシグトゥ,名
[⸢taːʃitagajaː],ターシタガヤー,感
[⸢taː⸣su̥ku],タースク,名
[⸢taːsu̥ku⸣ri],タースクリ,名
[⸢taːsu̥kuri⸣pu̥su],タースクリプス,名
[⸢taː⸣suŋ],タースン,他動
[⸢taː⸣suŋ],タースン,他動
[⸢taːtaː],ターター,代
[⸢da⸣ː⸢da⸣ː],ダーダー,感
[⸢taːtaːti naː⸣ŋ],ターターティナーン,連
[⸢taːtaba⸣ru],タータバル,名
[⸢taːtama⸣ ʤireː⸢tama],タータマジレータマ,連
[⸣daːʧi],ダーチ,副
[⸢daːʧi],ダーチ,接尾
[taː⸢ʧiː⸣taːʧiː],ターチーターチー,名
[daː⸢ʧidaːʧi],ダーチダーチ,名
[⸢taː⸣ʧuː],ターチュー,名
[⸢daːkkadaːkka],ダーッカダーッカ,副
[daːk⸢kati],ダーッカティ,副
[⸢daːs⸣saː ⸢naː⸣nu],ダーッサーナーヌ,連
[⸢daːs⸣saŋ],ダーッサン,形
[⸢daːs⸣saŋ],ダーッサン,接尾
[⸢daːffadaːffa],ダーッふァダーッふァ,副
[⸢taːti naːŋ],ターティナーン,連
[⸢taː⸣na],ターナ,副助
[⸢taː⸣na],ターナ,副助
[⸢taː⸣na],ターナ,副助
[⸢taːpata⸣ki],ターパタキ,名
[⸢taː⸣bi],タービ,名
[⸢taː⸣piru],ターピル,名
[⸢taː⸣buʣa],ターブザ,名
[⸢taː⸣ɸumi],ターフミ,名
[⸢daːburamiʧi],ダーブラミチ,名
[⸢daːburu],ダーブル,名
[⸢taːmaː⸣ru],ターマール,名
[⸢taːma⸣ʃi],ターマシ,名
[⸢taː⸣mina],ターミナ,名
[⸢taːmuː⸣ʤi],タームージ,名
[⸢taː⸣ja],ターヤ,連
[⸢taː⸣jaː],ターヤー,名
[⸢taː⸣ra],ターラ,名
[daː⸢raː],ダーラー,感
[⸢taːra⸣gu],ターラグ,名
[⸢taːra⸣gu],ターラグ,名
[⸢daːradaːra],ダーラダーラ,副
[daː⸢riː],ダーリー,感
[daːridaː⸢riː],ダーリダーリー,感
[⸢taːribana],ターリバナ,名
[⸢taːriruŋ],ターリルン,自動
[⸢daːrudaːru],ダールダール,副
[⸢taːruŋ],タールン,自動
[⸢taːruŋ],タールン,接尾
[taː⸢ŋgasa],ターンガサ,連
[⸢taːŋgu],ターング,名
[taː⸢ntaːŋ],ターンターン,連
[⸢daːntaːŋ⸣ʃi],ダーンターンシ,副
[daːn⸢ti],ダーンティ,副
[daːn⸢ti],ダーンティ,副
[taː⸢nnaː⸣ka],ターンナーカ,連・代
[⸣tai],タイ,名
[⸣tai],タイ,名
[⸢dai],ダイ,名
[⸣dai],ダイ,名
[⸣dai],ダイ,助数
[⸣dai],ダイ,名
[⸣dai],ダイ,助数
[⸢dai-],ダイ,接頭
[⸢daiʔiʧi],ダイイチ,名
[⸢daikaːru],ダイカール,名
[⸢daikaːru],ダイカール,名
[⸢tai⸣gai],タイガイ,名
[⸢tai⸣gai],タイガイ,名
[⸢tai⸣gai],タイガイ,名
[⸢tai⸣gai],タイガイ,名
[⸢dai⸣kaŋ],ダイカン,名
[⸢dai⸣gi],ダイギ,名
[⸢tai⸣ku],タイク,名
[⸢tai⸣ku ʔu⸢ti⸣pu̥su],タイクウティプス,連
[⸢dai⸣kuni],ダイクニ,名
[⸢daikuni⸣nu ⸢paː],ダイクニヌパー,連
[⸢dai⸣kunipaŋ],ダイクニパン,名
[⸢dai⸣kubiː],ダイクビー,名
[⸢tai⸣geː],タイゲー,名
[⸢dai⸣keː],ダイケー,名
[⸢tai⸣koː],タイコー,名
[tai⸢koː⸣ma],タイコーマ,名
[tai⸢koː⸣ma],タイコーマ,名
[⸢tai⸣ʃi],タイシ,名
[⸢tai⸣ʃi̥ʧi],タイシチ,名
[⸣tai ⸢suŋ],タイスン,連
[⸢tai⸣soː],タイソー,名
[⸢dai⸣tai],ダイタイ,名・副
[⸣daidai],ダイダイ,名
[⸢daidaka⸣munu],ダイダカムヌ,名
[⸢dai⸣dati],ダイダティ,名
[⸢dai⸣dama],ダイダマ,名
[⸢tai⸣tiː],タイティー,名
[⸢taitoː],タイトー,名
[⸢tai⸣nu ⸣piː],タイヌピー,連
[⸢dai⸣paː],ダイパー,名
[⸢daipaː⸣ʃiri],ダイパーシリ,名
[⸢tai⸣paŋ],タイパン,名
[⸢dai⸣baŋ],ダイバン,名
[⸢taipan⸣saː],タイパンサー,名
[⸢taipan⸣ʣuni],タイパンズニ,名
[⸢taipampu̥su⸣teː],タイパンプステー,名
[⸣dai bi⸢suŋ],ダイビスン,連
[⸢taibjoː],タイビョー,名
[dai⸢bu],ダイブ,副
[⸢tai⸣ɸuː],タイフー,名
[⸢taiɸuː⸣nu ⸣tuʃi],タイフーヌトゥシ,連
[⸢dai⸣maː],ダイマー,名
[⸢dai⸣maːdaki],ダイマーダキ,名
[⸢daijaʃi⸣munu],ダイヤシムヌ,名
[⸢dai jas⸣saŋ],ダイヤッサン,連
[⸢tairaː⸣ʔiː],タイラーイー,名
[⸢tairagi⸣ruŋ],タイラギルン,他動
[⸢taira⸣guŋ],タイラグン,他動
[⸢taiwaŋkuba⸣gasa],タイワンクバガサ,名
[⸢taiwan⸣ʣuni],タイワンズニ,名
[⸢taiwam⸣basa],タイワンバサ,名
[⸢taiwam⸣boː],タイワンボー,名
[⸢taiwamboː⸣ʤi],タイワンボージ,名
[⸢tau],タウ,名
[⸢tauʤiː],タウジー,名
[⸢taumasuŋ],タウマスン,他動
[⸢taumi],タウミ,名
[⸢taumiruŋ],タウミルン,他動
[⸢taumuŋ],タウムン,自動
[tḁ⸢ka],タカ,名
[tḁ⸢ka],タカ,名
[tḁ⸢kaː⸣ ʃi⸢murari buː],タカーシムラリブー,連
[tḁ⸢kaːtakaː⸣ʃi],タカータカーシ,副
[tḁ⸢kaːtakaːnu⸣ jama],タカータカーヌヤマ,連
[tḁ⸢kaːni],タカーニ,副
[da⸢kaːruŋ],ダカールン,自動
[da⸢kaːruŋ],ダカールン,自動
[ta⸢kaː⸣ŋ],タカーン,形
[tḁ⸢kaʔaʃi̥⸣ʦa],タカアシツァ,名
[⸣tḁkaʔaŋ],タカアン,名
[tḁ⸢kaʔaŋ⸣gari],タカアンガリ,名
[ta⸢gai⸣ruŋ],タガイルン,他動
[tḁ⸢kaʔuː⸣ru],タカウール,名
[tḁ⸢kakaː⸣ʃi],タカカーシ,名
[tḁ⸢ka⸣kai],タカカイ,名
[tḁ⸢ka⸣sapi̥kusa],タカサピクサ,名
[tḁ⸢ka⸣ʤiŋ],タカジン,名
[tḁ⸢ka⸣suku],タカスク,名
[⸣tḁkasoŋkaː],タカソンカー,名
[ta⸢kadai],タカダイ,名
[tḁ⸢ka⸣dai],タカダイ,名
[tḁ⸢ka⸣dai],タカダイ,名
[tḁ⸢kat⸣ʦa],タカッツァ,名
[tḁ⸢kat⸣ʦamiʧi],タカッツァミチ,名
[ta⸢ka⸣di],タカディ,名
[ta⸢ka⸣di ⸢tau],タカディタウ,連
[tḁ⸢ka⸣dima],タカディマ,名
[tḁ⸢ka⸣dima tu⸢ri⸣pu̥su],タカディマトゥリプス,連
[tḁ⸢ka⸣toː],タカトー,名
[tḁ⸢kadoːri],タカドーリ,名
[tḁ⸢ka⸣na],タカナ,名
[tḁ⸢kanaki],タカナキ,名
[tḁ⸢ka⸣nabuʃi],タカナブシ,名
[ta⸢ga⸣ni],タガニ,名
[tḁ⸢ka⸣niʧi],タカニチ,名
[tḁ⸢kanuʣumi],タカヌズミ,名
[tḁ⸢kabaː⸣niːbaru],タカバーニーバル,名
[tḁ⸢ka⸣pai],タカパイ,名
[tḁ⸢ka⸣basa],タカバサ,名
[tḁ⸢kapaʃi⸣ru],タカパシル,名
[tḁ⸢ka⸣bata],タカバタ,名
[tḁ⸢kaba⸣ta],タカバタ,名
[tḁ⸢ka⸣pana],タカパナ,名
[tḁ⸢ka⸣barai],タカバライ,名
[tḁ⸢kabara⸣bi],タカバラビ,名
[tḁ⸢ka⸣bi],タカビ,名
[tḁ⸢ka⸣biː],タカビー,固
[tḁ⸢kabiː⸣nu ⸢ʔintanu⸣ suni],タカビーヌインタヌスニ,連
[tḁ⸢kabiː⸣nu ⸢ʔintanu⸣ suni],タカビーヌインタヌスニ,連
[tḁ⸢kabiː⸣nu ʔu⸢bu⸣ʔiʃi],タカビーヌウブイシ,連
[tḁ⸢kabi⸣nu ʔu⸢bu⸣ʔiʃi],タカビヌウブイシ,連
[tḁ⸢kabi⸣nu ɸu̥ʧi],タカビヌフチ,連
[tḁ⸢kabiŋ⸣ɸu̥ʧi],タカビンフチ,名
[tḁ⸢ka⸣pu̥su],タカプス,名
[tḁ⸢ka⸣pu̥su],タカプス,名
[ta⸢ka⸣ɸuda],タカフダ,名
[tḁ⸢ka⸣ɸu̥tai],タカフタイ,名
[t⸢kḁ⸣buruŋ],タカブルン,自動
[tḁ⸢kamaf⸣fa],タカマッふァ,名
[tḁ⸢ka⸣madu],タカマドゥ,名
[tḁ⸢ka⸣maruŋ],タカマルン,自動
[tḁ⸢kami⸣ruŋ],タカミルン,他動
[tḁ⸢ka⸣munu],タカムヌ,名
[tḁ⸢ka⸣muŋ],タカムン,他動
[tḁ⸢ka⸣jaː],タカヤー,名
[tḁ⸢ka⸣jama],タカヤマ,名
[tḁ⸢ka⸣ra],タカラ,名
[tḁ⸢kara⸣munu],タカラムヌ,名
[⸣tḁki],タキ,名
[⸣tḁki],タキ,名
[tḁ⸢ki],タキ,名
[⸣daki],ダキ,接尾
[⸣daki],ダキ,副助
[⸣daki],ダキ,副助
[⸣daki],ダキ,副助
[⸣daki],ダキ,副助
[⸣daki],ダキ,副助
[⸣daki],ダキ,副助
[⸣daki],ダキ,副助
[tḁ⸢kiʔaiku],タキアイク,名
[da⸢kiukoː⸣suŋ],ダキウコースン,他動
[t⸢kiubi],タキウビ,名
[tḁ⸢kikau],タキカウ,名
[da⸢kikakairuŋ],ダキカカイルン,他動
[da⸢kikakauŋ],ダキカカウン,他動
[tḁ⸢kigusaŋ],タキグサン,名
[tḁ⸢kiguʃi],タキグシ,名
[tḁ⸢kikura⸣bi],タキクラビ,名
[tḁ⸢kisau],タキサウ,名
[tḁ⸢kiʃidaru],タキシダル,名
[tḁ⸢kiʃibuku],タキシブク,名
[da⸢kiʃimiruŋ],ダキシミルン,他動
[da⸢kiʃimuŋ],ダキシムン,他動
[⸣tḁkidakaː],タキダカー,名
[tḁ⸢kitibuku],タキティブク,名
[tḁ⸢ki⸣duŋ],タキドゥン,固
[tḁ⸢ki⸣dumpu̥su],タキドゥンプス,名
[tḁ⸢ki⸣dummuni],タキドゥンムニ,名
[tḁ⸢ki⸣namunu],タキナムヌ,連
[tḁ⸢kinu⸣kaː],タキヌカー,名
[tḁ⸢kinu⸣kaː-kubagasa],タキヌカー・クバガサ,名
[tḁ⸢kinu⸣ffa],タキヌッふァ,名
[tḁ⸢kinu⸣ buʃi],タキヌブシ,連
[tḁ⸢kibaːki],タキバーキ,名
[tḁ⸢kipaʃi],タキパシ,名
[tḁ⸢kibuːʧi],タキブーチ,名
[tḁ⸢kiɸuda],タキフダ,名
[tḁ⸢kiɸudaru],タキフダル,名
[tḁ⸢kiɸudi],タキフディ,名
[tḁ⸢ki⸣ɸudu],タキフドゥ,名
[tḁ⸢ki⸣ɸudu],タキフドゥ,名
[tḁ⸢kiɸuŋ],タキフン,名
[tḁ⸢kiɸunʦa],タキフンツァ,名
[tḁ⸢kipoːki],タキポーキ,名
[tḁ⸢kimami],タキマミ,名
[tḁ⸢kijaʃi̥ki],タキヤシキ,名
[tḁ⸢kijama],タキヤマ,名
[tḁ⸢kijari],タキヤリ,名
[tḁ⸢kijuʧiru],タキユチル,名
[tḁ⸢kijoːʤi],タキヨージ,名
[ta⸢kijoːʧi],タキヨーチ,名
[tḁ⸢kiri⸣gui],タキリグイ,名
[tḁ⸢ki⸣ruŋ],タキルン,自動
[tḁ⸢ki⸣ruŋ],タキルン,自動
[tḁ⸢kiʔmː⸣ma],タキンーマ,名
[⸣tḁku],タク,名
[taa⸢ku⸣ʔaŋ],タクアン,名
[tḁ⸢ku⸣turi],タクトゥリ,名
[⸣tḁku ⸣naruŋ],タクナルン,連
[t⸢ku⸣nu ⸣ʔana],タクヌアナ,連
[tḁ⸢ku⸣nu ʔi⸢ruŋgaː⸣ri],タクヌイルンガーリ,連
[tḁ⸢ku⸣nu su⸢bu⸣ru],タクヌスブル,連
[tḁ⸢ku⸣nu su⸢bu⸣ru],タクヌスブル,連
[tḁ⸢ku⸣nutiː],タクヌティー,連
[tḁ⸢ku⸣nu ɸu⸢ru],タクヌフル,連
[tḁ⸢ku⸣nu ⸣jaː],タクヌヤー,連
[tḁ⸢ku⸣nu ⸣jaː],タクヌヤー,連
[tḁ⸢ku⸣ma],タクマ,名
[tḁ⸢ku⸣muŋ],タクムン,他動
[tḁ⸢ku⸣muŋ],タクムン,他動
[tḁ⸢ku⸣muŋ],タクムン,他動
[tḁ⸢kurai],タクライ,名
[ta⸢gu⸣raʣaŋ],タグラザン,名
[tḁ⸢kura⸣muŋ],タクラムン,他動
[tḁ⸢kuŋ],タクン,他動
[tḁ⸢kuŋ],タクン,他動
[da⸢kuŋ],ダクン,他動
[⸣-dakeː],ダケー,接尾
[⸣tḁkeː ʃ⸢ʃi],タケーッシ,連
[tḁ⸢keːra],タケーラ,名
[ta⸢goː⸣muŋ],タゴームン,自動
[tḁ⸢koː⸣ra],タコーラ,名
[tḁ⸢ʃi],タシ,名
[⸣daʃi],ダシ,名
[⸣daʃi],ダシ,名
[⸢tasi̥ka⸣riŋ],タシゥカリン,自動
[⸢tasi̥ka⸣ruŋ],タシゥカルン,自動
[⸢tasi̥karuŋ],タシゥカルン,自動
[taʃi̥⸢ka],タシカ,形動
[taʃi̥⸢ka],タシカ,副
[⸢taʃi̥kami⸣ruŋ],タシカミルン,他動
[⸢taʃi̥ka⸣muŋ],タシカムン,他動
[⸢taʃi̥⸣ki],タシキ,名
[⸢taʃi̥ki⸣ruŋ],タシキルン,他動
[⸢taʃi̥kiruŋ],タシキルン,他動
[ta⸢ʤinai⸣ruŋ],タジナイルン,他動
[ta⸢ʤi⸣nauŋ],タジナウン,他動
[ta⸢ʤi⸣nauŋ],タジナウン,他動
[tḁ⸢ʃima],タシマ,名
[⸢tasu̥⸣kuŋ],タスクン,他動
[⸢tasu̥kuŋ],タスクン,他動
[ta⸢da],タダ,名
[ta⸢daːji],タダーイ,副
[ta⸢ta⸣kaː],タタカー,名
[tḁ⸢takaː⸣suŋ],タタカースン,他動
[tḁ⸢ta⸣kai],タタカイ,名
[tḁ⸢ta⸣kauŋ],タタカウン,自動
[tḁ⸢ta⸣kauŋ],タタカウン,自動
[tḁ⸢ta⸣kauŋ],タタカウン,自動
[tḁ⸢taki⸣baruŋ],タタキバルン,他動
[ta⸢dagutu],タダグトゥ,名
[tḁ⸢ta⸣suŋ],タタスン,他動
[ta⸢da⸣suŋ],タダスン,他動
[tḁ⸢tak⸣kisuŋ],タタッキスン,他動
[tḁ⸢takkuba⸣suŋ],タタックバスン,他動
[tḁ⸢tak⸣kumuŋ],タタックムン,他動
[tḁ⸢takkurasa⸣riŋ],タタックラサリン,他動
[tḁ⸢takkura⸣suŋ],タタックラスン,他動
[tḁ⸢tak⸣kuŋ],タタックン,他動
[tḁ⸢tak⸣kuŋ],タタックン,他動
[tḁ⸢takkeː⸣ruŋ],タタッケールン,他動
[tḁ⸢takkoː⸣suŋ],タタッコースン,他動
[tḁ⸢tami],タタミ,名
[tḁ⸢tamiʔumuti],タタミウムティ,名
[tḁ⸢tamiʔumu⸣ti],タタミウムティ,名
[tḁ⸢tamiʃi̥kiparu],タタミシキパル,名
[tḁ⸢tamissuru],タタミッスル,名
[tḁ⸢taminu⸣ piru],タタミヌピル,連
[tḁ⸢tamijaː],タタミヤー,名
[tḁ⸢ta⸣muŋ],タタムン,他動
[tḁ⸢ta⸣ra],タタラ,名
[tḁ⸢taraː⸣saŋ],タタラーサン,形
[ta⸢ta⸣ri],タタリ,名
[tḁ⸢tari⸣munu],タタリムヌ,名
[ta⸢dariruŋ],タダリルン,自動
[tḁ⸢ta⸣ruŋ],タタルン,自動
[ta⸢daruŋ],タダルン,自動
[ta⸢ʧi],タチ,名
[tḁ⸢ʧi],タチ,名
[tḁ⸢ʧi⸣ʔai],タチアイ,名
[tḁ⸢ʧi⸣ʔui],タチウイ,名
[tḁ⸢ʧiʔuʤi],タチウジ,名
[tḁ⸢ʧiʔutuʃi],タチウトゥシ,名
[tḁ⸢ʧikaː⸣ri ʔi⸢rikaːri],タチカーリイリカーリ,連
[tḁ⸢ʧiʣaː⸣ku],タチザーク,名
[tḁ⸢ʧiʣa⸣ku],タチザク,名
[tḁ⸢ʧiʃigu⸣tu],タチシグトゥ,名
[tḁ⸢ʧi⸣taru bi⸢rittaru],タチタルビリッタル,連
[tḁ⸢ʧikkaː⸣ri ʔi⸢rikkaːri],タチッカーリイリッカーリ,連
[tḁ⸢ʧissaː⸣ku],タチッサーク,名
[tḁ⸢ʧidi],タチディ,名
[tḁ⸢ʧidimari],タチディマリ,名
[tḁ⸢ʧiduʃi],タチドゥシ,名
[tḁ⸢ʧiniː],タチニー,名
[tḁ⸢ʧinu paː],タチヌパー,連
[tḁ⸢ʧinoː⸣ruŋ],タチノールン,自動
[tḁ⸢ʧi⸣ba],タチバ,名
[tḁ⸢ʧipana⸣ʃi],タチパナシ,名
[tḁ⸢ʧi⸣baru],タチバル,名
[tḁ⸢ʧi⸣barupama],タチバルパマ,名
[tḁ⸢ʧimaː⸣ri ⸢tummaːri],タチマーリトゥンマーリ,連
[⸣taʧimuduru],タチムドゥル,名
[tḁ⸢ʧi⸣waʣa],タチワザ,名
[tḁ⸢ʧiŋguri⸣saŋ],タチングリサン,形
[dak⸢kati],ダッカテイ,副
[dak⸢ka⸣ti],ダッカティ,副
[dak⸢ka⸣ti],ダッカティ,副
[dak⸢kati],ダッカティ,副
[tḁ⸢ʦu⸣kawa],タツカワ,名
[⸢takkui],タックイ,名
[⸢dakkwaː⸣suŋ],ダックヮースン,他動
[⸢dakkwaː⸣ruŋ],ダックヮールン,自動
[⸢dakkwaː⸣ruŋ],ダックヮールン,自動
[⸢takkwaimuk⸣kwai],タックヮイムックヮイ,副
[⸢taʃʃi],タッシ,名
[⸢tattaː],タッター,代
[tat⸢taŋ],タッタン,副
[⸢tat⸣ʧuː],タッチュー,名
[⸢tat⸣teː],タッテー,連
[⸢tat⸣teː ⸢kat⸣teː],タッテーカッテー,連
[dat⸢ti],ダッティ,副
[⸢tattubikat⸣tubi],タットゥビカットゥビ,副
[⸢tat⸣tubuŋ],タットゥブン,他動
[⸢daffaː⸣suŋ],ダッふァースン,他動
[⸢daffadaffa],ダッふァダッふァ,副
[⸢daffadaffa],ダッふァダッふァ,副
[daf⸢fati],ダッふァティ,副
[daf⸢fati],ダッふァティ,副
[⸣tḁʦuŋ],タツン,他動
[ta⸢deː⸣ma],タデーマ,副
[ta⸢deːmanʧiŋ],タデーマンチン,副
[⸣tḁti],タティ,名
[tḁ⸢ti⸣ʔaja],タティアヤ,名
[tḁ⸢tikai⸣ruŋ],タティカイルン,他動
[tḁ⸢ti⸣kauŋ],タティカウン,他動
[da⸢di⸣kudaki],ダディクダキ,名
[da⸢di⸣kujama],ダディクヤマ,名
[tḁ⸢tiʣaː⸣ku],タティザーク,名
[tḁ⸢tiʃigu⸣tu],タティシグトゥ,名
[tḁ⸢ti⸣ʃiʤi],タティシジ,名
[tḁ⸢ti⸣ʣuku],タティズク,名
[tḁ⸢tituː⸣suŋ],タティトゥースン,自動
[tḁ⸢tiduma⸣ruŋ],タティドゥマルン,自動
[tḁ⸢ti⸣naː],タティナー,名
[tḁ⸢ti⸣narai],タティナライ,名
[tḁ⸢tinu⸣kuŋ],タティヌクン,自動
[tḁ⸢tinoː⸣ruŋ],タティノールン,自動
[⸣tatiparuŋ],タティパルン,自動
[⸣tḁtibiri],タティビリ,名
[tḁ⸢tibuga⸣ri],タティブガリ,名
[tḁ⸢ti⸣ɸuda],タティフダ,名
[tḁ⸢ti⸣ɸu̥ʧi],タティフチ,名
[tḁ⸢ti⸣buni],タティブニ,名
[tḁ⸢timaː⸣ri ⸢tummaːri],タティマーリトゥンマーリ,連
[tḁ⸢ti⸣munu],タティムヌ,名
[⸣tḁtijuku],タティユク,名
[ta⸢dijoːʣoː],タディヨーゾー,名
[tḁ⸢ti⸣ruŋ],タティルン,他動
[ta⸢diruŋ],タディルン,他動
[ta⸢diruŋ],タディルン,他動
[ta⸢tiŋguri⸣saŋ],タティングリサン,形
[⸣tḁtim ⸣biriŋ ⸢ʃiː⸣ bu⸢raranu],タティンビリンシーブララヌ,連
[⸣tḁtim ⸣birin na⸢ra⸣nu],タティンビリンナラヌ,連
[⸣tḁtuːŋ],タトゥーン,他動
[⸣tḁtui],タトゥイ,名
[tḁ⸢tui],タトゥイ,副
[tḁ⸢tuibana⸣ʃi],タトゥイバナシ,名
[tḁ⸢tui⸣rukaː],タトゥイルカー,連
[tḁ⸢tui⸣ruŋ],タトゥイルン,他動
[ta⸢duri⸣su̥kuŋ],タドゥリスクン,自動
[ta⸢du⸣ruŋ],タドゥルン,他動
[ta⸢du⸣ruŋ],タドゥルン,他動
[⸣tḁtuŋ],タトゥン,自動
[⸣tḁtuŋ],タトゥン,自動
[⸣tḁtuŋ],タトゥン,自動
[⸣tḁtuŋ],タトゥン,自動
[⸣tḁtuŋ],タトゥン,自動
[ta⸢duŋ],タドゥン,他動
[ta⸢duŋ],タドゥン,他動
[ta⸢na],タナ,名
[ta⸢na],タナ,名
[ta⸢na],タナ,名
[ta⸢naʃi],タナシ,名
[ta⸢na⸣duru],タナドゥル,名
[ta⸢na⸣durusoːʤi],タナドゥルソージ,名
[ta⸢nabata],タナバタ,名
[ta⸢na⸣mi],タナミ,名
[ta⸢nami⸣pu̥su],タナミプス,名
[ta⸢na⸣muŋ],タナムン,他動
[⸣tani],タニ,名
[⸣tani],タニ,名
[⸣tani],タニ,名
[ta⸢ni⸣ʔuʃi],タニウシ,名
[ta⸢niʔura⸣ʃi],タニウラシ,名
[ta⸢ni⸣oː],タニオー,名
[⸣tani ⸣ki̥suŋ],タニキスン,連
[⸣tani ʃi̥⸢ki⸣ruŋ],タニシキルン,連
[⸣tani ⸣turuŋ],タニトゥルン,連
[ta⸢ni⸣nu ⸣sau],タニヌサウ,連
[ta⸢ni⸣nu ɸu⸢ru],タニヌフル,連
[⸣tani pḁ⸢takkarijarabi],タニパタッカリヤラビ,連
[⸣tani ⸢paŋ⸣kuruŋ],タニパンクルン,連
[ta⸢nipibi⸣ʣa],タニピビザ,名
[⸣tanibuttaː],タニブッター,名
[⸣tanimai],タニマイ,名
[ta⸢ni⸣maki],タニマキ,名
[ta⸢ni⸣munu],タニムヌ,名
[ta⸢ni⸣mumi],タニムミ,名
[ta⸢ni⸣juː],タニユー,名
[ta⸢niŋ],タニン,名
[ta⸢niŋgaː⸣ri],タニンガーリ,名
[ta⸢niŋgaːri⸣munu],タニンガーリムヌ,名
[ta⸢niŋgaː⸣ruŋ],タニンガールン,自動
[ta⸢niʔm⸣ma],タニンマ,名
[ta⸢nu⸣ʃimi],タヌシミ,名
[ta⸢nu⸣ʃimuŋ],タヌシムン,自動
[ta⸢numas⸣saŋ],タヌマッサン,形
[ta⸢nu⸣muŋ],タヌムン,他動
[⸣tanunʣa],タヌンザ,代
[da⸢neː⸣mamai],ダネーママイ,名
[ta⸢noː⸣ru],タノール,名
[ta⸢noːru⸣nu ⸣ʔaŋ],タノールヌアン,連
[⸣taba],タバ,名
[⸣taba],タバ,助数
[ta⸢ba⸣ku],タバク,名
[ta⸢baku⸣ʔiri],タバクイリ,名
[ta⸢baku⸣dai],タバクダイ,名
[ta⸢ba⸣kuɸu̥ki],タバクフキ,名
[ta⸢ba⸣ku ⸣ɸu̥kuŋ],タバクフクン,連
[ta⸢baku⸣buŋ],タバクブン,名
[ta⸢ba⸣ru],タバル,助数
[ta⸢ba⸣ru],タバル,名
[ta⸢ba⸣ru ⸢suŋ],タバルスン,連
[ta⸢ba⸣ruŋ],タバルン,他動
[ta⸢bi],タビ,名
[da⸢bi],タビ,名
[ta⸢biʃi̥ta⸣ɸu],タビシタフ,名
[ta⸢bida⸣ʧi],タビダチ,名
[ta⸢bi⸣nigai],タビニガイ,名
[ta⸢binu⸣ʔugaŋ],タビヌウガン,名
[ta⸢bimaː⸣ru],タビマール,名
[ta⸢bimaː⸣ru],タビマール,名
[ta⸢bu],タブ,名
[ta⸢bu],タブ,名
[ta⸢buːŋ],タブーン,他動
[ta⸢bui],タブイ,名
[ta⸢buiruŋ],タブイルン,他動
[⸣daɸudaɸu],ダフダフ,副
[daɸut⸢ti],ダフッティ,副
[daɸut⸢ti],ダフッティ,副
[dabut⸢ti],ダブッティ,副
[da⸢bu⸣ra],ダブラ,名
[ta⸢bu⸣ru],タブル,名
[ta⸢bu⸣ru],タブル,助数
[ta⸢bu⸣ru ⸢suŋ],タブルスン,連
[ta⸢boː⸣ra naː⸢ra],タボーラナーラ,連
[ta⸢boːrari⸣munu],タボーラリムヌ,名
[ta⸢boːra⸣riŋ],タボーラリン,他動
[ta⸢boː⸣ruŋ],タボールン,他動
[ta⸢boː⸣ruŋ],タボールン,補動
[da⸢boŋgasuŋ],ダボンガスン,他動
[dabon⸢ti],ダボンティ,副
[⸣tama],タマ,名
[⸣tama],タマ,名
[⸣tama],タマ,名
[ta⸢ma],タマ,名
[ta⸢maːtama],タマータマ,副
[ta⸢maːni],タマーニ,副
[ta⸢maːni],タマーニ,固
[ta⸢maʔuː⸣ki],タマウーキ,名
[ta⸢ma⸣gai],タマガイ,名
[ta⸢magara⸣su],タマガラス,名
[ta⸢ma⸣kubiŋ],タマクビン,名
[ta⸢masaka],タマサカ,副
[ta⸢maʃi],タマシ,名
[ta⸢ma⸣ʃi],タマシ,名
[ta⸢ma⸣ʃi],タマシ,名
[ta⸢ma⸣ʃi ʔi⸢riruŋ],タマシイリルン,連
[ta⸢ma⸣ʃi ʔi⸢ruŋ],タマシイルン,連
[ta⸢ma⸣ʃi ʔu⸢ta⸣suŋ],タマシウタスン,連
[ta⸢maʃida⸣ri],タマシダリ,名
[ta⸢ma⸣ʃi ⸢naːm⸣munu],タマシナーンムヌ,連
[ta⸢ma⸣ʃi nu⸢ga⸣suŋ],タマシヌガスン,連
[ta⸢ma⸣ʃi nu⸢gi⸣ruŋ],タマシヌギルン,連
[ta⸢ma⸣ʃi ⸣nuguŋ],タマシヌグン,連
[ta⸢ma⸣ʃi pu̥⸢sauŋ],タマシプサウン,連
[da⸢masuŋ],ダマスン,他動
[ta⸢matama],タマタマ,副
[ta⸢matama],タマタマ,副
[ta⸢maduː⸣ru],タマドゥール,名
[ta⸢ma⸣naː],タマナー,名
[ta⸢ma⸣nu kḁ⸢ki],タマヌカキ,連
[da⸢mari⸣kumuŋ],ダマリクムン,自動
[ta⸢marimiʤi],タマリミジ,名
[da⸢mari⸣munu],ダマリムヌ,名
[ta⸢maruŋ],タマルン,自動
[ta⸢ma⸣ruŋ],タマルン,自動
[da⸢ma⸣ruŋ],ダマルン,自動
[ta⸢maŋ],タマン,名
[da⸢maŋgaruŋ],ダマンガルン,自動
[ta⸢mi],タミ,名
[ta⸢mi],タミ,名
[ta⸢mi],タミ,名
[ta⸢mi⸣ʃi],タミシ,名
[ta⸢mi⸣ʃi],タミシ,名
[ta⸢mi⸣suŋ],タミスン,他動
[ta⸢miruŋ],タミルン,他動
[ta⸢mi⸣ruŋ],タミルン,他動
[ta⸢mu⸣ti],タムティ,名
[ta⸢mu⸣tu],タムトゥ,名
[ta⸢mu⸣tuŋ],タムトゥン,他動
[ta⸢mu⸣tuŋ],タムトゥン,他動
[ta⸢mu⸣nu],タムヌ,名
[⸣ta ⸣munu],タムヌ,連
[ta⸢mu⸣nu ʔi⸢buŋ],タムヌイブン,連
[ta⸢mu⸣nu ⸢kaːʃipu̥su],タムヌカーシプス,連
[ta⸢mu⸣nu ⸣ki̥suŋ],タムヌキスン,連
[ta⸢mu⸣nudana],タムヌダナ,名
[ta⸢mu⸣nu ⸣bakuŋ],タムヌバクン,連
[ta⸢mu⸣nubari],タムヌバリ,名
[ta⸢mu⸣nubaribuːnu],タムヌバリブーヌ,名
[ta⸢mura],タムラ,名
[ta⸢muŋ],タムン,他動
[⸣tamuŋ],タムン,他動
[ta⸢ja],タヤ,名
[⸣dajaː],ダヤー,名
[⸢dajaːppiː],ダヤーッピー,名
[ta⸢jaʃigutu],タヤシグトゥ,名
[ta⸢jassaːku],タヤッサーク,名
[ta⸢jas⸣saŋ],タヤッサン,形
[ta⸢jam⸣buːn ⸢naː⸣nu],タヤンブーンナーヌ,連
[ta⸢ju⸣ri],タユリ,名
[ta⸢ju⸣ru],タユル,名
[ta⸢ju⸣ru],タユル,名
[ta⸢ju⸣ru],タユル,名
[ta⸢ju⸣rupi̥ki],タユルピキ,名
[ta⸢ju⸣ruŋ],タユルン,他動
[⸣dara],ダラ,終助
[⸣daraː],ダラー,名
[ta⸢raːʃijuːsuŋ],タラーシユースン,他動
[ta⸢raːsuŋ],タラースン,他動
[da⸢raː⸣ŋ],ダラーン,形
[⸣tarai],タライ,名
[ta⸢rauŋ],タラウン,自動
[ta⸢rauŋ],タラウン,自動
[ta⸢rakuʤi],タラクジ,名
[da⸢raʃi̥⸣ki bi⸢ruŋ],ダラシキビルン,連
[da⸢raʃi̥ki⸣ruŋ],ダラシキルン,自動
[ta⸢raʃi⸣pana],タラシパナ,名
[da⸢rasu̥⸣kuŋ],ダラスクン,自動
[da⸢rasu̥⸣kuŋ],ダラスクン,他動
[ta⸢ra⸣suŋ],タラスン,他動
[ta⸢ra⸣suŋ],タラスン,他動
[da⸢ra⸣suŋ],ダラスン,他動
[da⸢ra⸣suŋ],ダラスン,他動
[da⸢radara],ダラダラ,副
[⸣daradara],ダラダラ,副
[da⸢radara],ダラダラ,副
[da⸢radara],ダラダラ,副
[da⸢rakkadarakka],ダラッカダラッカ,副
[darat⸢ti],ダラッティ,副
[da⸢riː],ダリー,感
[da⸢rissaː⸣ruŋ],ダリッサールン,自動
[da⸢rissari⸣munu],ダリッサリムヌ,名
[ta⸢ri⸣maju],タリマユ,名
[ta⸢ri⸣miː],タリミー,名
[da⸢ri⸣miː],ダリミー,名
[da⸢ri⸣munu],ダリムヌ,名
[da⸢ri⸣jaŋ],ダリヤン,名
[ta⸢ri⸣ruŋ],タリルン,自動
[ta⸢ri⸣ruŋ],タリルン,自動
[ta⸢ri⸣ruŋ],タリルン,自動
[da⸢ri⸣ruŋ],ダリルン,自動
[⸣taru],タル,名
[⸣taru],タル,名
[ta⸢ru],タル,代
[⸣daru],ダル,名
[⸣daru],ダル,名
[⸣taruʔuːki],タルウーキ,名
[ta⸢ru⸣gaː],タルガー,名
[ta⸢rugaki],タルガキ,名
[ta⸢rugakiruŋ],タルガキルン,他動
[ta⸢rugakuŋ],タルガクン,他動
[ta⸢ru⸣ki],タルキ,名
[ta⸢ru⸣ ʤiriːtteː ⸢naː⸣nu],タルジリーティナーヌ,連
[ta⸢rutaru],タルタル,代
[da⸢ru⸣ma],ダルマ,名
[da⸢ru⸣ma],ダルマ,名
[da⸢ru⸣maː],ダルマー,名
[⸣taruŋ],タルン,他動
[⸣taruŋ],タルン,他動
[⸣taruŋ],タルン,他動
[⸣taruŋ],タルン,自動
[⸣taruŋ],タルン,自動
[⸣taruŋ],タルン,自動
[⸣daruŋ],ダルン,自動
[⸣daruŋ],ダルン,自動
[ta⸢run⸣ ʤiriŋ],タルンジリン,連
[da⸢reː⸣ma],ダレーマ,名
[⸣taŋ],タン,助動
[⸣taŋ],タン,助動
[⸣taŋ],タン,助動
[⸣taŋ],タン,助動
[⸣taŋ],タン,名
[⸢taŋ],タン,名
[⸣taŋ],タン,助数
[⸣taŋ],タン,助数
[⸣taŋ],タン,助数
[⸣dan],ダン,名
[⸣dan],ダン,名
[⸣dan],ダン,名
[⸢taŋga],タンガ,名
[⸢taŋga],タンガ,副助
[⸢taŋkaː],タンカー,名
[⸢taŋkaː],タンカー,名
[⸢taŋkaː],タンカー,名
[⸢taŋ⸣kaː],タンカー,名
[⸢daŋkaː],ダンカー,名
[⸢daŋkaː suŋ],ダンカースン,連
[⸢taŋkaːbai],タンカーバイ,名
[⸢taŋkaːbaki],タンカーバキ,名
[⸢taŋkaːbiri],タンカービリ,名
[⸢taŋkaːmaʣaːʃi],タンカーマザーシ,名
[⸢taŋkaːmaʧi],タンカーマチ,名
[⸢taŋkaːmaŋ⸣kaː],タンカーマンカー,副
[⸢taŋkaːjoi],タンカーヨイ,名
[⸢taŋga⸣ʔuja],タンガウヤ,名
[⸢taŋgakura⸣ʃi],タンガクラシ,名
[⸢daŋga⸣sa],ダンガサ,名
[⸢taŋga⸣ʃi],タンガシ,連
[⸢taŋga⸣ʃi],タンガシ,連
[⸢taŋga⸣daʧi],タンガダチ,名
[taŋgaffa],タンガッふァ,名
[⸢taŋga⸣naki],タンガナキ,名
[⸢taŋga⸣barai],タンガバライ,名
[⸢taŋga⸣pu̥su],タンガプス,名
[⸢taŋga⸣mari],タンガマリ,名
[⸢taŋgamidoːŋ⸣ffa],タンガミドーンッふァ,名
[⸢taŋga⸣muni],タンガムニ,名
[⸢taŋga⸣munu],タンガムヌ,名
[⸢taŋki],タンキ,名
[⸢taŋkimunu],タンキムヌ,名
[⸢taŋ⸣gu],タング,名
[⸢taŋgu],タング,名
[⸢daŋ⸣gu],ダング,名
[⸢taŋgunʤima],タングンジマ,名
[⸣taŋkoː],タンコー,名
[⸣taŋkoːmaːjaː],タンコーマーヤー,名
[⸣tanʣa],タンザ,代
[⸣tanʣanumeː],タンザヌメー,連
[⸣tanʣammeː],タンザンメー,代
[⸢taŋ⸣ʃi],タンシ,名
[⸢daŋ⸣ʃi],ダンシ,副
[⸢daŋʃikibiri],ダンシキビリ,名
[⸣dan su̥⸢ku⸣ruŋ],ダンスクルン,連
[⸢tandaːra],タンダーラ,名
[⸢dan⸣daŋ],ダンダン,名
[⸢dantaŋ⸣ʃi],ダンタンシ,副
[⸢dandaŋ⸣ʃi],ダンダンシ,副
[⸢dan⸣ʧigai],ダンチガイ,名
[⸢tan⸣di],タンディ,副
[dan⸢ti],ダンティ,副
[dan⸢ti],ダンティ,副
[dan⸢ti],ダンティ,副
[⸢tan⸣tiː],タンティー,名
[⸢tan⸣dikandi],タンディカンディ,副
[⸢tan⸣ditoːtu],タンディトートゥ,副
[⸢tan⸣di⸢toːtu⸣ ga⸢ra⸣kut⸢oːtu],タンディトートゥガラクトートゥ,連
[⸢tandiru],タンデイル,名
[⸣tantiŋ],タンティン,連
[tan⸢tu],タントゥ,副
[⸢dan⸣tu̥ku],ダントゥク,名
[⸢dan⸣duri],ダンドゥリ,名
[dan⸢naː⸣ma],ダンナーマ,名
[⸢tambaku],タンバク,名
[⸢dam⸣paʧi],ダンパチ,名
[⸢dam⸣pḁʧi ʃi⸢miruŋ],ダンパチシミルン,連
[⸢dam⸣pḁʧi ʃi⸢muŋ],ダンパチシムン,連
[⸢dam⸣pḁʧijaː],ダンパチヤー,名
[⸢tambi],タンビ,名
[⸢tambiː],タンビー,名
[⸣dampu],ダンプ,名
[⸢dam⸣buru],ダンブル,名
[⸢dam⸣beː],ダンベー,名
[⸢dam⸣beː],ダンベー,名
[⸢tammiː],タンミー,名
[⸢tammunu],タンムヌ,名
[⸢tam⸣meː],タンメー,名
[⸢taɲjaki],タンヤキ,名
[⸢taŋjakipu̥su],タンヤキプス,名
[⸣ʧi],チ,助数
[⸢ʧeʔ],チェッ,感
[ʧi⸢gai],チガイ,名
[ʧi⸢gauŋ],チガウン,自動
[ʧi⸢gauŋ],チガウン,自動
[ʧi̥⸢ka⸣guru],チカグル,名
[ʧi̥⸢ka⸣juruŋ],チカユルン,自動
[ʧi̥⸢ku⸣sa],チクサ,名
[⸣ʧi̥sa],チサ,名
[ʧi⸢ʤi],チジ,名
[ʧi⸢ʤikuŋ],チジクン,自動
[ʧi⸢ʤimaruŋ],チジマルン,自動
[ʧi⸢ʤimiruŋ],チジミルン,他動
[ʧi⸢ʤimuŋ],チジムン,自動
[ʧi⸢ʤujaː⸣buʃi],チジュヤーブシ,名
[ʧi⸢ʤiruŋ],チジルン,自動
[ʧi̥⸢ʧiʃimi],チチシミ,名
[ʧi̥⸢ʧiʃimuŋ],チチシムン,他動
[ʧi⸢du⸣ri],チドリ,名
[⸣ʧiniçiːʤiː],チニヒージー,名
[ʧi̥⸢paru],チパル,名
[⸣ʧimi],チミ,名
[⸣ʧimituŋgaː],チミトゥンガー,名
[ʧi⸢mu⸣jeː],チムエー,連
[⸢ʧaː],チャー,副
[⸢ʧaː],チャー,接頭
[⸢ʧaː],チャー,接頭
[⸢ʧaː⸣ʔuti],チャーウティ,名
[⸢ʧaːga],チャーガ,感
[⸢ʧaː gan⸣ʣuː],チャーガンズー,連
[⸢ʧaː⸣ʃiː],チャーシー,名
[⸢ʧaː⸣ʧaː],チャーチャー,名
[⸢ʧaː⸣turi],チャートゥリ,名
[⸢ʧaː⸣nibi],チャーニビ,名
[⸢ʧaː⸣barai],チャーバライ,名
[⸢ʧaː⸣pari],チャーパリ,名
[ʧa⸢bu⸣dai],チャブダイ,名
[ʧan⸢tu],チャントゥ,副
[⸢ʧam⸣puru],チャンプル,名
[⸢ʧam⸣puruː],チャンプルー,名
[⸢ʧuː⸣ʣara],チューザラ,名
[⸢ʧuː⸣ʧuː],チューチュー,名
[⸢ʧuːbaŋ],チューバン,名
[⸢ʧuːɸuː],チューフー,名
[⸢ʧuː⸣muŋ],チュームン,名
[ʧu̥⸢ɸaːra],チュファーラ,副
[ʧu̥⸢ɸaːra],チュファーラ,副
[ʧu⸢raːku],チュラーク,副
[ʧu⸢rakaː⸣gi],チュラカーギ,名
[ʧu⸢ra⸣muni],チュラムニ,名
[⸣ʧoː],チョー,名
[⸣ʧoː],チョー,助数
[⸢ʧoːanʣaːteː],チョーアンザーテー,名
[⸢ʧoː⸣ʔuti],チョーウティ,名
[⸢ʧoː⸣ʧiŋ],チョーチン,名
[⸢ʦoː⸣na],チョーナ,名
[⸢ʧoːnaŋ],チョーナン,名
[⸢ʧoːçiːkin⸣sa],チョーヒーキンサ,名
[⸢ʧoːmiː],チョーミー,名
[⸢ʧoːmiː⸣ ʃi̥⸢ki⸣ruŋ],チョーミーシキルン,連
[⸢ʧoːmiŋ],チョーミン,名
[ʧoː⸢ndu],チョーンドゥ,副
[ʧoː⸢ndu],チョーンドゥ,副
[⸢ʧonʧoŋ⸣ʃi],チョンチョンシ,副
[ʧi⸢ri⸣ʧiriː],チリチリー,名
[ʧi⸢riʧiriː⸣ nabi],チリチリーナビ,名
[ʧi⸢rinaki],チリナキ,名
[ʧi⸢ribuduru],チリブドゥル,名
[ʧi⸢ribuni],チリブニ,名
[ʧi⸢riruŋ],チリルン,自動
[ʧi⸢ru],チル,名
[ʧi⸢rukamibuʃi],チルカミブシ,名
[⸣ʧiŋ],チン,名
[⸢ʧiŋ],チン,接尾
[⸢ʧiŋ],チン,接尾
[⸢ʧin⸣ʧi],チンチ,名
[⸢ʧin⸣ʧi ⸢nun⸣ʦaː ⸢suŋ],チンチヌンツァースン,連
[⸣ʧinʧiŋ],チンチン,名
[⸢ʧim⸣biŋ],チンビン,名
[⸣ʦaŋ],ツァン,係助
[⸢ʦoː],ツォー,終助
[⸢ʦoː],ツォー,終助
[⸣ʦoː],ツォー,終助
[⸣ʦoː],ツォー,終助
[⸣ʦoː],ツォー,終助
[⸣ʦoː],ツォー,終助
[⸣ʦoː],ツォー,終助
[⸣ʦoː],ツォー,終助
[⸣ʦoː],ツォー,終助
[⸣ʦoː],ツォー,終助
[⸢ʦoː],ツォー,終助
[⸢ʦoː],ツォー,終助
[⸢ʦoː],ツォー,終助
[⸢ʦoː],ツォー,終助
[⸢ʦoː],ツォー,終助
[⸢ʦoː],ツォー,終助
[⸢ʦoː],ツォー,終助
[k⸣kubi],ックビ,接尾
[⸣kkubi],ックビ,接尾
[⸣ssa],ッサ,名
[⸣ssa],ッサ,名
[s⸢sa],ッサ,接頭
[s⸢sa],ッサ,接頭
[s⸢saːʔui],ッサーウイ,名
[s⸢saːʔui⸣ naruŋ],ッサーウイナルン,連
[s⸢saːki⸣ruŋ],ッサーキルン,自動
[s⸢saː⸣ku],ッサーク,名
[s⸢saːku],ッサーク,名
[s⸢saːkoː naː⸣ŋ],ッサーコーナーン,連
[s⸢saːssaː],ッサーッサー,副
[s⸢saːssaː],ッサーッサー,副
[ssaːs⸢saː⸣ʃi],ッサーッサーシ,副
[s⸢saːɸu],ッサーフ,名
[s⸢saːra],ッサーラ,名
[s⸢saːraʃi⸣paŋ],ッサーラシパン,名
[s⸢saːra⸣suŋ],ッサーラスン,他動
[s⸢saːrikasaːri],ッサーリカサーリ,副
[s⸢saː⸣ru],ッサール,名
[s⸢saː⸣ruŋ],ッサールン,自動
[s⸢saːruŋ],ッサールン,自動
[s⸢saː⸣ŋ],ッサーン,形
[⸣ssai],ッサイ,名
[⸣ssaikusai],ッサイクサイ,名
[⸣ssaimai],ッサイマイ,名
[s⸢sai⸣ruŋ],ッサイルン,他動
[s⸢sairuŋ],ッサイルン,他動
[s⸢sai⸣ruŋ],ッサイルン,自動
[⸣ssauŋ],ッサウン,他動
[⸣ssauŋ],ッサウン,自動
[s⸢sauŋ],ッサウン,他動
[s⸢sakakuʧi],ッサカクチ,名
[s⸢sa⸣gari],ッサガリ,名
[⸣ssa ka⸢ruŋ],ッサカルン,連
[s⸢sakui],ッサクイ,名
[s⸢sakusai],ッサクサイ,名
[s⸢saʣara⸣suŋ],ッサザラスン,他動
[s⸢sa⸣ʣari],ッサザリ,名
[s⸢sa⸣ʣari],ッサザリ,名
[s⸢sasï̥kai],ッサシゥカイ,名
[s⸢saʃiki],ッサシキ,名
[s⸢sa⸣ʤinaː],ッサジナー,名
[s⸢saʃiba],ッサシバ,名
[s⸢sasukuri⸣munu],ッサスクリムヌ,名
[s⸢sasuŋ],ッサスン,他動
[s⸢sasoː⸣ri],ッサソーリ,名
[⸣ssa ⸢soːruŋ],ッサソールン,連
[s⸢sadaŋ],ッサダン,名
[s⸢sadiː],ッサディー,名
[s⸢sa⸣diː ⸢naːruŋ],ッサディーナールン,連
[s⸢sa⸣naːpada],ッサナーパダ,名
[s⸢sa⸣naʧi],ッサナチ,名
[s⸢sa⸣naŋ],ッサナン,名
[s⸢saniː],ッサニー,名
[s⸢sa⸣nu ⸣miː],ッサヌミー,連
[s⸢sanureː],ッサヌレー,感
[s⸢sa⸣baː],ッサバー,名
[s⸢sabaː],ッサバー,名
[s⸢sapaː],ッサパー,名
[s⸢sapaː],ッサパー,名
[s⸢sabaː⸣nu ⸢soː⸣ʤi],ッサバーヌソージ,連
[s⸢sabaː⸣nu niŋ⸣gai],ッサバーヌニンガイ,連
[s⸢sabata],ッサバタ,名
[s⸢sapataraki],ッサパタラキ,名
[s⸢sapataraki],ッサパタラキ,名
[s⸢sa⸣bajaː],ッサバヤー,名
[s⸢sa⸣barai],ッサバライ,名
[s⸢sabi],ッサビ,名
[s⸢sapini],ッサピニ,名
[⸣ssabu],ッサブ,名
[⸣ssabupu̥su],ッサブプス,名
[⸣ssaeː],ッサベー,名
[s⸢sa⸣miː],ッサミー,名
[s⸢samuː⸣ʤi],ッサムージ,名
[s⸢sa⸣muni],ッサムニ,名
[s⸢samura⸣ʃi],ッサムラシ,名
[s⸢sa⸣muŋ],ッサムン,自動
[s⸢sa⸣muŋ],ッサムン,自動
[s⸢sajaku],ッサヤク,名
[s⸢sajuda],ッサユダ,名
[⸣ssarasuŋ],ッサラスン,他動
[⸣ssarikaːri],ッサリカーリ,名
[⸣ssarikaʣa],ッサリカザ,名
[⸣ssarimunu],ッサリムヌ,名
[⸣ssariruŋ],ッサリルン,自動
[s⸢sariruŋ],ッサリルン,他動
[s⸢sariŋ],ッサリン,自動
[s⸢saruŋ],ッサルン,他動
[s⸢saruŋ],ッサルン,他動
[⸣ssaruŋ],ッサルン,自動
[⸣ssareː],ッサレー,名
[⸣ssareː],ッサレー,名
[⸣ssaŋ],ッサン,名
[ssaŋ⸢koːra],ッサンコーラ,名
[s⸢saŋkoːraː⸣ŋ],ッサンコーラーン,形
[⸣ssansu],ッサンス,名
[s⸢santa],ッサンタ,名
[s⸢santaː⸣ruŋ],ッサンタールン,自動
[⸣ssan ssaruŋ],ッサンッサルン,連
[s⸢sannibi],ッサンニビ,名
[⸣ʃʃeːmai],ッシェーマイ,名
[⸣ʃʃeːmai],ッシェーマイ,名
[ʃ⸢ʃeː⸣ŋ],ッシェーン,自動
[ʃ⸢ʃi⸣kumuŋ],ッシクムン,他動
[ʃ⸢ʃitʦaː⸣suŋ],ッシッツァースン,他動
[ʃ⸢ʃittoː⸣suŋ],ッシットースン,他動
[ʃ⸢ʃina⸣kuŋ],ッシナクン,他動
[ʃ⸢ʃiɸu̥kasuŋ],ッシフカスン,他動
[ʃ⸢ʃi⸣munujaː],ッシムヌヤー,名
[⸣ssu],ッス,名
[s⸢su],ッス,名
[s⸢su],ッス,接頭
[s⸢suʔiː⸣pai],ッスイーパイ,名
[s⸢su⸣ʔika],ッスイカ,名
[s⸢suikiː],ッスイキー,名
[s⸢su⸣ʔiʣu],ッスイズ,名
[s⸢su⸣ʔiru],ッスイル,名
[s⸢suʔuː⸣ru],ッスウール,名
[⸣ssukaʣa],ッスカザ,名
[⸣ssukaʃi],ッスカシ,名
[s⸢su⸣kabi],ッスカビ,名
[⸣ssu ku⸢mi⸣ruŋ],ッスクミルン,連
[⸣ssugoːdaː],ッスゴーダー,名
[s⸢su⸣saː],ッスサー,名
[s⸢su⸣sata],ッスサタ,名
[s⸢su⸣ʤiː],ッスジー,名
[s⸢suʃiː⸣soː],ッスシーソー,名
[⸣ssu si̥⸢ka⸣muŋ],ッスシゥカムン,連
[s⸢suʃiki⸣ru],ッスシキル,名
[s⸢suʤirukaː⸣ʤiru],ッスジルカージル,副
[s⸢su⸣tama],ッスタマ,名
[s⸢sussaː⸣ŋ],ッスッサーン,形
[s⸢sussaraʃi⸣muni],ッスッサラシムニ,名
[s⸢suf⸣fai],ッスッふァイ,感
[s⸢suf⸣faiçaː],ッスッふァイヒャー,感
[s⸢suf⸣faiçaː],ッスッふァイヒャー,感
[s⸢suffai⸣munu],ッスッふァイムヌ,名
[s⸢sutiŋʔau⸣tiŋ],ッスティンアウティン,連
[s⸢sutoː⸣ɸu],ッストーフ,名
[s⸢su⸣nami],ッスナミ,名
[s⸢subaraː],ッスバラー,名
[s⸢su⸣paruŋ],ッスパルン,名
[s⸢su⸣paŋ],ッスパン,名
[s⸢supan⸣tari],ッスパンタリ,名
[s⸢subiː],ッスビー,名
[⸣ssupiː],ッスピー,名
[s⸢su⸣pini],ッスピニ,名
[⸣ssuçaː],ッスヒャー,感
[⸣ssuɸu̥kaː],ッスフカー,名
[⸣ssu ɸu̥⸢kasuŋ],ッスフカスン,連
[⸣ssu ɸu̥⸢kasuŋ],ッスフカスン,連
[s⸢su⸣ɸumu],ッスフム,名
[s⸢sumaː⸣su],ッスマース,名
[s⸢su⸣mai],ッスマイ,名
[s⸢suma⸣suŋ],ッスマスン,他動
[s⸢su⸣mami],ッスマミ,名
[s⸢sumarikoː⸣ma],ッスマリコーマ,名
[s⸢su⸣ maruŋ],ッスマルン,連
[s⸢su⸣mi],ッスミ,名
[s⸢su⸣miː],ッスミー,名
[s⸢su⸣miː],ッスミー,名
[s⸢su⸣miː],ッスミー,名
[s⸢sumisuː⸣bu],ッスミスーブ,名
[s⸢sumi maː⸣suŋ],ッスミマースン,連
[s⸢sumimu⸣nu],ッスミムヌ,名
[s⸢sumin⸣tama],ッスミンタマ,名
[s⸢su⸣muʧi],ッスムチ,名
[s⸢su⸣muŋ],ッスムン,他動
[s⸢su⸣muŋ],ッスムン,他動
[s⸢surimunu],ッスリムヌ,名
[s⸢suru],ッスル,名
[s⸢suruŋ],ッスルン,他動
[⸣ssuŋ],ッスン,他動
[⸣ssuŋ],ッスン,他動
[⸣ssuŋ],ッスン,他動
[⸣ssuŋ],ッスン,他動
[⸣ssuŋ],ッスン,他動
[⸣ssuŋ],ッスン,他動
[s⸢suŋ],ッスン,他動
[s⸢suŋ],ッスン,他動
[s⸢suŋ],ッスン,名
[s⸢suŋ⸣kuŋ],ッスンクン,自動
[s⸢suŋ⸣kuŋ],ッスンクン,他動
[s⸢suntaː⸣ruŋ],ッスンタールン,自動
[ssun⸢naː⸣ma],ッスンナーマ,名
[ssoːs⸢soː],ッソーッソー,名
[s⸢soːmaː],ッソーマー,名
[s⸢soːmamaːru],ッソーママール,名
[s⸢soː⸣ŋ],ッソーン,形
[s⸢soːnʦaː],ッソーンツァー,名
[s⸢soːnʦaː suŋ],ッソーンツァースン,連
[⸢-tʦaːsuŋ],ッツァースン,接尾
[⸢tʦaːruŋ],ッツァールン,接尾
[⸣tʦaːŋ],ッツァーン,接尾
[⸢tʦaː⸣ŋ],ッツァーン,接尾
[⸢-tʦoː⸣ruŋ],ッツォールン,接尾
[⸣ʦubu],ツブ,名
[ʦu⸢bu],ツブ,助数
[f⸢fa],ッふァ,名
[⸣ffa],ッふァ,名
[f⸢faːsuŋ],ッふァースン,他動
[f⸢faːsuŋ],ッふァースン,他動
[f⸢faːffaː⸣ʃi],ッふァーッふァーシ,副
[f⸢faː⸣ma],ッふァーマ,名
[f⸢faːmuŋ],ッふァームン,自動
[f⸢faːmuŋ],ッふァームン,自動
[f⸢faːranffai],ッふァーランふァイ,連
[f⸢faːriŋ],ッふァーリン,自動
[f⸢faːriŋ],ッふァーリン,自動
[f⸢faːriŋ],ッふァーリン,自動
[f⸢faːriŋ],ッふァーリン,自動
[f⸢fuʔaː⸣ru],ッふアール,名
[f⸢faː⸣ŋ],ッふァーン,形
[f⸢faiʔakiri],ッふァイアキリ,名
[f⸢faiʔakiruŋ],ッふァイアキルン,自動
[f⸢faiʔamasuŋ],ッふァイアマスン,他動
[f⸢faiʔamara⸣suŋ],ッふァイアマラスン,他動
[f⸢fai kai⸣jaŋ],ッふァイカイヤン,連
[f⸢faikata],ッふァイカタ,名
[f⸢fai⸣kata],ッふァイカタ,名
[f⸢faiki̥ʃiruŋ],ッふァイキシルン,自動
[f⸢faiki̥suŋ],ッふァイキスン,他動
[f⸢faikurasuŋ],ッふァイクラスン,他動
[f⸢faiʣai],ッふァイザイ,名
[f⸢faiʣaku],ッふァイザク,名
[f⸢faiʤibuŋ],ッふァイジブン,名
[f⸢faiʤibuŋ],ッふァイジブン,名
[f⸢faidama],ッふァイダマ,名
[f⸢faidamaː⸣ŋ],ッふァイダマーン,形
[f⸢faikkunaː],ッふァイックナー,名
[f⸢faikkuru],ッふァイックル,名
[f⸢faikkuru],ッふァイックル,名
[f⸢faiʦaːsuŋ],ッふァイッツァースン,他動
[f⸢faitoːsuŋ],ッふァイトースン,他動
[f⸢faidoːri],ッふァイドーリ,名
[f⸢fainakuŋ],ッふァイナクン,他動
[f⸢fainukaʃi],ッふァイヌカシ,名
[f⸢fainuka⸣suŋ],ッふァイヌカスン,他動
[f⸢fainukaru],ッふァイヌカル,名
[f⸢faipaʣakiruŋ],ッふァイパザキルン,他動
[f⸢faipaʣakuŋ],ッふァイパザクン,他動
[f⸢faipaʤi naː⸣nu],ッふァイパジナーヌ,連
[f⸢faibana],ッふァイバナ,名
[f⸢faipanʦasuŋ],ッふァイパンツァスン,他動
[f⸢faiɸuː],ッふァイふー,名
[f⸢faiɸu̥kuri],ッふァイフクリ,名
[f⸢faiɸu̥ʧi],ッふァイフチ,名
[f⸢faiɸu̥ʧi],ッふァイフチ,名
[f⸢faimiʧi],ッふァイミチ,名
[f⸢faimunu],ッふァイムヌ,名
[-f⸢fai⸣munu],ッふァイムヌ,接尾
[f⸢faijani⸣jaŋ],ッふァイヤニヤン,形
[f⸢faijabi],ッふァイヤビ,名
[f⸢faijaŋ],ッふァイヤン,名
[f⸢faijuː],ッふァイユー,名
[f⸢faijuku],ッふァイユク,名
[f⸢faijukoː⸣ŋ],ッふァイユコーン,形
[f⸢faijoːgari],ッふァイヨーガリ,名
[f⸢fainʣari],ッふァインザリ,名
[f⸢fainʣaruŋ],ッふァインザルン,他動
[f⸢faʔujaki],ッふァウヤキ,名
[f⸢fa⸣ ʔu⸢ra⸣suŋ],ッふァウラスン,連
[f⸢faʔoːŋ],ッふァオーン,名
[f⸢fakasanai⸣kiŋ],ッふァカサナイキン,名
[f⸢fagamarasuŋ],ッふァガマラスン,他動
[f⸢fagamari],ッふァガマリ,名
[f⸢fagamaruŋ],ッふァガマルン,自動
[f⸢fa⸣ ku⸢baː⸣ŋ],ッふァクバーン,連
[f⸢fasï̥ka⸣nai],ッふァシゥカナイ,名
[f⸢faʤima],ッふァジマ,名
[f⸢fasudati],ッふァスダティ,名
[f⸢fadani],ッふァダニ,名
[f⸢fuʔata⸣ru],ッふアタル,名
[f⸢faʧikuʃoː],ッふァチクショー,名
[f⸢fat⸣ʦaːŋ],ッふァッツァーン,形
[⸣ffaduru],ッふァドゥル,名
[f⸢fana⸣saː],ッふァナサー,名
[f⸢fanasaʃi⸣pu̥su],ッふァナサシプス,名
[f⸢fanaʃi⸣pada],ッふァナシパダ,名
[f⸢fanaʃi⸣pu̥su],ッふァナシプス,名
[f⸢faɸukuru],ッふァフクル,名
[f⸢fa⸣maː],ッふァマー,名
[f⸢famui⸣saŋ],ッふァムイサン,形
[f⸢famuʧi],ッふァムチ,名
[f⸢fa⸣mureː],ッふァムレー,名
[f⸢fa⸣mureːʔuta],ッふァムレーウタ,名
[f⸢fa⸣mureːkiŋ],ッふァムレーキン,名
[f⸢famuŋ],ッふァムン,自動
[f⸢fajoːŋ],ッふァヨーン,名
[⸣ffui],ッふイ,名
[f⸢fiːruŋ],ッふィールン,他動
[f⸢fiːruŋ],ッふィールン,他動
[f⸢fuʔira⸣buʧi],ッふイラブチ,名
[f⸢fu⸣ʔiru],ッふイル,名
[⸣ffeː],ッふェー,名
[f⸢foːffoː⸣ʃi],ッふォーッふォーシ,副
[f⸢foːffoːnu],ッふォーッふォーヌ,連
[f⸢foː⸣ŋ],ッふォーン,形
[f⸢foː⸣ŋ],ッふォーン,形
[f⸢fu⸣kaː],ッふカー,名
[f⸢fu⸣kabi],ッふカビ,名
[f⸢fukabi⸣munu],ッふカビムヌ,名
[f⸢fu⸣kiʤi],ッふキジ,名
[f⸢fu⸣kiŋ],ッふキン,名
[f⸢fukoː⸣ʤi],ッふコージ,名
[f⸢fu⸣sata],ッふサタ,名
[f⸢fu⸣ʃiː],ッふシー,名
[f⸢fuʃi̥ki⸣ru],ッふシキル,名
[f⸢fuʃi̥ta⸣daru],ッふシタダル,名
[f⸢fuʤirukaː⸣ʤiru],ッふジルカージル,副
[f⸢fu⸣ʃiru ⸣kabi],ッふシルカビ,連
[f⸢fu⸣tarikiŋ],ッふタリキン,名
[f⸢futari⸣ruŋ],ッふタリルン,自動
[f⸢fudoːŋ⸣gu],ッふドーング,名
[f⸢fu⸣tuʤi],ッふトゥジ,名
[f⸢funuː⸣ru],ッふヌール,名
[f⸢fu⸣pḁka],ッふパカ,名
[⸣ffupaʤiŋ],ッふパジン,名
[f⸢fupiʤi⸣ru],ッふピジル,名
[f⸢fu⸣puː],ッふプー,名
[f⸢fu⸣puː],ッふプー,名
[f⸢fu⸣pu̥su],ッふプス,名
[f⸢fu⸣muː],ッふムー,名
[f⸢fu⸣munu],ッふムヌ,名
[f⸢fu⸣muŋ],ッふムン,自動
[f⸢fu⸣jaː],ッふヤー,名
[f⸢fuŋ],ッふン,他動
[f⸢funtaː⸣ruŋ],ッふンタールン,自動
[⸣teː],テー,接尾
[⸢deː⸣kaː],デーカー,接助
[⸢deː⸣ʤi],デージ,名
[⸢deː⸣ʤi],デージ,名
[⸢deː⸣ʤi],デージ,名
[⸢deː⸣ʤi],デージ,形動
[⸢deː⸣ʤi ⸢ge⸣ra],デージゲラ,連
[⸢deː⸣ʤi ⸢suŋ],デージスン,連
[⸢deːʤi⸣na],デージナ,連体
[⸢deː⸣ʤimuisaŋ],デージムイサン,形
[⸢teː⸣na],テーナ,接助
[⸢teː⸣nai],テーナイ,名
[⸢teː⸣nai],テーナイ,名
[⸢tiː⸣nu ⸣ʔaja],テーヌアヤ,連
[⸢tiːpḁtak⸣kari],テーパタッカリ,名
[⸢teː⸣ɸa],テーファ,名
[⸢teː⸣ɸaː],テーファー,名
[⸢teːɸaː⸣munu],テーファームヌ,名
[teːra],テーラ,接助
[⸣ti],ティ,格助
[⸣ti],ティ,格助
[⸣ti],ティ,格助
[⸣ti],ティ,格助
[⸣ti],ティ,接助
[⸣ti],ティ,接助
[⸣ti],ティ,接助
[⸣ti],ティ,接助
[⸣ti],ティ,接助
[⸣ti],ティ,接助
[⸣ti],ティ,接尾
[⸣di],ディ,接尾
[⸣tiː],ティー,名
[⸣tiː],ティー,名
[⸣tiː],ティー,名
[⸣tiː],ティー,名
[⸣tiː],ティー,名
[⸣tiː],ティー,名
[⸣tiː],ティー,名
[⸢tiː],テイー,名
[⸢diː],ディー,感
[⸢diː],ディー,終助
[⸣tiː ⸢ʔaː⸣suŋ],ティーアースン,連
[⸣tiː ⸢ʔaː⸣suŋ],ティーアースン,連
[⸣tiː ⸢ʔaunuŋ],ティーアウヌン,連
[⸢tiːʔaʣanaː⸣ŋ],ティーアザナーン,形
[⸢tiː⸣ʔati],ティーアティ,名
[⸢tiː⸣ʔaba],ティーアバ,名
[⸢tiːʔaraː⸣ŋ],ティーアラーン,形
[⸢tiː⸣ʔarai],ティーアライ,名
[⸢tiː⸣ʔarai],ティーアライ,名
[⸢tiːʔina⸣ʃi̥ki],ティーイナシキ,名
[⸢tiː⸣ʔiri],ティーイリ,名
[⸢tiːʔuku⸣ri],ティーウクリ,名
[⸢tiːʔusaː⸣ʃi],ティーウサーシ,名
[⸣tiː ʔu⸢saːsuŋ],ティーウサースン,連
[⸣tiː ʔu⸢saːsuŋ],ティーウサースン,連
[⸢tiːkai⸣jaŋ],ティーカイヤン,形
[⸢tiːkai⸣jaŋ],ティーカイヤン,形
[⸢tiːkaka⸣ʤi],ティーカカジ,名
[⸣tiː kḁ⸢ka⸣ruŋ],ティーカカルン,連
[⸢tiːkaki⸣ruŋ],ティーカキルン,他動
[⸢tiːkaki⸣ruŋ],ティーカキルン,他動
[⸢tiː⸣kagiŋ],ティーカギン,名
[⸢tiː⸣kḁkuŋ],ティーカクン,他動
[⸢tiː⸣kḁkuŋ],ティーカクン,他動
[⸢tiː⸣kaʤi],ティーカジ,名
[⸢tiː⸣kaʤi],ティーカジ,名
[⸢tiː⸣kata],ティーカタ,名
[⸢tiːkabas⸣saŋ],ティーカバッサン,形
[⸢tiːgam⸣bari],ティーガンバリ,名
[⸣tiː ki̥⸢ʃi⸣ruŋ],ティーキシルン,連
[⸣tiː ki̥⸢ʃi⸣ruŋ],ティーキシルン,連
[⸣tiː ⸣kisuŋ],ティーキスン,連
[⸣tiː ⸣kisuŋ],ティーキスン,連
[⸢tiː⸣gu],ティーグ,名
[⸢tiː⸣ ku⸢baː⸣ŋ],ティークバーン,連
[⸢tiːkuba⸣ri],ティークバリ,名
[⸢tiːkumaː⸣ŋ],ティークマーン,形
[⸢tiː⸣ kumuŋ],ティークムン,連
[⸢tiːʣaː⸣ku],ティーザーク,名
[⸢tiːsadu⸣ru],ティーサドゥル,名
[⸢tiː⸣ sa⸢raː⸣ŋ],ティーサラーン,連
[⸢tiːsam⸣miŋ],ティーサンミン,名
[⸣tiː si̥⸢kauŋ],ティーシゥカウン,連
[⸢tiːsi⸣kami],ティーシゥカミ,名
[⸢tiːsi̥ka⸣ra],ティーシゥカラ,名
[⸢tiː⸣sï̥kaŋ],ティーシゥカン,名
[⸢tiː⸣si̥kan ⸢suŋ],ティーシゥカンスン,連
[⸢tiːʃi̥ki⸣joː na⸢ra⸣nu],ティーシキヨーナラヌ,連
[⸢tiːʃi̥ki⸣ruŋ],ティーシキルン,他動
[⸢tiːʃigu⸣tu],ティーシグトゥ,名
[⸣tiː ʃi⸢nairuŋ],ティーシナイルン,連
[⸣tiː ʃi⸢nauŋ],ティーシナウン,連
[⸣tiː ʃi⸢nauŋ],ティーシナウン,連
[⸢tiː⸣ʃimigakumuŋ],ティーシミガクムン,名
[⸣tiː ⸣ʃimuŋ],ティーシムン,連
[⸢tiːʤirigoː⸣saː],ティージリゴーサー,名
[⸢tiː⸣ʤiru],ティージル,名
[⸣tiː ⸢suː⸣ruŋ],ティースールン,連
[⸣tiː su̥⸢ku⸣muŋ],ティースクムン,連
[⸢tiː⸣ su̥kuŋ],ティースクン,連
[⸢tiː⸣soː],ティーソー,名
[⸢tiːsoː⸣ri],ティーソーリ,名
[⸣tiː da⸢kuŋ],ティーダクン,連
[⸢tiːdaraː⸣ŋ],ティーダラーン,形
[⸢tiːdara⸣suŋ],ティーダラスン,他動
[⸢tiː⸣dari],ティーダリ,名
[⸢tiːdari⸣munu],ティーダリムヌ,名
[⸢tiːssaː⸣ku],ティーッサーク,名
[⸢tiːssaː⸣ru],ティーッサール,名
[⸢tiː⸣ s⸢sai⸣ruŋ],ティーッサイルン,連
[⸢tiː⸣ ssauŋ],ティーッサウン,連
[⸢tiː⸣ʃʃi],ティーッシ,名
[⸢tiː⸣ʃʃi],ティーッシ,名
[⸢tiː⸣ ʃʃi ⸣jamuŋ],ティーッシヤムン,連
[⸢tiːssu⸣ru],ティーッスル,名
[⸢tiː⸣ ssuŋ],ティーッスン,連
[⸢tiːffai⸣munu],ティーッふァイムヌ,名
[⸣tiː f⸢fuŋ],ティーッふン,連
[⸣tiː f⸢fuŋ],ティーッふン,連
[⸢tiː⸣toː],ティートー,名
[⸢tiː⸣turi],ティートゥリ,名
[⸢tiː⸣duri],ティードゥリ,名
[⸢tiːnaː⸣ri ⸣pannaːri],ティーナーリパンナーリ,連
[⸣tiː ⸢naːruŋ],ティーナールン,連
[⸣tiː ⸢naːruŋ],ティーナールン,連
[⸢tiː naː⸣ŋ],ティーナーン,連
[⸣tiːnagaː],ティーナガー,名
[⸢tiː⸣nabi],ティーナビ,名
[⸢tiː⸣ na⸢buttaraː⸣ŋ],ティーナブッタラーン,連
[⸢tiː⸣narai],ティーナライ,名
[⸢tiːnara⸣bi],ティーナラビ,名
[⸢tiːniː],ティーニー,名
[⸢tiːniː⸣baŋ],ティーニーバン,形
[⸢tiː⸣nu ʔu⸢ʧi],ティーヌウチ,連
[⸢tiː⸣nu ka⸢naː⸣nu],ティーヌカナーヌ,連
[⸢tiː⸣nu ⸢gam⸣mari],ティーヌガンマリ,連
[⸢tiː⸣nu ku̥⸢ʃi],ティーヌクシ,連
[⸢tiː⸣nu ⸣ʃiː],ティーヌシー,連
[⸢tiː⸣nu ⸣ʃimi],ティーヌシミ,連
[⸢tiːnu⸣ ʃiru],ティーヌシル,連
[⸣tiː nu⸢ba⸣suŋ],ティーヌバスン,連
[⸣tiː nu⸢ba⸣suŋ],ティーヌバスン,連
[⸢tiːnu⸣bata],ティーヌバタ,名
[⸢tiːnu⸣pi̥sa],ティーヌピサ,名
[⸢tiːnu⸣buʃi],ティーヌブシ,名
[⸢tiːnu⸣ɸubi],ティーヌフビ,名
[⸢tiː⸣numata],ティーヌマタ,連
[⸢tiːnu⸣juriː],ティーヌユリー,名
[⸢tiːnu⸣ waʣa],ティーヌワザ,連
[⸢tiː⸣baki],ティーバキ,名
[⸢tiːpaʃi̥⸣ki],ティーパシキ,名
[⸢tiːbata⸣ʃi],ティーバタシ,名
[⸣tiː pḁ⸢takkaruŋ],ティーパタッカルン,連
[⸢tiːbap⸣pai],ティーバッパイ,名
[⸢tiːpana⸣suŋ],ティーパナスン,他動
[⸢tiːpana⸣suŋ],ティーパナスン,他動
[⸢tiːpajaː⸣ŋ],ティーパヤーン,形
[⸢tiːpajaː⸣ŋ],ティーパヤーン,形
[⸢tiː⸣paŋ],ティーパン,名
[⸢tiːpaŋ⸣ki],ティーパンキ,名
[⸢tiː⸣pi̥ki],ティーピキ,名
[⸣tiː pi̥⸢kuŋ],ティーピクン,連
[⸣tiː pi̥⸢kuŋ],ティーピクン,連
[⸣tiː pi̥⸢kuŋ],ティーピクン,連
[⸢tiː⸣pi̥sa],ティーピサ,名
[⸢tiː⸣pi̥sa ʔu⸢saːsuŋ],ティーピサウサースン,連
[⸢tiː⸣pi̥sa ⸢kai⸣suŋ],ティーピサカイスン,連
[⸣tiː ⸢ɸuit⸣ʦamuŋ],ティーフイッツァムン,連
[⸣tiː ⸢ɸuiruŋ],ティーフイルン,連
[⸢tiː⸣ɸu̥ki],ティーフキ,名
[⸢tiːɸu̥ku⸣ʣaː],ティーフクザー,名
[⸢tiː ɸu̥kuroː⸣ŋ],ティーフクローン,連
[⸢tiːɸu̥koː⸣ŋ],ティーフコーン,形
[⸢tiː⸣ɸu̥ʃi],ティーフシ,名
[⸢tiːɸusu̥⸣ku],ティーフスク,名
[⸢tiːbudu⸣ru],ティーブドゥル,名
[⸣tiː ɸu⸢barariŋ],ティーフバラリン,連
[⸣tiː ɸu⸢barariŋ],ティーフバラリン,連
[⸢tiːɸubari⸣munu],ティーフバリムヌ,名
[⸣tiː ɸu⸢baruŋ],ティーフバルン,連
[⸢tiː⸣buri],ティーブリ,名
[⸢tiːpoː⸣ki],ティーポーキ,名
[⸣tiː ⸢hoː⸣suŋ],ティーホースン,連
[⸢tiːmaː⸣bi],ティーマービ,名
[⸢tiːmaː⸣maː],ティーマーマー,名
[⸣tiː ⸢maːranu],ティーマーラヌ,連
[⸢tiːmai⸣ɸunaː],ティーマイフナー,名
[⸢tiːmasaː⸣ŋ],ティーマサーン,形
[⸢tiːmasa⸣ru],ティーマサル,名
[⸢tiːmaʧi⸣gai],ティーマチガイ,名
[⸢tiːmaʧi⸣buri],ティーマチブリ,名
[⸢tiːmaf⸣fa],ティーマッふァ,名
[⸢tiːmani⸣ki],ティーマニキ,名
[⸢tiːmiː⸣ʣaŋ],ティーミーザン,形
[⸢tiː⸣miʤi],ティーミジ,名
[⸢tiːmuta⸣bi],ティームタビ,名
[tiː⸢jaː⸣ma],ティーヤーマ,名
[⸣tiː ⸢jaː⸣raːŋ],ティーヤーラーン,連
[⸢tiː⸣ja ⸣kanaiti],ティーヤカナイティ,連
[⸢tiː⸣ja ku̥⸢saː⸣ nari],ティーヤクサーナリ,連
[⸢tiː⸣ja ku̥⸢saː⸣ nari],ティーヤクサーナリ,連
[⸢tiːjani⸣jaŋ],ティーヤニヤン,形
[⸢tiːjani⸣jaŋ],ティーヤニヤン,形
[⸣tiː ja⸢baː⸣ŋ],ティーヤバーン,連
[⸢tiː jukoː⸣suŋ],ティーユーコースン,連
[⸢tiː⸣jukui],ティーユクイ,名
[⸢tiː⸣joː],ティーヨー,名
[⸢tiː⸣joː],ティーヨー,名
[⸢tiːjoː⸣ʣoː],ティーヨーゾー,名
[⸢tiːjoːpi̥sa⸣joː],ティーヨーピサヨー,名
[⸢tiːjoːmui⸣joː],ティーヨームイヨー,名
[⸢tiː⸣waʣa],ティーワザ,名
[⸢tiː⸣waʣa],ティーワザ,名
[⸢tiːwaʧi⸣rai],ティーワチライ,名
[⸢tiːʔŋ⸣kai],ティーンカイ,名
[⸢tiːnʣaː⸣ri],ティーンザーリ,名
[⸣tiː ʔn⸢ʣa⸣suŋ],ティーンザスン,連
[⸢tiːʔnʣa⸣suŋ],ティーンザスン,他動
[di⸢ka],ディカ,感
[ti⸢gaki⸣ruŋ],ティガキルン,他動
[di⸢ka⸣ʃeːŋ],ディカシェーン,感
[ti⸢ga⸣mi],ティガミ,名
[ti⸢ga⸣ra],ティガラ,名
[ti⸢ga⸣ra],ティガラ,名
[ti̥⸢ki],ティキ,名
[ti̥kiʔuʧi],ティキウチ,名
[di⸢ki⸣buʦu],ディキブツ,名
[di⸢ki⸣jaː],ディキヤー,名
[di⸢kira⸣suŋ],ディキラスン,他動
[di⸢kira⸣suŋ],ディキラスン,他動
[di⸢ki⸣ruŋ],ディキルン,自動
[di⸢ki⸣ruŋ],ディキルン,自動
[di⸢kut⸣ʧi],ディクッチ,名
[di⸢kut⸣ʦaː],ディクッツァー,名
[ti⸢ku⸣bari],ティクバリ,名
[ti⸢gu⸣ru],ティグル,名
[ti⸢ʤi],ティジ,名
[ti⸢ʃiː],ティシー,連
[ti⸢ʤibana],ティジバナ,名
[ti⸢ʤiri⸣biː],ティジリビー,名
[⸢tisu̥⸣kuŋ],ティスクン,名
[⸢tisu̥kun⸣duru],ティスクンドゥル,名
[⸣ti su⸢nu],ティスヌ,連
[⸣tida],ティダ,名
[⸣tida],ティダ,名
[⸣tida],ティダ,名
[⸣tidaʔami],ティダアミ,名
[⸣tidai],ティダイ,名
[⸣tidaʔiki],ティダイキ,名
[ti⸢dai⸣munu],ティダイムヌ,名
[ti⸢dai⸣ruŋ],ティダイルン,他動
[⸣tidauŋ],ティダウン,他動
[ti⸢dagana⸣ʃi],ティダガナシ,名
[⸣tidanaka],ティダナカ,名
[⸣tida na⸢ma⸣ruŋ],ティダナマルン,連
[ti⸢da⸣nu ⸢ʔaːriʤibuŋ],ティダヌアーリジブン,連
[ti⸢da⸣nu ⸢ʔiːriʤibuŋ],ティダヌイーリジブン,連
[ti⸢da⸣nu kḁ⸢ta],ティダヌカタ,連
[ti⸢da⸣nu kḁ⸢ta⸣ka],ティダヌカタカ,連
[⸣tida nu⸢ku⸣muŋ],ティダヌクムン,連
[ti⸢da⸣nujaɸu],ティダヌヤフ,名
[⸣tidabiː],ティダビー,名
[ti⸢dapusu⸣ma],ティダプスマ,名
[⸣tidamaki],ティダマキ,名
[ti̥⸢ʦu],ティツ,名
[⸢tit⸣ʦaː],ティッツァー,名
[⸢tit⸣ʦaː ⸢suŋ],ティッツァースン,連
[⸢tittoː⸣maki],ティットーマキ,名
[⸢tippuː],ティップー,名
[⸢tippuːnu⸣ tama],ティップーヌタマ,連
[⸢tippuːnu⸣ tama],ティップーヌタマ,連
[⸢tippusudi],ティップスディ,名
[ti̥⸢ʦu⸣jakkoŋ],ティツヤッコン,名
[ti⸢du⸣ku],ティドゥク,名
[⸣tinu],ティヌ,助
[⸣-tiba],ティバ,並立
[⸣-tiba],ティバ,並立
[⸣-tiba],ティバ,並立
[⸣tibaːja],ティバーヤ,終助
[⸣tibaːja],ティバーヤ,終助
[ti⸢ba⸣ɸu],ティバフ,名
[ti⸢bu⸣ku],ティブク,名
[tiɸuŋ],ティフン,名
[⸣tima],ティマ,名
[⸣tima],ティマ,名
[⸣timaː kḁ⸢ka⸣ruŋ],ティマーカカルン,連
[⸣timaː kḁ⸢ki⸣ruŋ],ティマーカキルン,連
[⸣timaː ⸣kḁkuŋ],ティマーカクン,連
[timaː⸢pimaː],ティマーピマー,名
[ti⸢maʃigu⸣tu],ティマシグトゥ,名
[timaf⸢faimunu],ティマッふァイムヌ,名
[ti⸢ma⸣toː ʔa⸢taranu],ティマトーアタラヌ,連
[ti⸢ra],ティラ,名
[ti⸢ra⸣suŋ],ティラスン,他動
[ti⸢rateː],ティラテー,名
[ti⸢ranu⸣ ʔunipu̥tuki],ティラヌウニプトゥキ,連
[ti⸢ranuboː⸣ʤi],ティラヌボージ,名
[ti⸢rijuːnaː],ティリユーナー,連
[⸣tiru],ティル,助
[⸣tiru],ティル,助
[⸣tiru],ティル,名
[⸣tiru],ティル,名
[⸣tiruŋ],ティルン,自動
[ti⸢roː⸣ma],ティローマ,名
[⸢tiŋ],ティン,名
[⸢tiŋ],ティン,名
[⸣tiŋ],ティン,接助
[⸣tiŋ],ティン,接助
[⸢tiŋgaːra],ティンガーラ,名
[⸢tiŋgai],ティンガイ,名
[⸢tiŋ⸣gamaː],ティンガマー,名
[⸢tiŋ⸣gamaːŋ],ティンガマーン,形
[⸢tiŋ⸣gara],ティンガラ,名
[⸢tiŋgaraː⸣ma],ティンガラーマ,名
[⸢tiŋki],ティンキ,名
[⸢tiŋkijabu⸣ri],ティンキヤブリ,名
[⸢tiŋgu⸣su],ティングス,名
[⸢tiŋgusu⸣ru],ティングスル,名
[⸢tiŋgutu],ティングトゥ,名
[⸢diŋ⸣guŋ],ディングン,名
[⸢tiŋʃiː],ティンシー,名
[⸢tinʤi⸣ruŋ],ティンジルン,自動
[⸢tinsuː],ティンスー,名
[⸢tin⸣ʣoː],ティンゾー,名
[⸢tinʣoː⸣ʔiʦa],ティンゾーイツァ,名
[⸢tinʣoː⸣nu ⸣saŋ],ティンゾーヌサン,連
[⸢tinʣoː⸣buʧi],ティンゾーブチ,名
[⸢tinda⸣ti],ティンダティ,名
[⸢tintoːganaʃi],ティントーガナシ,名
[⸢tintu⸣ ʤiː],ティントゥジー,連
[⸢tin⸣naː],ティンナー,名
[⸢tinnu⸣ ʔa⸢buʤeːma⸣nu ʃi⸢ba⸣ru],ティンヌアブジェーマヌシバル,連
[⸢tinnu⸣ s⸢saːnta],ティンヌッサーンタ,連
[⸢tinnu⸣ s⸢saːn⸣naː],ティンヌッサーンナー,連
[⸢tin⸣nu ⸣nai],ティンヌナイ,連
[⸢tinnu⸣ na⸢ka⸣ʃi̥ta],ティンヌナカシタ,連
[⸢tinnu⸣ na⸢da⸣ka],ティンヌナダカ,連
[⸢tinnu⸣ niː],ティンヌニー,連
[⸢tinnu⸣ ja⸢kiruŋ],ティンヌヤキルン,連
[⸢timbaʧi],ティンバチ,名
[⸢timbutʦu],ティンブッツ,名
[⸢tim⸣pura],ティンプラ,名
[⸢dim⸣poː],ディンポー,名
[⸢timma],ティンマ,名
[⸣timmaː],ティンマー,連
[⸢timmaku],ティンマク,名
[⸢timma⸣gwaː],ティンマグヮー,名
[⸢timmamuʧi],ティンマムチ,名
[⸢teŋ⸣gamaː],テンガマー,名
[⸢teŋ⸣gamaːŋ],テンガマーン,形
[⸢densaː⸣buʃi],デンサーブシ,名
[⸢tenteŋ⸣ʃi],テンテンシ,副
[⸢den⸣tunteŋ],デントゥンテン,副
[⸢den⸣tunteŋ],デントゥンテン,名
[⸢tembutʦu],テンブッツ,名
[⸣toː],トー,固
[⸢-toː],トー,接尾
[⸢to⸣ː],トー,副
[⸢to⸣ː],トー,感
[⸢toː],トー,助
[⸢toː],トー,名
[⸢toː],トー,副
[⸢doː],ドー,終助
[⸢toː⸣kaki],トーカキ,名
[⸢toːkaki⸣nu ⸣joi],トーカキヌヨイ,連
[⸢doː⸣gi],ドーギ,名
[⸢doː⸣gi],ドーギ,名
[⸢toː⸣sa],トーサ,名
[⸢toːsa⸣turi],トーサトゥリ,名
[⸢doː⸣ʃi],ドーシ,接助
[⸢toːʃim⸣bai],トーシンバイ,名
[⸢toː⸣suŋ],トースン,他動
[⸢toː⸣suŋ],トースン,他動
[⸢toː⸣suŋ],トースン,他動
[⸢toː⸣suŋ],トースン,他動
[⸣toːtabi],トータビ,名
[⸣toːtabi],トータビ,名
[⸢toːti suː⸣kaː],トーティスーカー,連
[doː⸢diŋ],ドーディン,副
[doː⸢diŋkaː⸣diŋ],ドーディンカーディン,副
[⸢to⸣ː⸢to⸣ː],トートー,感
[⸢toːtu],トートゥ,感
[⸢toːtuganaʃi],トートゥガナシ,名
[⸢toː⸣ni],トーニ,名
[⸢toː⸣ni],トーニ,名
[⸢toː⸣nu ⸢haʃ⸣ʃiŋ],トーヌハッシン,連
[⸢toː⸣nujuː],トーヌユー,名
[⸢toːba⸣sa],トーバサ,名
[⸢toːbaŋ],トーバン,名
[⸢toːçaː],トーヒャー,感
[toːbi⸢raː⸣ma],トービラーマ,名
[⸣toːpiŋ],トーピン,名
[⸢toːɸu],トーフ,名
[⸣toːpu̥su],トープス,名
[⸢toː⸣ɸuʧampuruː],トーフチャンプルー,名
[⸢toː⸣ɸunabi],トーフナビ,名
[⸢toːɸu⸣nu ʔiraki⸣munu],トーフヌイラキムヌ,連
[⸢toːɸu⸣nukaʃi],トーフヌカシ,名
[⸢toːɸu⸣nukḁʃinu ʔi⸢raki⸣munu],トーフヌカシヌイラキムヌ,連
[⸢toːɸu⸣nu ⸣suː],トーフヌスー,連
[⸢toːɸu⸣nu ⸣sunai],トーフヌスナイ,連
[⸢toːɸu⸣nu ʔm⸢buʃi⸣munu],トーフヌンブシムヌ,連
[⸢toː⸣ɸupḁku],トーフパク,名
[⸢toː⸣ɸumami],トーフマミ,名
[⸢toː⸣ɸumaminu ⸣suː],トーフマミヌスー,連
[⸢toː⸣ɸujaː],トーフヤー,名
[⸢toː⸣buŋ],トーブン,名
[⸣toːmuni],トームニ,名
[⸣toːjamatu],トーヤマトゥ,名
[⸢toː⸣ra],トーラ,名
[⸢toːrari⸣munu],トーラリムヌ,名
[⸢doː⸣ri],ドーリ,名
[⸢toːri⸣kaː],トーリカー,名
[⸢toː⸣rjoː],トーリョー,名
[⸢toːri⸣ruŋ],トーリルン,自動
[⸢toːriŋ⸣gisaŋ],トーリンギサン,形
[⸢doːrudoːru],ドールドール,副
[⸢toː⸣ruŋ],トールン,自動
[⸢toː⸣ruŋ],トールン,他動
[⸣doːreː],ドーレー,副助
[⸣doːreː],ドーレー,副助
[⸣doːreː],ドーレー,副助
[toː⸢ŋkaːn naː⸣nu],トーンカーンナーヌ,連
[⸢doːŋ⸣gu],ドーング,名
[⸢doːŋgu⸣buŋ],ドーングブン,名
[⸢doːŋgupeːŋ⸣gu],ドーングペーング,名
[⸢doːŋgumasa⸣ru],ドーングマサル,名
[⸢doːŋgu⸣jabi],ドーングヤビ,名
[doːn⸢ti],ドーンティ,副
[⸢doːntoːŋ],ドーントーン,副
[⸢doːndoːŋ],ドーンドーン,副
[⸢doːndoːŋ],ドーンドーン,副
[⸢doːmpataːŋ],ドーンパターン,副
[⸣tu],トゥ,接尾
[⸣tu],トゥ,格助
[⸣tu],トゥ,格助
[⸣tu],トゥ,格助
[⸣tu],トゥ,格助
[⸣du],ドゥ,係助
[⸢tuː],トゥー,終助
[⸢tuː],トゥー,名
[⸢tuː],トゥー,名
[⸢tuː],トゥー,名
[⸢tuː],トゥー,名
[⸣duː],ドゥー,名
[⸣duː],ドゥー,名
[⸣duː],ドゥー,名
[⸣duː ⸢ʔaːruŋ],ドゥーアールン,連
[⸣duːʔagami],ドゥーアガミ,名
[⸣duːʔasabi],ドゥーアサビ,名
[⸢tuːʔaraki],トゥーアラキ,名
[⸢duːʔaŋ⸣gari],ドゥーアンガリ,名
[⸣duːʔuʧi],ドゥーウチ,名
[⸢duːʔuja⸣mai],ドゥーウヤマイ,名
[⸣duː kau⸣waŋ],ドゥーカウワン,連
[⸢duː⸣kaʣa],ドゥーカザ,名
[⸣duːkata],ドゥーカタ,名
[⸢tuːkatami],トゥーカタミ,名
[⸣duːkatti],ドゥーカッティ,名
[⸣duːgattiŋ],ドゥーガッティン,名
[⸣duːkanami],ドゥーカナミ,名
[⸢duːkaroː⸣ŋ],ドゥーカローン,形
[⸣duːkaŋgai],ドゥーカンガイ,名
[⸢duːgan⸣ʣoːŋ],ドゥーガンゾーン,形
[⸢duːki̥kut⸣ʦaŋ],ドゥーキクッツァン,形
[⸢tuːgiʧinaː],トゥーギチナー,名
[⸣duːkimama],ドゥーキママ,名
[⸢duːkimu⸣ʃiru],ドゥーキムシル,名
[⸢duːkusama⸣ki],ドゥークサマキ,名
[⸢duːguf⸣faŋ],ドゥーグッふァン,形
[⸢duː⸣kunai],ドゥークナイ,名
[⸢duːguri⸣saŋ],ドゥーグリサン,形
[⸢duːkun⸣ʣoː],ドゥークンゾー,名
[⸢tuːsa],トゥーサ,名
[⸣duːʣaːŋ],ドゥーザーン,名
[⸣duːʣai],ドゥーザイ,名
[⸢tuːsakarui naːsakarui],トゥーサカルイナーサカルイ,連
[⸢tuːsanaː⸣sa],トゥーサナーサ,名
[⸢tuːsapirai],トゥーサピライ,名
[⸢tuːʃi],トゥーシ,名
[⸢tuː⸣ʃi],トゥーシ,副
[⸢tuː⸣ʃi],トゥーシ,名
[⸢tuː⸣ʤi],トゥージ,名
[⸣duːʃi],ドゥーシ,連
[⸣duːsï̥kara],ドゥーシゥカラ,名
[⸢tuː⸣ʤeː],トゥージェー,名
[⸢tuː⸣ʤeːnu sa⸢bu⸣roːʣaːteː],トゥージェーヌサブロザーテー,連
[⸢tuːʃi̥ki],トゥーシキ,名
[⸢tuːʃiʤi],トゥーシジ,名
[⸣duːʃiʤimari],ドゥーシジマリ,名
[⸣duː ʃi⸢daːsuŋ],ドゥーシダースン,連
[⸣duː ʃi̥⸢tu⸣nauŋ],ドゥーシトゥナウン,連
[⸢tuːʃiniŋgai],トゥーシニンガイ,名
[⸢tuːʤi⸣nu ⸣ʃi̥ʧi],トゥージヌシチ,連
[⸢tuːʃinumaː⸣ru],トゥーシヌマール,名
[⸢duː⸣ʃimapu̥su],ドゥーシマプス,名
[⸣duːʃimaru],ドゥーシマル,名
[⸢duː⸣ʤiru],ドゥージル,名
[⸢tuː⸣ʤiŋ],トゥージン,名
[⸢tuːʃim⸣miː],トゥーシンミー,名
[⸣duːʣuːmunu],ドゥーズームヌ,名
[⸣duː ⸢suː⸣ruŋ],ドゥースールン,連
[⸢duːʣuː⸣waŋ],ドゥーズーワン,形
[⸢duːsu̥ku⸣nai],ドゥースクナイ,名
[⸢duːsu̥kuri⸣joː],ドゥースクリヨー,名
[⸢tuː⸣suŋ],トゥースン,他動
[⸢tuː⸣suŋ],トゥースン,他動
[⸢duː⸣ʣuŋ],ドゥーズン,名
[⸣duːʣoːmiːʣoː],ドゥーゾーミーゾー,副
[⸣duːsoːŋ],ドゥーソーン,名
[⸢duː⸣tai],ドゥータイ,名
[⸣duː ta⸢buiruŋ],ドゥータブイルン,連
[⸢duːtaruga⸣ki],ドゥータルガキ,名
[⸣duː ⸢taŋ⸣ga],ドゥータンガ,連
[⸢duːffai⸣muni],ドゥーッふァイムニ,名
[⸢duːffai⸣waʣa],ドゥーッふァイワザ,名
[⸣duːtidai],ドゥーティダイ,名
[⸢duːdu],ドゥードゥ,副
[tuːtuːtuː],トゥートゥートゥー,感
[⸣duːtunʣaku],ドゥートゥンザク,名
[⸢duː⸣nai],ドゥーナイ,名
[⸢duː⸣nai],ドゥーナイ,名
[⸢duː⸣nai ⸢suŋ],ドゥーナイスン,連
[⸢duː⸣nai ⸢suŋ],ドゥーナイスン,連
[⸢tuːnaka],トゥーナカ,名
[⸢tuːnaka],トゥーナカ,名
[⸢tuːnana⸣ʧi],トゥーナナチ,名
[⸢tuːnana⸣ʧi],トゥーナナチ,名
[⸣duːnamaraʃi],ドゥーナマラシ,名
[⸣duːnamaraʃi],ドゥーナマラシ,名
[⸣duːnamari],ドゥーナマリ,名
[⸣duːnamari],ドゥーナマリ,名
[⸢tuːnami],トゥーナミ,名
[⸢tuːnami],トゥーナミ,名
[⸢tuː⸣ na⸢ra⸣suŋ],トゥーナラスン,連
[⸢tuː⸣ na⸢ra⸣suŋ],トゥーナラスン,連
[⸣duːniʧi],ドゥーニチ,名
[⸣duːniʧi],ドゥーニチ,名
[⸢duː⸣nu ⸣ʔana],ドゥーヌアナ,連
[⸢duː⸣nu ⸣ʔana],ドゥーヌアナ,連
[⸢duː⸣nu ⸣kimuʃi],ドゥーヌキムシ,連
[⸢duː⸣nu ⸣kimuʃi],ドゥーヌキムシ,連
[⸢tuːnukiruŋ],トゥーヌキルン,他動
[⸢tuːnukiruŋ],トゥーヌキルン,他動
[⸢tuːnukuŋ],トゥーヌクン,自動
[⸢tuːnukuŋ],トゥーヌクン,自動
[⸢tuːnukuŋ],トゥーヌクン,自動
[⸢tuːnukuŋ],トゥーヌクン,自動
[⸢duː⸣nu ⸣pada],ドゥーヌパダ,連
[⸢duː⸣nu ⸣pada],ドゥーヌパダ,連
[⸢duː⸣nu ⸢paŋʃi],ドゥーヌパンシ,連
[⸢duː⸣nu ⸢paŋʃi],ドゥーヌパンシ,連
[⸢duː⸣nu ⸣mai],ドゥーヌマイ,連
[⸢duː⸣nu ⸣mai],ドゥーヌマイ,連
[⸢duː⸣nu ⸣jaː],ドゥーヌヤー,連
[⸢duː⸣nu ⸣jaː],ドゥーヌヤー,連
[⸣duːpakarai],ドゥーパカライ,名
[⸣duːpakarai],ドゥーパカライ,名
[⸣duːpada],ドゥーパダ,名
[⸣duːpada],ドゥーパダ,名
[⸣duːpadaniŋgai],ドゥーパダニンガイ,名
[⸣duːpadaniŋgai],ドゥーパダニンガイ,名
[⸣duːpataraki],ドゥーパタラキ,名
[⸣duːpataraki],ドゥーパタラキ,名
[⸢duːpam⸣mai],ドゥーパンマイ,名
[⸢duːpam⸣mai],ドゥーパンマイ,名
[⸢tuːpiː⸣ʧi],トゥーピーチ,名
[⸢tuːpiː⸣ʧi],トゥーピーチ,名
[⸢tuːpiː⸣ʧi],トゥーピーチ,名
[⸢tuːpiː⸣ʧi],トゥーピーチ,名
[⸣duː ⸢biː⸣joːŋ],ドゥービーヨーン,連
[⸣duː ⸢biː⸣joːŋ],ドゥービーヨーン,連
[⸢duː⸣pi̥ki],ドゥーピキ,名
[⸢duː⸣pi̥ki],ドゥーピキ,名
[⸣duː bi⸢naː⸣ŋ],ドゥービナーン,連
[⸣duː bi⸢naː⸣ŋ],ドゥービナーン,連
[⸣duː bi⸢naː⸣ŋ],ドゥービナーン,連
[⸣duː bi⸢naː⸣ŋ],ドゥービナーン,連
[⸢duːɸu̥taː⸣ʧi ⸣naruŋ],ドゥーフターチナルン,連
[⸢duːɸu̥taː⸣ʧi ⸣naruŋ],ドゥーフターチナルン,連
[⸣duːbuni],ドゥーブニ,名
[⸣duːbuni],ドゥーブニ,名
[⸣duːbuni ⸢jaːrakuŋ],ドゥーブニヤーラクン,連
[⸣duːbuni ⸢jaːrakuŋ],ドゥーブニヤーラクン,連
[⸣duːɸumi],ドゥーフミ,名
[⸣duːɸumi],ドゥーフミ,名
[⸣duː ɸu⸢mi⸣ruŋ],ドゥーフミルン,連
[⸣duː ɸu⸢mi⸣ruŋ],ドゥーフミルン,連
[⸣duː ⸣ɸumuŋ],ドゥーフムン,連
[⸣duː ⸣ɸumuŋ],ドゥーフムン,連
[⸣duːmaːraː],ドゥーマーラー,名
[⸣duːmaːraː],ドゥーマーラー,名
[⸢tuːmaːru],トゥーマール,名
[⸣duːmaːru],ドゥーマール,名
[⸢tuːmaːru],トゥーマール,名
[⸣duːmaːru],ドゥーマール,名
[⸣duːmakanai],ドゥーマカナイ,名
[⸣duːmakanai],ドゥーマカナイ,名
[⸢tuːmiː],トゥーミー,名
[⸣duːmiː],ドゥーミー,名
[⸢tuːmiː],トゥーミー,名
[⸣duːmiː],ドゥーミー,名
[⸣duːmiː ʃi̥⸢tiruŋ],ドゥーミーシティルン,連
[⸣duːmiː ʃi̥⸢tiruŋ],ドゥーミーシティルン,連
[⸢tuːmiːʧi],トゥーミーチ,名
[⸢tuːmiːʧi],トゥーミーチ,名
[⸢tuːmiʧi],トゥーミチ,名
[⸢tuːmiʧi],トゥーミチ,名
[⸢duːmuʧi⸣nari],ドゥームチナリ,名
[⸢duːmuʧi⸣nari],ドゥームチナリ,名
[⸢duːmuti⸣ʣaku],ドゥームティザク,名
[⸢duːmuti⸣ʣaku],ドゥームティザク,名
[⸢duːmuti⸣ʤibuŋ],ドゥームティジブン,名
[⸢duːmuti⸣ʤibuŋ],ドゥームティジブン,名
[⸢duːmutidoŋ⸣gu],ドゥームティドング,名
[⸢duːmutidoŋ⸣gu],ドゥームティドング,名
[⸣duːmuti ⸣paruŋ],ドゥームティパルン,連
[⸣duːmuti ⸣paruŋ],ドゥームティパルン,連
[⸢duːmuti⸣joː],ドゥームティヨー,名
[⸢duːmuti⸣joː],ドゥームティヨー,名
[⸢duːmuti⸣joː],ドゥームティヨー,名
[⸢duːmuti⸣joː],ドゥームティヨー,名
[⸣duː ⸣mutuŋ],ドゥームトゥン,連
[⸣duː ⸣mutuŋ],ドゥームトゥン,連
[⸣duːmura],ドゥームラ,名
[⸣duːmura],ドゥームラ,名
[⸢duː⸣muri],ドゥームリ,名
[⸢duː⸣muri],ドゥームリ,名
[⸣duːmundani],ドゥームンダニ,名
[⸣duːmundani],ドゥームンダニ,名
[⸢duːjaː⸣raːŋ],ドゥーヤーラーン,形
[⸢duːjaː⸣raːŋ],ドゥーヤーラーン,形
[⸢duːjaː⸣raːŋ],ドゥーヤーラーン,形
[⸢duːjaː⸣raːŋ],ドゥーヤーラーン,形
[⸢duːjas⸣saŋ],ドゥーヤッサン,形
[⸢duːjas⸣saŋ],ドゥーヤッサン,形
[⸣duːjama ⸢ʔairuŋ],ドゥーヤマアイルン,連
[⸣duːjama ⸢ʔairuŋ],ドゥーヤマアイルン,連
[⸢duːjamaʃi⸣pu̥su],ドゥーヤマシプス,名
[⸢duːjamaʃi⸣pu̥su],ドゥーヤマシプス,名
[⸣duː ja⸢ma⸣suŋ],ドゥーヤマスン,連
[⸣duː ja⸢ma⸣suŋ],ドゥーヤマスン,連
[⸢duː⸣juː],ドゥーユー,名
[⸢duː⸣juː],ドゥーユー,名
[⸣duː ⸢juːkoː⸣suŋ],ドゥーユーコースン,連
[⸣duː ⸢juːkoː⸣suŋ],ドゥーユーコースン,連
[⸣duːjukui],ドゥーユクイ,名
[⸣duːjukui],ドゥーユクイ,名
[⸣duː ju⸢guruŋ],ドゥーユグルン,連
[⸣duː ju⸢guruŋ],ドゥーユグルン,連
[⸣duːjoːʣoː],ドゥーヨーゾー,名
[⸣duːjoːʣoː],ドゥーヨーゾー,名
[⸢duːjoː⸣ŋ],ドゥーヨーン,形
[⸢duːjoː⸣ŋ],ドゥーヨーン,形
[⸢tuːraŋ⸣ɸu̥ʧi],トゥーランフチ,名
[⸢tuːraŋ⸣ɸu̥ʧi],トゥーランフチ,名
[⸢tuː⸣ri],トゥーリ,名
[⸢tuː⸣ri],トゥーリ,名
[⸢tuː⸣ru],トゥール,名
[⸢tuː⸣ru],トゥール,名
[⸢tuː⸣ru],トゥール,名
[⸢tuː⸣ru],トゥール,名
[⸢tuː⸣ruŋ],トゥールン,自動
[⸢tuː⸣ruŋ],トゥールン,自動
[⸢tuː⸣waŋ],トゥーワン,形
[⸢tuː⸣waŋ],トゥーワン,形
[⸣tuːŋ],トゥーン,他動
[⸢tuːŋ],トゥーン,他動
[⸣tuːŋ],トゥーン,他動
[⸢tuːŋ],トゥーン,他動
[⸢duːŋgai⸣ri],ドゥーンガイリ,名
[⸢duːŋgai⸣ri],ドゥーンガイリ,名
[⸢duːɲ⸣jaː],ドゥーンヤー,名
[⸢duːɲ⸣jaː],ドゥーンヤー,名
[⸢tui],トゥイ,名
[⸢tui],トゥイ,名
[⸢tuiʃimiruŋ],トゥイシミルン,他動
[⸢tuiʃimiruŋ],トゥイシミルン,他動
[⸢tuisu̥kuŋ],トゥイスクン,他動
[⸢tuisu̥kuŋ],トゥイスクン,他動
[⸢tuitaʤiniruŋ],トゥイタジニルン,他動
[⸢tuitaʤiniruŋ],トゥイタジニルン,他動
[⸢tui⸣nu],トゥイヌ,名
[⸢tui⸣nu],トゥイヌ,名
[⸢tui⸣mjoː],トゥイミョー,名
[⸢tui⸣mjoː],トゥイミョー,名
[⸣tu̥ka],トゥカ,接助
[⸣tu̥ka],トゥカ,接助
[⸣dugai],ドゥガイ,名
[⸣dugai],ドゥガイ,名
[tu̥⸢ka⸣kiŋ],トゥカキン,名
[tu̥⸢ka⸣kiŋ],トゥカキン,名
[tu̥⸢kaguʃi],トゥカグシ,名
[tu̥⸢kaguʃi],トゥカグシ,名
[tu̥⸢ka⸣ʣaː],トゥカザー,名
[tu̥⸢ka⸣ʣaː],トゥカザー,名
[tu̥⸢ka⸣suŋ],トゥカスン,他動
[tu̥⸢ka⸣suŋ],トゥカスン,他動
[tu⸢ga⸣niŋ],トゥガニン,名
[tu⸢ga⸣niŋ],トゥガニン,名
[tu⸢kamiːka],トゥカミーカ,名
[tu⸢kamiːka],トゥカミーカ,名
[tu⸢gami⸣ruŋ],トゥガミルン,他動
[tu⸢gami⸣ruŋ],トゥガミルン,他動
[tu⸢gami⸣ruŋ],トゥガミルン,他動
[tu⸢gami⸣ruŋ],トゥガミルン,他動
[tu⸢gara⸣suŋ],トゥガラスン,他動
[tu⸢gara⸣suŋ],トゥガラスン,他動
[tu⸢ga⸣ru],トゥガル,名
[tu⸢ga⸣ru],トゥガル,名
[tu⸢ga⸣ruŋ],トゥガルン,自動
[tu⸢ga⸣ruŋ],トゥガルン,自動
[⸣tu̥ki],トゥキ,名
[⸣tu̥ki],トゥキ,名
[⸣tu̥ki],トゥキ,名
[⸣tu̥ki],トゥキ,名
[⸣tu̥ki],トゥキ,名
[⸣tu̥ki],トゥキ,名
[tu̥⸢kiʔira⸣naː],トゥキイラナー,副
[tu̥⸢kiʔira⸣naː],トゥキイラナー,副
[tu̥⸢kidu⸣ki],トゥキドゥキ,名
[tu̥⸢kidu⸣ki],トゥキドゥキ,副
[tu̥⸢kidu⸣ki],トゥキドゥキ,名
[tu̥⸢kidu⸣ki],トゥキドゥキ,副
[⸣tu̥ki ⸣turuŋ],トゥキトゥルン,連
[⸣tu̥ki ⸣turuŋ],トゥキトゥルン,連
[du⸢kina⸣suŋ],ドゥキナスン,他動
[du⸢kina⸣suŋ],ドゥキナスン,他動
[tu̥⸢ki⸣juta],トゥキユタ,名
[tu̥⸢ki⸣juta],トゥキユタ,名
[tu̥⸢kijuduma⸣naː],トゥキユドマナー,副
[tu̥⸢kijuduma⸣naː],トゥキユドマナー,副
[tu̥⸢ki⸣ruŋ],トゥキルン,自動
[du⸢ki⸣ruŋ],ドゥキルン,他動
[du⸢ki⸣ruŋ],ドゥキルン,自動
[tu̥⸢ki⸣ruŋ],トゥキルン,自動
[du⸢ki⸣ruŋ],ドゥキルン,他動
[du⸢ki⸣ruŋ],ドゥキルン,自動
[⸣tu̥ku],トゥク,名
[⸣tu̥ku],トゥク,名
[tu̥⸢ku],トゥク,名
[⸣tu̥ku],トゥク,名
[⸣duku],ドゥク,名
[⸣duku],ドゥク,副
[⸣tu̥ku],トゥク,名
[⸣tu̥ku],トゥク,名
[tu̥⸢ku],トゥク,名
[⸣tu̥ku],トゥク,名
[⸣duku],ドゥク,名
[⸣duku],ドゥク,副
[du⸢kuːduku],ドゥクードゥク,副
[du⸢kuːduku],ドゥクードゥク,副
[du⸢kugai⸣ʃi],ドゥクガイシ,名
[du⸢kugai⸣ʃi],ドゥクガイシ,名
[tu̥⸢kugamaʧi],トゥクガマチ,名
[tu̥⸢kugamaʧi],トゥクガマチ,名
[⸣tu̥ku ⸢suŋ],トゥクスン,連
[⸣tu̥ku ⸢suŋ],トゥクスン,連
[⸣tu̥ku ta⸢boːra⸣riŋ],トゥクタボーラリン,連
[⸣tu̥ku ta⸢boːra⸣riŋ],トゥクタボーラリン,連
[⸣tu̥ku ta⸢boːra⸣riŋ],トゥクタボーラリン,連
[⸣tu̥ku ta⸢boːra⸣riŋ],トゥクタボーラリン,連
[tu̥⸢kuttoː⸣ŋ],トゥクットーン,形
[tu̥⸢kuttoː⸣ŋ],トゥクットーン,形
[tu̥⸢kuttu],トゥクットゥ,名・形動
[tu̥⸢kuttu],トゥクットゥ,名・形動
[tu̥⸢kuttu⸣ʃi],トゥクットゥシ,副
[tu̥⸢kuttu⸣ʃi],トゥクットゥシ,副
[tu̥⸢kutu],トゥクトゥ,副
[tu̥⸢kutu],トゥクトゥ,副
[⸣dukunaba],ドゥクナバ,名
[⸣dukunaba],ドゥクナバ,名
[⸣dukunari],ドゥクナリ,副
[⸣dukunari],ドゥクナリ,副
[tu̥⸢kuni],トゥクニ,名
[tu̥⸢kuni],トゥクニ,名
[⸣dukunugi],ドゥクヌギ,名
[⸣dukunugi],ドゥクヌギ,名
[tu̥⸢kunu⸣ pana],トゥクヌパナ,連
[tu̥⸢kunu⸣ pana],トゥクヌパナ,連
[tu̥⸢kubaraː],トゥクバラー,名
[tu̥⸢kubaraː],トゥクバラー,名
[tu̥⸢kubiʧi],トゥクビチ,名
[tu̥⸢kubiʧi],トゥクビチ,名
[tu̥⸢kubuʧi],トゥクブチ,名
[tu̥⸢kubuʧi],トゥクブチ,名
[⸣dukuɸu̥ʧiru],ドゥクフチル,名
[⸣dukuɸu̥ʧiru],ドゥクフチル,名
[⸣tu̥kumuʧi],トゥクムチ,名
[⸣tu̥kumuʧi],トゥクムチ,名
[tu⸢kuru⸣ga],トゥクルガ,接助
[tu⸢kuru⸣ga],トゥクルガ,接助
[tu̥⸢kuruduku⸣ru],トゥクルドゥクル,名
[tu̥⸢kuruduku⸣ru],トゥクルドゥクル,名
[⸣tu̥kuŋ],トゥクン,自動
[⸣tu̥kuŋ],トゥクン,他動
[⸣tuguŋ],トゥグン,他動
[⸣tu̥kuŋ],トゥクン,自動
[⸣tu̥kuŋ],トゥクン,他動
[⸣tuguŋ],トゥグン,他動
[du⸢geːruŋ],ドゥゲールン,自動
[du⸢geːruŋ],ドゥゲールン,自動
[⸣tu̥ʃi],トゥシ,名
[⸣tu̥ʃi],トゥシ,名
[⸣tu̥ʃi],トゥシ,名
[tu⸢ʤi],トゥジ,名
[du⸢ʃi],ドゥシ,名
[⸣tu̥ʃi],トゥシ,名
[⸣tu̥ʃi],トゥシ,名
[⸣tu̥ʃi],トゥシ,名
[tu⸢ʤi],トゥジ,名
[du⸢ʃi],ドゥシ,名
[tu̥⸢ʃi⸣ʔui],トゥシウイ,名
[tu̥⸢ʃi⸣ʔui],トゥシウイ,名
[tu̥⸢ʃi⸣ʔuʧi],トゥシウチ,名
[tu̥⸢ʃi⸣ʔuʧi],トゥシウチ,名
[⸢-tu⸣ʃeː],トゥシェー,終助
[⸢-tu⸣ʃeː],トゥシェー,終助
[tu⸢ʃiga⸣ta],トゥシガタ,名
[tu⸢ʃiga⸣ta],トゥシガタ,名
[⸢tuʃi̥⸣ki],トゥシキ,名
[⸢tuʃi̥⸣ki],トゥシキ,名
[⸢tuʃi̥kira⸣riŋ],トゥシキラリン,自動
[⸢tuʃi̥kira⸣riŋ],トゥシキラリン,自動
[⸢tuʃi̥ki⸣ruŋ],トゥシキルン,他動
[⸢tuʃi̥ki⸣ruŋ],トゥシキルン,他動
[tu⸢ʤi⸣ kuːŋ],トゥジクーン,連
[tu⸢ʤi⸣ kuːŋ],トゥジクーン,連
[tu⸢ʤikumaruŋ],トゥジクマルン,自動
[tu⸢ʤikumaruŋ],トゥジクマルン,自動
[tu⸢ʃi⸣guru],トゥシグル,名
[tu⸢ʃi⸣guru],トゥシグル,名
[tu⸢ʤi saːruŋ],トゥジサールン,連
[tu⸢ʤi saːruŋ],トゥジサールン,連
[tu⸢ʃi⸣ʃiʣa],トゥシシザ,名
[tu⸢ʃi⸣ʃiʣa],トゥシシザ,名
[tu̥⸢ʃi⸣ su̥kuŋ],トゥシスクン,連
[tu̥⸢ʃi⸣ su̥kuŋ],トゥシスクン,連
[tu⸢ʤi suŋ],トゥジスン,連
[tu⸢ʤi suŋ],トゥジスン,連
[tu̥⸢ʃissaː⸣ra],トゥシッサーラ,名
[tu̥⸢ʃissaː⸣ra],トゥシッサーラ,名
[tu⸢ʤiffa],トゥジッふァ,名
[tu⸢ʤiffa],トゥジッふァ,名
[⸣tu ʃi̥⸢teː],トゥシテー,連
[⸣tu ʃi̥⸢teː],トゥシテー,連
[⸣tuʃiduʃi],トゥシドゥシ,名
[⸣tuʃiduʃi],トゥシドゥシ,名
[tu⸢ʤi⸣ tu⸢mi⸣ruŋ],トゥジトゥミルン,連
[tu⸢ʤi⸣ tu⸢mi⸣ruŋ],トゥジトゥミルン,連
[tu⸢ʤi⸣ tumuŋ],トゥジトゥムン,連
[tu⸢ʤi⸣ tumuŋ],トゥジトゥムン,連
[tu⸢ʃi⸣turi],トゥシトゥリ,名
[tu⸢ʃi⸣turi],トゥシトゥリ,名
[tu̥⸢ʃituriɸuru⸣mai],トゥシトゥリフルマイ,名
[tu̥⸢ʃituriɸuru⸣mai],トゥシトゥリフルマイ,名
[tu̥⸢ʃi⸣ turuŋ],トゥシトゥルン,連
[tu̥⸢ʃi⸣ turuŋ],トゥシトゥルン,連
[tu̥⸢ʃi⸣ turuŋ],トゥシトゥルン,連
[tu̥⸢ʃi⸣ turuŋ],トゥシトゥルン,連
[tu̥⸢ʃinaka⸣ba],トゥシナカバ,名
[tu̥⸢ʃinaka⸣ba],トゥシナカバ,名
[tu̥⸢ʃi⸣nu ⸣kuː],トゥシヌクー,連
[tu̥⸢ʃi⸣nu ⸣kuː],トゥシヌクー,連
[tu̥⸢ʃi⸣nu ⸣sḁta],トゥシヌサタ,連
[tu̥⸢ʃi⸣nu ⸣sḁta],トゥシヌサタ,連
[tu̥⸢ʃi⸣nu ⸣ʃiʣagata],トゥシヌシザガタ,連
[tu̥⸢ʃi⸣nu ⸣ʃiʣagata],トゥシヌシザガタ,連
[tu̥⸢ʃi⸣nu pa⸢ʤimi],トゥシヌパジミ,連
[tu̥⸢ʃi⸣nu pa⸢ʤimi],トゥシヌパジミ,連
[tu̥⸢ʃi⸣nu ⸢maːru],トゥシヌマール,連
[tu̥⸢ʃi⸣nu ⸢maːru],トゥシヌマール,連
[tu̥⸢ʃinu⸣juː],トゥシヌユー,名
[tu̥⸢ʃinu⸣juː],トゥシヌユー,名
[du⸢ʃipaʤiri],ドゥシパジリ,名
[du⸢ʃipaʤiri],ドゥシパジリ,名
[tu̥⸢ʃi⸣pada],トゥシパダ,名
[tu̥⸢ʃi⸣pada],トゥシパダ,名
[tu̥⸢ʃi⸣biː],トゥシビー,名
[tu̥⸢ʃi⸣biː],トゥシビー,名
[tu̥⸢ʃi⸣biːniŋgai],トゥシビーニンガイ,名
[tu̥⸢ʃi⸣biːniŋgai],トゥシビーニンガイ,名
[du⸢ʃibirai],ドゥシビライ,名
[du⸢ʃibirai],ドゥシビライ,名
[tu⸢ʤiɸuː],トゥジフー,名
[tu⸢ʤiɸuː],トゥジフー,名
[tu⸢ʤiɸu̥kaʃimunu],トゥジフカシムヌ,名
[tu⸢ʤiɸu̥kaʃimunu],トゥジフカシムヌ,名
[tu⸢ʤi⸣ ɸu̥⸢kasuŋ],トゥジフカスン,連
[tu⸢ʤi⸣ ɸu̥⸢kasuŋ],トゥジフカスン,連
[tu⸢ʤibutu],トゥジブトゥ,名
[tu⸢ʤibutu],トゥジブトゥ,名
[tu⸢ʤibutu⸣ʔai],トゥジブトゥアイ,名
[tu⸢ʤibutu⸣ʔai],トゥジブトゥアイ,名
[tu⸢ʤibutubaka⸣ri],トゥジブトゥバカリ,名
[tu⸢ʤibutubaka⸣ri],トゥジブトゥバカリ,名
[tu⸢ʃimaː⸣ru],トゥシマール,名
[tu⸢ʃimaː⸣ru],トゥシマール,名
[tu⸢ʃimaː⸣ru],トゥシマール,名
[tu⸢ʃimaː⸣ru],トゥシマール,名
[tu⸢ʤimari],トゥジマリ,名
[tu⸢ʤimari],トゥジマリ,名
[du⸢ʃimuʧiri],ドゥシムチリ,名
[du⸢ʃimuʧiri],ドゥシムチリ,名
[tu⸢ʃi⸣juri],トゥシユリ,名
[tu⸢ʃi⸣juri],トゥシユリ,名
[⸣duʤiŋ],ドゥジン,名
[⸣duʤiŋ],ドゥジン,名
[du⸢ʃiŋ⸣keː],ドゥシンケー,名
[du⸢ʃiŋ⸣keː],ドゥシンケー,名
[⸢tusu̥⸣kuŋ],トゥスクン,他動
[⸢tusu̥⸣kuŋ],トゥスクン,他動
[du⸢su⸣nu],ドゥスヌ,名
[du⸢su⸣nu],ドゥスヌ,名
[du⸢suma⸣kuŋ],ドゥスマクン,自動
[du⸢suma⸣kuŋ],ドゥスマクン,自動
[tu⸢ʣu⸣maruŋ],トゥズマルン,自動
[tu⸢ʣu⸣maruŋ],トゥズマルン,自動
[tu⸢ʣumi],トゥズミ,名
[tu⸢ʣumi],トゥズミ,名
[tu⸢ʣumi],トゥズミ,名
[tu⸢ʣumi],トゥズミ,名
[du⸢sumika⸣suŋ],ドゥスミカスン,他動
[du⸢sumika⸣suŋ],ドゥスミカスン,他動
[tu⸢ʣumi⸣ruŋ],トゥズミルン,他動
[tu⸢ʣumi⸣ruŋ],トゥズミルン,他動
[tu⸢ʣumuŋ],トゥズムン,他動
[tu⸢ʣumuŋ],トゥズムン,他動
[⸣dudai],ドゥダイ,名
[⸣dudai],ドゥダイ,名
[tu⸢da⸣na],トゥダナ,名
[tu⸢da⸣na],トゥダナ,名
[⸢-tu⸣ʦoː],トゥツォー,助
[⸢-tu⸣ʦoː],トゥツォー,助
[⸢tukka],トゥッカ,名
[⸢tukka],トゥッカ,名
[⸢tukkaʤira],トゥッカジラ,名
[⸢tukkaʤira],トゥッカジラ,名
[⸢tukkasoːʤi],トゥッカソージ,名
[⸢tukkasoːʤi],トゥッカソージ,名
[⸢tukkara],トゥッカラ,名
[⸢tukkara],トゥッカラ,名
[⸢tuk⸣kikaːki],トゥッキカーキ,副
[⸢tuk⸣kikaːki],トゥッキカーキ,副
[⸢tukki⸣ruŋ],トゥッキルン,自動
[⸢tukki⸣ruŋ],トゥッキルン,自動
[⸢tukku],トゥック,名
[⸢tukku],トゥック,名
[⸢tuk⸣kuŋ],トゥックン,自動
[⸢tuk⸣kuŋ],トゥックン,自動
[⸢tutʧiŋ],トゥッチン,名
[⸢tutʧiŋ],トゥッチン,名
[dut⸢tu],ドゥットゥ,副
[⸣duttu],ドゥットゥ,名
[⸣duttu],ドゥットゥ,名
[dut⸢tu],ドゥットゥ,副
[⸣duttu],ドゥットゥ,名
[⸣duttu],ドゥットゥ,名
[⸢tup⸣pini],トゥッピニ,副
[⸢tup⸣pini],トゥッピニ,副
[tuɸ⸢ɸeː],トゥッフェー,名
[tuɸ⸢ɸeː],トゥッフェー,名
[tu⸢du⸣ki],トゥドゥキ,名
[tu⸢du⸣ki],トゥドゥキ,名
[tu⸢duki⸣ruŋ],トゥドゥキルン,他動
[tu⸢duki⸣ruŋ],トゥドゥキルン,他動
[tu⸢dukuː⸣ruŋ],トゥドゥクールン,自動
[tu⸢dukuː⸣ruŋ],トゥドゥクールン,自動
[tu⸢du⸣kuŋ],トゥドゥクン,自動
[tu⸢du⸣kuŋ],トゥドゥクン,他動
[tu⸢du⸣kuŋ],トゥドゥクン,自動
[tu⸢du⸣kuŋ],トゥドゥクン,他動
[tu̥⸢tu⸣nuːŋ],トゥトゥヌーン,他動
[tu̥⸢tu⸣nuːŋ],トゥトゥヌーン,他動
[tu⸢tunui⸣ruŋ],トゥトゥヌイルン,他動
[tu⸢tunui⸣ruŋ],トゥトゥヌイルン,他動
[tu⸢dumarara⸣nu],トゥドゥマララヌ,自動
[tu⸢dumarara⸣nu],トゥドゥマララヌ,自動
[tu⸢duma⸣ruŋ],トゥドゥマルン,自動
[tu⸢duma⸣ruŋ],トゥドゥマルン,自動
[tu⸢dumiruŋ],トゥドゥミルン,他動
[tu⸢dumiruŋ],トゥドゥミルン,他動
[tu⸢duru⸣kuŋ],トゥドゥルクン,自動
[tu⸢duru⸣kuŋ],トゥドゥルクン,自動
[tu⸢duru⸣kuŋ],トゥドゥルクン,自動
[tu⸢duru⸣kuŋ],トゥドゥルクン,自動
[tu⸢nagasuŋ],トゥナガスン,他動
[tu⸢nagasuŋ],トゥナガスン,他動
[tu⸢naguŋ],トゥナグン,自動
[tu⸢naguŋ],トゥナグン,自動
[tu⸢na⸣mi],トゥナミ,名
[tu⸢na⸣mi],トゥナミ,名
[tu⸢nami⸣ruŋ],トゥナミルン,他動
[tu⸢nami⸣ruŋ],トゥナミルン,他動
[tu⸢naru],トゥナル,名
[tu⸢naru],トゥナル,名
[tu⸢narukinʣu],トゥナルキンズ,名
[tu⸢narukinʣu],トゥナルキンズ,名
[tu⸢narupirai],トゥナルピライ,名
[tu⸢narupirai],トゥナルピライ,名
[tu⸢narupu̥su],トゥナルプス,名
[tu⸢narupu̥su],トゥナルプス,名
[tu⸢narumaːru],トゥナルマール,名
[tu⸢narumaːru],トゥナルマール,名
[tu⸢narumura],トゥナルムラ,名
[tu⸢narumura],トゥナルムラ,名
[tu⸢nimutu],トゥニムトゥ,名
[tu⸢nimutu],トゥニムトゥ,名
[tu⸢nimutunu⸣ ʔuta],トゥニムトゥヌウタ,連
[tu⸢nimutunu⸣ ʔuta],トゥニムトゥヌウタ,連
[tu⸢nusa⸣mabuʃi],トゥヌサマブシ,名
[tu⸢nusa⸣mabuʃi],トゥヌサマブシ,名
[⸣tunusu̥ku],トゥヌスク,名
[⸣tunusu̥ku],トゥヌスク,名
[⸣tunusu̥kunu ⸣ʔaʤaː],トゥヌスクヌアジャー,連
[⸣tunusu̥kunu ⸣ʔaʤaː],トゥヌスクヌアジャー,連
[tu⸢numaː⸣ruː],トゥヌマールー,名
[tu⸢numaː⸣ruː],トゥヌマールー,名
[tu⸢baʃi⸣ paruŋ],トゥバシパルン,連
[tu⸢baʃi⸣ paruŋ],トゥバシパルン,連
[tu⸢baʃipuː],トゥバシプー,名
[tu⸢baʃipuː],トゥバシプー,名
[tu⸢basuŋ],トゥバスン,他動
[tu⸢basuŋ],トゥバスン,他動
[tu⸢basuŋ],トゥバスン,他動
[tu⸢basuŋ],トゥバスン,他動
[tu⸢basuŋ],トゥバスン,他動
[tu⸢basuŋ],トゥバスン,他動
[tu⸢baraː⸣ma],トゥバラーマ,名
[tu⸢baraː⸣ma],トゥバラーマ,名
[du⸢ba⸣ruŋ],ドゥバルン,自動
[du⸢ba⸣ruŋ],ドゥバルン,自動
[tu⸢biʔagaruŋ],トゥビアガルン,自動
[tu⸢biʔagaruŋ],トゥビアガルン,自動
[tu⸢biʔika],トゥビイカ,名
[tu⸢biʔika],トゥビイカ,名
[tu⸢biʔiʣu],トゥビイズ,名
[tu⸢biʔiʣu],トゥビイズ,名
[tu⸢biʔuki⸣ruŋ],トゥビウキルン,自動
[tu⸢biʔuki⸣ruŋ],トゥビウキルン,自動
[tu⸢biukuŋ],トゥビウクン,自動
[tu⸢biukuŋ],トゥビウクン,自動
[tu⸢biʔoːbu],トゥビオーブ,名
[tu⸢biʔoːbu],トゥビオーブ,名
[tu⸢bikiŋ],トゥビキン,名
[tu⸢bikiŋ],トゥビキン,名
[tu⸢bidai],トゥビダイ,名
[tu⸢bidai],トゥビダイ,名
[tu⸢bikkumuŋ],トゥビックムン,自動
[tu⸢bikkumuŋ],トゥビックムン,自動
[tu⸢binuːruŋ],トゥビヌールン,自動
[tu⸢binuːruŋ],トゥビヌールン,自動
[tu⸢bi⸣ paruŋ],トゥビパルン,連
[tu⸢bi⸣ paruŋ],トゥビパルン,連
[tu⸢bi⸣ paruŋ],トゥビパルン,連
[tu⸢bi⸣ paruŋ],トゥビパルン,連
[tu⸢bimuni],トゥビムニ,名
[tu⸢bimuni],トゥビムニ,名
[tu⸢bijaʦu],トゥビヤツ,名
[tu⸢bijaʦu],トゥビヤツ,名
[tu⸢bi⸣raː],トゥビラー,名
[tu⸢bi⸣raː],トゥビラー,名
[tu⸢biraː⸣ma],トゥビラーマ,名
[tu⸢biraː⸣ma],トゥビラーマ,名
[tu⸢biri],トゥビリ,名
[tu⸢biri],トゥビリ,名
[tu⸢bu⸣ʃi],トゥブシ,名
[tu⸢bu⸣ʃi],トゥブシ,名
[tu⸢buɸuni],トゥブフニ,名
[tu⸢buɸuni],トゥブフニ,名
[tu⸢buŋ],トゥブン,自動
[tu⸢buŋ],トゥブン,自動
[tu⸢maː],トゥマー,名
[tu⸢maː],トゥマー,名
[⸣tumaikuruː],トゥマイクルー,名
[⸣tumaikuruː],トゥマイクルー,名
[tu⸢madaː],トゥマダー,名
[tu⸢madaː],トゥマダー,名
[tu⸢majaː],トゥマヤー,名
[tu⸢majaː],トゥマヤー,名
[tu⸢marasuŋ],トゥマラスン,他動
[tu⸢marasuŋ],トゥマラスン,他動
[tu⸢mari],トゥマリ,名
[tu⸢mari],トゥマリ,名
[tu⸢maruŋ],トゥマルン,自動
[tu⸢maruŋ],トゥマルン,自動
[tu⸢maruŋ],トゥマルン,自動
[tu⸢maruŋ],トゥマルン,自動
[du⸢maŋgura⸣suŋ],ドゥマングラスン,他動
[du⸢maŋgura⸣suŋ],ドゥマングラスン,他動
[du⸢maŋ⸣guruŋ],ドゥマングルン,自動
[du⸢maŋ⸣guruŋ],ドゥマングルン,自動
[tu⸢mipaŋ⸣kuruŋ],トゥミパンクルン,自動
[tu⸢mipaŋ⸣kuruŋ],トゥミパンクルン,自動
[tu⸢mi⸣munu],トゥミムヌ,名
[tu⸢mi⸣munu],トゥミムヌ,名
[tu⸢miruŋ],トゥミルン,他動
[tu⸢miruŋ],トゥミルン,他動
[tu⸢mi⸣ruŋ],トゥミルン,他動
[tu⸢mi⸣ruŋ],トゥミルン,他動
[tu⸢miruŋ],トゥミルン,他動
[tu⸢miruŋ],トゥミルン,他動
[tu⸢mi⸣ruŋ],トゥミルン,他動
[tu⸢mi⸣ruŋ],トゥミルン,他動
[du⸢miŋka⸣suŋ],ドゥミンカスン,他動
[du⸢miŋka⸣suŋ],ドゥミンカスン,他動
[du⸢miŋka⸣suŋ],ドゥミンカスン,他動
[du⸢miŋka⸣suŋ],ドゥミンカスン,他動
[⸣tumu],トゥム,名
[tu⸢mu],トゥム,名
[⸣tumu],トゥム,名
[tu⸢mu],トゥム,名
[tu⸢muʃeː],トゥムシェー,名
[tu⸢muʃeː],トゥムシェー,名
[tu⸢mu⸣ʤina],トゥムジナ,名
[tu⸢mu⸣ʤina],トゥムジナ,名
[tu⸢mu⸣ʤira],トゥムジラ,名
[tu⸢mu⸣ʤira],トゥムジラ,名
[tu⸢muʣurui],トゥムズルイ,名
[tu⸢muʣurui],トゥムズルイ,名
[tu⸢mu suŋ],トゥムスン,連
[tu⸢mu suŋ],トゥムスン,連
[tu⸢mu suŋ],トゥムスン,連
[tu⸢mu suŋ],トゥムスン,連
[tu⸢mu⸣niː],トゥムニー,名
[tu⸢mu⸣niː],トゥムニー,名
[tu⸢mubiki],トゥムビキ,名
[tu⸢mubiki],トゥムビキ,名
[tu⸢mu⸣jaku],トゥムヤク,名
[tu⸢mu⸣jaku],トゥムヤク,名
[tu⸢mujuk⸣ka],トゥムユッカ,名
[tu⸢mujuk⸣ka],トゥムユッカ,名
[tu⸢mujukkaː⸣ma],トゥムユッカーマ,名
[tu⸢mujukkaː⸣ma],トゥムユッカーマ,名
[tu⸢murumaki],トゥムルマキ,名
[tu⸢murumaki],トゥムルマキ,名
[tu⸢murujama],トゥムルヤマ,固
[tu⸢murujama],トゥムルヤマ,固
[tu⸢mureː],トゥムレー,名
[tu⸢mureː],トゥムレー,名
[tu⸢mureːnu⸣ ʔisaʣaːteː],トゥムレーヌイサザーテー,連
[tu⸢mureːnu⸣ ʔisaʣaːteː],トゥムレーヌイサザーテー,連
[tu⸢mureːnu ʔiʃi̥⸣toːʣaːteː],トゥムレーヌイシトーザーテー,固
[tu⸢mureːnu ʔiʃi̥⸣toːʣaːteː],トゥムレーヌイシトーザーテー,固
[tu⸢mureːnu⸣ kabaʣaːteː],トゥムレーヌカボザーテー,連
[tu⸢mureːnu⸣ kabaʣaːteː],トゥムレーヌカボザーテー,連
[tu⸢mureːnu⸣ ʃi⸢geruʣaːteː],トゥムレーヌシゲルザーテー,連
[tu⸢mureːnu⸣ ʃi⸢geruʣaːteː],トゥムレーヌシゲルザーテー,連
[tu⸢mureːnu⸣ ɸu̥⸢ku⸣reːʣaːteː],トゥムレーヌフクレーザーテー,連
[tu⸢mureːnu⸣ ɸu̥⸢ku⸣reːʣaːteː],トゥムレーヌフクレーザーテー,連
[tu⸢muŋ],トゥムン,他動
[tu⸢muŋ],トゥムン,他動
[⸣tumuŋ],トゥムン,他動
[⸣tumuŋ],トゥムン,他動
[tu⸢muŋ],トゥムン,他動
[tu⸢muŋ],トゥムン,他動
[⸣tumuŋ],トゥムン,他動
[⸣tumuŋ],トゥムン,他動
[tu⸢jaːʃiɸu̥ʧi⸣ru],トゥヤーシフチル,名
[tu⸢jaːʃiɸu̥ʧi⸣ru],トゥヤーシフチル,名
[tu⸢jaː⸣suŋ],トゥヤースン,他動
[tu⸢jaː⸣suŋ],トゥヤースン,他動
[tu⸢juma⸣suŋ],トゥユマスン,他動
[tu⸢juma⸣suŋ],トゥユマスン,他動
[tu⸢jumari⸣ruŋ],トゥユマリルン,自動
[tu⸢jumari⸣ruŋ],トゥユマリルン,自動
[tu⸢ju⸣muŋ],トゥユムン,自動
[tu⸢ju⸣muŋ],トゥユムン,自動
[tu⸢ra],トゥラ,名
[tu⸢ra],トゥラ,名
[tu⸢ra],トゥラ,名
[tu⸢ra],トゥラ,名
[tu⸢raː⸣ma],トゥラーマ,名
[tu⸢raː⸣ma],トゥラーマ,名
[du⸢raːŋ],ドゥラーン,名
[du⸢raːŋ],ドゥラーン,名
[du⸢raːŋgani],ドゥラーンガニ,名
[du⸢raːŋgani],ドゥラーンガニ,名
[du⸢raːŋgui],ドゥラーングイ,名
[du⸢raːŋgui],ドゥラーングイ,名
[tu⸢ra⸣suŋ],トゥラスン,他動
[tu⸢ra⸣suŋ],トゥラスン,補動
[tu⸢ra⸣suŋ],トゥラスン,他動
[tu⸢ra⸣suŋ],トゥラスン,補動
[tu⸢radimari],トゥラディマリ,名
[tu⸢radimari],トゥラディマリ,名
[tu⸢raduʃi],トゥラドゥシ,名
[tu⸢raduʃi],トゥラドゥシ,名
[tu⸢ra⸣tura ⸢suŋ],トゥラトゥラスン,連
[tu⸢ra⸣tura ⸢suŋ],トゥラトゥラスン,連
[tu⸢rani],トゥラニ,名
[tu⸢rani],トゥラニ,名
[tu⸢ranu⸣ kḁ⸢ki⸣ʤiku],トゥラヌカキジク,連
[tu⸢ranu⸣ kḁ⸢ki⸣ʤiku],トゥラヌカキジク,連
[tu⸢ra⸣nu ⸢kwan⸣niŋ],トゥラヌクヮンニン,連
[tu⸢ra⸣nu ⸢kwan⸣niŋ],トゥラヌクヮンニン,連
[tu⸢ranuʣuː],トゥラヌズー,名
[tu⸢ranuʣuː],トゥラヌズー,名
[tu⸢rari⸣ruŋ],トゥラリルン,自動
[tu⸢rari⸣ruŋ],トゥラリルン,自動
[tu⸢rari⸣ruŋ],トゥラリルン,自動
[tu⸢rari⸣ruŋ],トゥラリルン,自動
[tu⸢ra⸣riŋ],トゥラリン,自動
[tu⸢ra⸣riŋ],トゥラリン,自動
[tu⸢ra⸣riŋ],トゥラリン,自動
[tu⸢ra⸣riŋ],トゥラリン,自動
[tu⸢rampaː],トゥランパー,名
[tu⸢rampaː],トゥランパー,名
[tu⸢rampakaʤi],トゥランパーカジ,名
[tu⸢rampakaʤi],トゥランパーカジ,名
[tu⸢rampaːnu⸣ ti⸢rateː],トゥランパーヌティラテー,連
[tu⸢rampaːnu⸣ ti⸢rateː],トゥランパーヌティラテー,連
[tu⸢ri],トゥリ,名
[tu⸢ri],トゥリ,名
[tu⸢riː],トゥリー,名
[tu⸢riː],トゥリー,名
[turiː⸢turiː⸣ʃi],トゥリートゥリーシ,副
[turiː⸢turiː⸣ʃi],トゥリートゥリーシ,副
[turiː⸢turiː⸣ʃi],トゥリートゥリーシ,副
[turiː⸢turiː⸣ʃi],トゥリートゥリーシ,副
[tu⸢riʔaː⸣ʃi],トゥリアーシ,名
[tu⸢riʔaː⸣ʃi],トゥリアーシ,名
[tu⸢riʔagi⸣ruŋ],トゥリアギルン,他動
[tu⸢riʔagi⸣ruŋ],トゥリアギルン,他動
[tu⸢ri⸣ʔaguŋ],トゥリアグン,他動
[tu⸢ri⸣ʔaguŋ],トゥリアグン,他動
[tu⸢riʔasi̥⸣kai],トゥリアシゥカイ,名
[tu⸢riʔasi̥⸣kai],トゥリアシゥカイ,名
[tu⸢riʔasi̥⸣kauŋ],トゥリアシゥカウン,他動
[tu⸢riʔasi̥⸣kauŋ],トゥリアシゥカウン,他動
[tu⸢riʔaʦami⸣ruŋ],トゥリアツァミルン,他動
[tu⸢riʔaʦami⸣ruŋ],トゥリアツァミルン,他動
[tu⸢riʔaʦa⸣muŋ],トゥリアツァムン,他動
[tu⸢riʔaʦa⸣muŋ],トゥリアツァムン,他動
[tu⸢ri⸣ʔiri],トゥリイリ,名
[tu⸢ri⸣ʔiri],トゥリイリ,名
[tu⸢riʔiri⸣ʤibuŋ],トゥリイリジブン,名
[tu⸢riʔiri⸣ʤibuŋ],トゥリイリジブン,名
[tu⸢riʔiri⸣ruŋ],トゥリイリルン,他動
[tu⸢riʔiri⸣ruŋ],トゥリイリルン,他動
[⸣turiʔukunai],トゥリウクナイ,名
[⸣turiʔukunai],トゥリウクナイ,名
[⸣turiʔusai],トゥリウサイ,名
[⸣turiʔusai],トゥリウサイ,名
[tu⸢riʔuta⸣ʃi],トゥリウタシ,名
[tu⸢riʔuta⸣ʃi],トゥリウタシ,名
[tu⸢riʔuta⸣suŋ],トゥリウタスン,他動
[tu⸢riʔuta⸣suŋ],トゥリウタスン,他動
[tu⸢rikaː⸣suŋ],トゥリカースン,他動
[tu⸢rikaː⸣suŋ],トゥリカースン,他動
[tu⸢rikai⸣suŋ],トゥリカイスン,他動
[tu⸢rikai⸣suŋ],トゥリカイスン,他動
[tu⸢rikai⸣ruŋ],トゥリカイルン,他動
[tu⸢rikai⸣ruŋ],トゥリカイルン,他動
[tu⸢ri⸣kauŋ],トゥリカウン,他動
[tu⸢ri⸣kauŋ],トゥリカウン,他動
[tu⸢rikaka⸣ruŋ],トゥリカカルン,自動
[tu⸢rikaka⸣ruŋ],トゥリカカルン,自動
[tu⸢rikaku⸣muŋ],トゥリカクムン,他動
[tu⸢rikaku⸣muŋ],トゥリカクムン,他動
[tu⸢rikasa⸣muŋ],トゥリカサムン,他動
[tu⸢rikasa⸣muŋ],トゥリカサムン,他動
[tu⸢rikasa⸣muŋ],トゥリカサムン,他動
[tu⸢rikasa⸣muŋ],トゥリカサムン,他動
[tu⸢rikaʣa⸣ri],トゥリカザリ,名
[tu⸢rikaʣa⸣ri],トゥリカザリ,名
[tu⸢ri⸣kaʤi],トゥリカジ,名
[tu⸢ri⸣kaʤi],トゥリカジ,名
[tu⸢rikimi⸣ruŋ],トゥリキミルン,他動
[tu⸢rikimi⸣ruŋ],トゥリキミルン,他動
[tu⸢ri⸣kumuŋ],トゥリクムン,他動
[tu⸢ri⸣kumuŋ],トゥリクムン,他動
[tu⸢risagi⸣ruŋ],トゥリサギルン,他動
[tu⸢risagi⸣ruŋ],トゥリサギルン,他動
[tu⸢ri⸣saguŋ],トゥリサグン,他動
[tu⸢ri⸣saguŋ],トゥリサグン,他動
[tu⸢ri⸣ʃigi],トゥリシギ,名
[tu⸢ri⸣ʃigi],トゥリシギ,名
[tu⸢riʃi̥ki⸣ruŋ],トゥリシキルン,他動
[tu⸢riʃi̥ki⸣ruŋ],トゥリシキルン,他動
[⸣turiʃiʣumi],トゥリシズミ,名
[⸣turiʃiʣumi],トゥリシズミ,名
[⸣turi ʃi̥⸢tiruŋ],トゥリシティルン,連
[⸣turi ʃi̥⸢tiruŋ],トゥリシティルン,連
[⸣turi ʃi̥⸢tuŋ],トゥリシトゥン,連
[⸣turi ʃi̥⸢tuŋ],トゥリシトゥン,連
[tu⸢riʃinaː⸣suŋ],トゥリシナースン,他動
[tu⸢riʃinaː⸣suŋ],トゥリシナースン,他動
[⸣turiʃimari],トゥリシマリ,名
[⸣turiʃimari],トゥリシマリ,名
[tu⸢riʃima⸣ruŋ],トゥリシマルン,他動
[tu⸢riʃima⸣ruŋ],トゥリシマルン,他動
[⸣turiʃimi],トゥリシミ,名
[⸣turiʃimi],トゥリシミ,名
[⸣turiʃirabi],トゥリシラビ,名
[⸣turiʃirabi],トゥリシラビ,名
[tu⸢riʃirabi⸣ruŋ],トゥリシラビルン,他動
[tu⸢riʃirabi⸣ruŋ],トゥリシラビルン,他動
[tu⸢riʃira⸣buŋ],トゥリシラブン,他動
[tu⸢riʃira⸣buŋ],トゥリシラブン,他動
[tu⸢risuː⸣bu],トゥリスーブ,名
[tu⸢risuː⸣bu],トゥリスーブ,名
[⸣turisu̥kurai],トゥリスクライ,名
[⸣turisu̥kurai],トゥリスクライ,名
[⸣turisu̥kuŋ],トゥリスクン,他動
[⸣turisu̥kuŋ],トゥリスクン,他動
[tu⸢rida⸣ka],トゥリダカ,名
[tu⸢rida⸣ka],トゥリダカ,名
[tu⸢ritati⸣ruŋ],トゥリタティルン,他動
[tu⸢ritati⸣ruŋ],トゥリタティルン,他動
[tu⸢riʧigai⸣ruŋ],トゥリチガイルン,他動
[tu⸢riʧigai⸣ruŋ],トゥリチガイルン,他動
[tu⸢rik⸣kumuŋ],トゥリックムン,他動
[tu⸢rik⸣kumuŋ],トゥリックムン,他動
[tu⸢riduku⸣ru],トゥリドゥクル,名
[tu⸢riduku⸣ru],トゥリドゥクル,名
[tu⸢rina⸣suŋ],トゥリナスン,他動
[tu⸢rina⸣suŋ],トゥリナスン,他動
[tu⸢rinuka⸣suŋ],トゥリヌカスン,他動
[tu⸢rinuka⸣suŋ],トゥリヌカスン,他動
[tu⸢rinoː⸣suŋ],トゥリノースン,他動
[tu⸢rinoː⸣suŋ],トゥリノースン,他動
[⸣turipḁkarai],トゥリパカライ,名
[⸣turipḁkarai],トゥリパカライ,名
[tu⸢ripaka⸣rauŋ],トゥリパカラウン,他動
[tu⸢ripaka⸣rauŋ],トゥリパカラウン,他動
[tu⸢ripan⸣ta],トゥリパンタ,名
[tu⸢ripan⸣ta],トゥリパンタ,名
[tu⸢ripanʦa⸣suŋ],トゥリパンツァスン,他動
[tu⸢ripanʦa⸣suŋ],トゥリパンツァスン,他動
[tu⸢ripiŋga⸣suŋ],トゥリピンガスン,他動
[tu⸢ripiŋga⸣suŋ],トゥリピンガスン,他動
[tu⸢ri⸣buŋ],トゥリブン,名
[tu⸢ri⸣buŋ],トゥリブン,名
[tu⸢ri⸣mai],トゥリマイ,名
[tu⸢ri⸣mai],トゥリマイ,名
[tu⸢ri⸣mai],トゥリマイ,名
[tu⸢ri⸣mai],トゥリマイ,名
[tu⸢ri⸣miː],トゥリミー,名
[tu⸢ri⸣miː],トゥリミー,名
[⸣turimiː ka⸢bi⸣miː],トゥリミーカビミー,連
[⸣turimiː ka⸢bi⸣miː],トゥリミーカビミー,連
[⸣turimusï̥kai],トゥリムシゥカイ,名
[⸣turimusï̥kai],トゥリムシゥカイ,名
[⸣turimusï̥kai],トゥリムシゥカイ,名
[⸣turimusï̥kai],トゥリムシゥカイ,名
[tu⸢rimu⸣ʦuŋ],トゥリムツン,他動
[tu⸢rimu⸣ʦuŋ],トゥリムツン,他動
[tu⸢rimudu⸣suŋ],トゥリムドゥスン,他動
[tu⸢rimudu⸣suŋ],トゥリムドゥスン,他動
[tu⸢rijami⸣ruŋ],トゥリヤミルン,他動
[tu⸢rijami⸣ruŋ],トゥリヤミルン,他動
[tu⸢rijuʃi⸣ruŋ],トゥリユシルン,他動
[tu⸢rijuʃi⸣ruŋ],トゥリユシルン,他動
[tu⸢riruŋ],トゥリルン,自動
[tu⸢riruŋ],トゥリルン,自動
[tu⸢riʔnʣa⸣suŋ],トゥリンザスン,他動
[tu⸢riʔnʣa⸣suŋ],トゥリンザスン,他動
[tu⸢ru],トゥル,名
[tu⸢ru],トゥル,名
[tu⸢ru],トゥル,名
[du⸢ru],ドゥル,名
[tu⸢ru],トゥル,名
[tu⸢ru],トゥル,名
[tu⸢ru],トゥル,名
[du⸢ru],ドゥル,名
[tu⸢ruʔikimu⸣ʃi],トゥルイキムシ,名
[tu⸢ruʔikimu⸣ʃi],トゥルイキムシ,名
[tu⸢ru⸣kubi],トゥルクビ,名
[tu⸢ru⸣kubi],トゥルクビ,名
[du⸢rugoː⸣daː],ドゥルゴーダー,名
[du⸢rugoː⸣daː],ドゥルゴーダー,名
[du⸢ru⸣ʤiru],ドゥルジル,名
[du⸢ru⸣ʤiru],ドゥルジル,名
[du⸢ruʣumi],ドゥルズミ,名
[du⸢ruʣumi],ドゥルズミ,名
[tu⸢russai⸣ruŋ],トゥルッサイルン,自動
[tu⸢russai⸣ruŋ],トゥルッサイルン,自動
[tu⸢rus⸣sauŋ],トゥルッサウン,自動
[tu⸢rus⸣sauŋ],トゥルッサウン,自動
[⸣duruduru],ドゥルドゥル,副
[⸣duruduru],ドゥルドゥル,副
[⸣duruduru],ドゥルドゥル,副
[⸣duruduru],ドゥルドゥル,副
[tu⸢runu⸣ ʃiː],トゥルヌシー,連
[tu⸢runu⸣ ʃiː],トゥルヌシー,連
[tu⸢runu⸣ ʃiː],トゥルヌシー,連
[tu⸢runu⸣ ʃiː],トゥルヌシー,連
[tu⸢runu⸣ ʧi⸢riʤibuŋ],トゥルヌチリジブン,連
[tu⸢runu⸣ ʧi⸢riʤibuŋ],トゥルヌチリジブン,連
[tu⸢runu⸣ ssu],トゥルヌッス,連
[tu⸢runu⸣ ssu],トゥルヌッス,連
[tu⸢runuffanu⸣ kḁtaʧini],トゥルヌッふァヌカタチニ,連
[tu⸢runuffanu⸣ kḁtaʧini],トゥルヌッふァヌカタチニ,連
[tu⸢runu⸣jaː],トゥルヌヤー,名
[tu⸢runu⸣jaː],トゥルヌヤー,名
[tu⸢rubai],トゥルバイ,名
[tu⸢rubai],トゥルバイ,名
[tu⸢rubaikaː⸣bai],トゥルバイカーバイ,副
[tu⸢rubaikaː⸣bai],トゥルバイカーバイ,副
[tu⸢rubaimunu],トゥルバイムヌ,名
[tu⸢rubaimunu],トゥルバイムヌ,名
[tu⸢rubauŋ],トゥルバウン,自動
[tu⸢rubauŋ],トゥルバウン,自動
[⸣durupaʤiŋ],ドゥルパジン,名
[⸣durupaʤiŋ],ドゥルパジン,名
[tu⸢rupani],トゥルパニ,名
[tu⸢rupani],トゥルパニ,名
[tu⸢rubajaː],トゥルバヤー,名
[tu⸢rubajaː],トゥルバヤー,名
[du⸢rupaŋ],ドゥルパン,名
[du⸢rupaŋ],ドゥルパン,名
[tu⸢ruɸuʃi̥ki],トゥルフシキ,名
[tu⸢ruɸuʃi̥ki],トゥルフシキ,名
[du⸢rubuttaː],ドゥルブッター,名
[du⸢rubuttaː],ドゥルブッター,名
[du⸢rupu̥tuki],ドゥルプトゥキ,名
[du⸢rupu̥tuki],ドゥルプトゥキ,名
[tu⸢rumaki],トゥルマキ,名
[du⸢rumaki],ドゥルマキ,名
[tu⸢rumaki],トゥルマキ,名
[du⸢rumaki],ドゥルマキ,名
[du⸢rumiʤi],ドゥルミジ,名
[du⸢rumiʤi],ドゥルミジ,名
[du⸢rumiʧi],ドゥルミチ,名
[du⸢rumiʧi],ドゥルミチ,名
[du⸢rumuta⸣bi],ドゥルムタビ,名
[du⸢rumuta⸣bi],ドゥルムタビ,名
[tu⸢rumu⸣ʧi],トゥルムチ,名
[tu⸢rumu⸣ʧi],トゥルムチ,名
[tu⸢rumu⸣ʦuŋ],トゥルムツン,他動
[tu⸢rumu⸣ʦuŋ],トゥルムツン,他動
[tu⸢ruŋ],トゥルン,自動
[⸣turuŋ],トゥルン,他動
[⸣turuŋ],トゥルン,他動
[⸣turuŋ],トゥルン,他動
[⸣turuŋ],トゥルン,他動
[⸣turuŋ],トゥルン,他動
[⸣turuŋ],トゥルン,他動
[tu⸢ruŋ],トゥルン,自動
[⸣turuŋ],トゥルン,他動
[⸣turuŋ],トゥルン,他動
[⸣turuŋ],トゥルン,他動
[⸣turuŋ],トゥルン,他動
[⸣turuŋ],トゥルン,他動
[⸣turuŋ],トゥルン,他動
[tu⸢ruŋkoː⸣ma],トゥルンコーマ,名
[tu⸢ruŋkoː⸣ma],トゥルンコーマ,名
[⸢-tureː],トゥレー,終助
[⸢-tureː],トゥレー,終助
[⸢-tureː],トゥレー,終助
[⸢-tureː],トゥレー,終助
[tu⸢reː⸣suŋ],トゥレースン,自動
[tu⸢reː⸣suŋ],トゥレースン,自動
[tu⸢roː⸣ma],トゥローマ,名
[tu⸢roː⸣ma],トゥローマ,名
[⸣-tuwaː],トゥワー,終助
[⸣-tuwaː],トゥワー,終助
[tuŋ],トゥン,助
[tuŋ],トゥン,助
[⸢tuŋ⸣gaː],トゥンガー,名
[⸢tuŋ⸣gaː],トゥンガー,名
[⸢tuŋ⸣gaː f⸢faːsuŋ],トゥンガーッふァースン,連
[⸢tuŋ⸣gaː f⸢faːsuŋ],トゥンガーッふァースン,連
[⸢tuŋgaː⸣juri],トゥンガーユリ,名
[⸢tuŋgaː⸣juri],トゥンガーユリ,名
[⸢tuŋgara⸣suŋ],トゥンガラスン,他動
[⸢tuŋgara⸣suŋ],トゥンガラスン,他動
[⸢tuŋ⸣garuŋ],トゥンガルン,自動
[⸢tuŋ⸣garuŋ],トゥンガルン,自動
[⸢tuŋkui tuŋkui],トゥンクイトゥンクイ,名
[⸢tuŋkui tuŋkui],トゥンクイトゥンクイ,副
[⸢tuŋkuituŋkui],トゥンクイトゥンクイ,連
[⸢tuŋkui tuŋkui],トゥンクイトゥンクイ,名
[⸢tuŋkui tuŋkui],トゥンクイトゥンクイ,副
[⸢tuŋkuituŋkui],トゥンクイトゥンクイ,連
[⸢tuŋkuiruŋ],トゥンクイルン,他動
[⸢tuŋkuiruŋ],トゥンクイルン,他動
[⸢tuŋ⸣gwaː],トゥングヮー,名
[⸢tuŋ⸣gwaː],トゥングヮー,名
[⸢tuŋkeːri tuŋkeːri],トゥンケーリトゥンケーリ,連
[⸢tuŋkeːri tuŋkeːri],トゥンケーリトゥンケーリ,連
[⸢tuŋkeːruŋ],トゥンケールン,自動
[⸢tuŋkeːruŋ],トゥンケールン,自動
[⸢tunʣa⸣ku],トゥンザク,名
[⸢tunʣa⸣ku],トゥンザク,名
[⸢tunʤiruŋ],トゥンジルン,自動
[⸢tunʤiruŋ],トゥンジルン,自動
[⸢tunʣuŋ],トゥンズン,自動
[⸢tunʣuŋ],トゥンズン,自動
[⸢tuntatibiri],トゥンタティビリ,名
[⸢tuntatibiri],トゥンタティビリ,名
[⸢tuntatuŋ],トゥンタトゥン,自動
[⸢tuntatuŋ],トゥンタトゥン,自動
[⸢dun⸣ʧi],ドゥンチ,名
[⸢dun⸣ʧi],ドゥンチ,名
[⸢tuntikan⸣ti],トゥンティカンティ,名
[⸢tuntikan⸣ti],トゥンティカンティ,名
[⸢tuntipaː],トゥンティパー,名
[⸢tuntipaː],トゥンティパー,名
[⸢tundipusu],トゥンディプス,名
[⸢tundipusu],トゥンディプス,名
[⸢tuntiɸu̥tai],トゥンティフタイ,名
[⸢tuntiɸu̥tai],トゥンティフタイ,名
[⸢tundimari],トゥンディマリ,名
[⸢tundimari],トゥンディマリ,名
[⸢tuntimiː],トゥンティミー,名
[⸢tuntimiː],トゥンティミー,名
[⸢tun⸣na],トゥンナ,名
[⸢tun⸣na],トゥンナ,名
[⸢dun⸣naːŋ],ドゥンナーン,形
[⸢dun⸣naːŋ],ドゥンナーン,形
[⸢tunnakiŋ],トゥンナキン,名
[⸢tunnakiŋ],トゥンナキン,名
[⸢tum⸣baː],トゥンバー,名
[⸢tum⸣baː],トゥンバー,名
[⸢tumbaːmidu⸣mu],トゥンバーミドゥム,名
[⸢tumbaːmidu⸣mu],トゥンバーミドゥム,名
[⸢dum⸣buri],ドゥンブリ,名
[⸢dum⸣buri],ドゥンブリ,名
[⸢tummaːruŋ],トゥンマールン,他動
[⸢tummaːruŋ],トゥンマールン,他動
[tu̥⸢ku⸣ru],トクル,名
[tu̥⸢ku⸣ru],トクル,名
[tu̥⸢ʃinu⸣ʃiː],トシヌシー,名
[tu̥⸢ʃinu⸣ʃiː],トシヌシー,名
[⸣tunusu̥kunu ⸢jam⸣maː],トヌスクヌヤンマー,名
[⸣tunusu̥kunu ⸢jam⸣maː],トヌスクヌヤンマー,名
[⸣dobu],ドブ,名
[⸣dobu],ドブ,名
[⸣doŋkaː],ドンカー,名
[⸣doŋkaː],ドンカー,名
[⸢doŋgupeŋ⸣gu],ドングペング,名
[⸢doŋgupeŋ⸣gu],ドングペング,名
[⸣dontoŋ],ドントン,副
[⸣dontoŋ],ドントン,名
[⸣dontoŋ],ドントン,副
[⸣dontoŋ],ドントン,名
[⸢don⸣nai],ドンナイ,副
[⸢don⸣nai],ドンナイ,副
[⸣-na],ナ,終助
[⸣-na],ナ,終助
[⸣naː],ナー,名
[⸣naː],ナー,名
[⸢naː],ナー,名
[⸢naː],ナー,名
[⸣naː],ナー,助動
[⸣naː],ナー,格助
[⸣naː],ナー,格助
[⸣naː],ナー,格助
[⸣naː],ナー,格助
[⸣naː],ナー,副助
[⸣naː],ナー,副助
[⸢naː],ナー,終助
[⸢naː],ナー,終助
[⸢naː],ナー,終助
[⸢naː],ナー,感
[⸣naː],ナー,終助
[⸣naː],ナー,助
[⸢naː],ナー,接頭
[⸣naː],ナー,名
[⸣naː],ナー,名
[⸢naː],ナー,名
[⸢naː],ナー,名
[⸣naː],ナー,助動
[⸣naː],ナー,格助
[⸣naː],ナー,格助
[⸣naː],ナー,格助
[⸣naː],ナー,格助
[⸣naː],ナー,副助
[⸣naː],ナー,副助
[⸢naː],ナー,終助
[⸢naː],ナー,終助
[⸢naː],ナー,終助
[⸢naː],ナー,感
[⸣naː],ナー,終助
[⸣naː],ナー,助
[⸢naː],ナー,接頭
[⸢naːʔami],ナーアミ,名
[⸢naːʔami],ナーアミ,名
[naː⸢ji],ナーイ,副
[naː⸢ji],ナーイ,副
[naː⸢ji],ナーイ,副
[naː⸢ji],ナーイ,副
[naː⸢ji⸣ su̥kuŋ],ナーイスクン,連
[naː⸢ji⸣ su̥kuŋ],ナーイスクン,連
[naː⸢jinu],ナーイヌ,連体
[naː⸢jinu],ナーイヌ,連体
[⸢naːʔuti⸣pu̥su],ナーウティプス,名
[⸢naːʔuti⸣pu̥su],ナーウティプス,名
[⸢naː⸣ ʔutuŋ],ナーウトゥン,連
[⸢naː⸣ ʔutuŋ],ナーウトゥン,連
[⸢-naː⸣ka],ナーカ,副助
[⸢-naː⸣ka],ナーカ,副助
[⸢-naː⸣ka],ナーカ,副助
[⸢-naː⸣ka],ナーカ,副助
[⸢-naː⸣ka],ナーカ,副助
[⸢-naː⸣ka],ナーカ,副助
[⸢naː⸣kau],ナーカウ,名
[⸢naː⸣kau],ナーカウ,名
[⸢naː⸣sa],ナーサ,名
[⸢naː⸣sa],ナーサ,名
[⸢naː ʃiːʃi],ナーシーシ,連
[⸢naː ʃiːʃi],ナーシーシ,連
[⸢naːʃi̥ka⸣ku],ナーシカク,名
[⸢naːʃi̥ka⸣ku],ナーシカク,名
[⸢naːʃi̥ki⸣ʔuja],ナーシキウヤ,名
[⸢naːʃi̥ki⸣ʔuja],ナーシキウヤ,名
[⸢naːʃi̥ki⸣joi],ナーシキヨイ,名
[⸢naːʃi̥ki⸣joi],ナーシキヨイ,名
[⸢naː⸣ ʃi̥⸢ki⸣ruŋ],ナーシキルン,連
[⸢naː⸣ ʃi̥⸢ki⸣ruŋ],ナーシキルン,連
[⸢naːʃiʤiki],ナーシジキ,名
[⸢naːʃiʤiki],ナーシジキ,名
[⸢naːʃini],ナーシニ,名
[⸢naːʃini],ナーシニ,名
[⸢naːʃibi],ナーシビ,名
[⸢naːʃibi],ナーシビ,名
[⸢naːʃibiː],ナーシビー,名
[⸢naːʃibiː],ナーシビー,名
[⸢naː⸣ʃira],ナーシラ,名
[⸢naː⸣ʃira],ナーシラ,名
[⸢naːʣuː],ナーズー,名
[⸢naːʣuː],ナーズー,名
[⸢naː⸣suŋ],ナースン,他動
[⸢naː⸣suŋ],ナースン,他動
[⸢naː⸣dani],ナーダニ,名
[⸢naː⸣dani],ナーダニ,名
[⸢naː⸣taɸuːʤi],ナータフージ,固
[⸢naː⸣taɸuːʤi],ナータフージ,固
[⸢naːtabui],ナータブイ,名
[⸢naːtabui],ナータブイ,名
[⸢naː tamaʃi],ナータマシ,連
[⸢naː tamaʃi],ナータマシ,連
[⸢naːʦa],ナーツァ,名
[⸢naːʦa],ナーツァ,名
[⸢naːʦanu naːʦa],ナーツァヌナーツァ,連
[⸢naːʦanu naːʦa],ナーツァヌナーツァ,連
[⸢naːs⸣su],ナーッス,名
[⸢naːs⸣su],ナーッス,名
[⸢naːs⸣su],ナーッス,名
[⸢naːs⸣su],ナーッス,名
[⸢naːs⸣su],ナーッス,名
[⸢naːs⸣su],ナーッス,名
[⸢naːs⸣su],ナーッス,名
[⸢naːs⸣su],ナーッス,名
[⸣naːti],ナーティ,格助
[⸣naːti],ナーティ,格助
[⸣naːti],ナーティ,格助
[⸣naːti],ナーティ,格助
[⸣naːti],ナーティ,格助
[⸣naːti],ナーティ,格助
[⸣naːti],ナーティ,格助
[⸣naːti],ナーティ,格助
[⸣naːti],ナーティ,格助
[⸣naːti],ナーティ,格助
[naː⸣tiː],ナーティー,名
[naː⸣tiː],ナーティー,名
[⸢naː⸣to],ナート,副助
[⸢naː⸣to],ナート,副助
[⸢naːdoː],ナードー,名
[⸢naːdoː],ナードー,名
[⸢naːdoːrikiː],ナードーリキー,名
[⸢naːdoːrikiː],ナードーリキー,名
[⸢naːdoːri suŋ],ナードーリスン,連
[⸢naːdoːri suŋ],ナードーリスン,連
[⸢naː⸣ duːduː],ナードゥードゥー,連
[⸢naː⸣ duːduː],ナードゥードゥー,連
[⸢naː⸣ turuŋ],ナートゥルン,連
[⸢naː⸣ turuŋ],ナートゥルン,連
[⸢naːnaː],ナーナー,名
[⸢naːnaː],ナーナー,名
[naː⸢naː⸣ʃi],ナーナーシ,副
[naː⸢naː⸣ʃi],ナーナーシ,副
[⸢naːnaːŋʔui⸣bi],ナーナーンウイビ,名
[⸢naːnaːŋʔui⸣bi],ナーナーンウイビ,名
[⸢naːnaki],ナーナキ,名
[⸢naːnaki],ナーナキ,名
[⸢naː⸣ni],ナーニ,名
[⸢naː⸣ni],ナーニ,格助
[⸢naː⸣ni],ナーニ,名
[⸢naː⸣ni],ナーニ,格助
[⸢naːnibi],ナーニビ,名
[⸢naːnibi],ナーニビ,名
[⸢naː⸣nu],ナーヌ,形
[⸢naː⸣nu],ナーヌ,助動
[⸢naː⸣nu],ナーヌ,助動
[⸢naː⸣nu],ナーヌ,形
[⸢naː⸣nu],ナーヌ,助動
[⸢naː⸣nu],ナーヌ,助動
[⸢naːnuki],ナーヌキ,名
[⸢naːnuki],ナーヌキ,名
[⸢naːnuʧi],ナーヌチ,名
[⸢naːnuʧi],ナーヌチ,名
[⸢naːpai],ナーパイ,名
[⸢naːpai],ナーパイ,名
[⸢naːpai],ナーパイ,名
[⸢naːpai],ナーパイ,名
[⸢naːhaibai],ナーハイバイ,名
[⸢naːhaibai],ナーハイバイ,名
[⸢naːpanisubi],ナーパニスビ,名
[⸢naːpanisubi],ナーパニスビ,名
[⸢naːpama],ナーパマ,固
[⸢naːpama],ナーパマ,固
[⸢naːbareː],ナーバレー,名
[⸢naːbareː],ナーバレー,名
[⸢naːbareːnu⸣ ʔu⸢bu⸣ʔiʃi],ナーバレーヌウブイシ,連
[⸢naːbareːnu⸣ ʔu⸢bu⸣ʔiʃi],ナーバレーヌウブイシ,連
[⸢naː⸣paŋ],ナーパン,名
[⸢naː⸣paŋ],ナーパン,名
[⸢naːpikidaːruŋ],ナーピキダールン,自動
[⸢naːpikidaːruŋ],ナーピキダールン,自動
[⸢naːbui],ナーブイ,名
[⸢naːbui],ナーブイ,名
[⸢naːbu⸣ku],ナーブク,名
[⸢naːbu⸣ku],ナーブク,名
[⸢naːɸu̥ku⸣bi],ナーフクビ,名
[⸢naːɸu̥ku⸣bi],ナーフクビ,名
[⸢naːɸuda],ナーフダ,名
[⸢naːɸuda],ナーフダ,名
[⸢naːbumbuŋ],ナーブンブン,名
[⸢naːbumbuŋ],ナーブンブン,名
[⸢naːpoː⸣ki],ナーポーキ,名
[⸢naːpoː⸣ki],ナーポーキ,名
[⸢naː potʧipotʧi],ナーポッチポッチ,連
[⸢naː potʧipotʧi],ナーポッチポッチ,連
[⸢naː⸣ma],ナーマ,接尾
[⸢naː⸣ma],ナーマ,接尾
[⸢naː⸣ma],ナーマ,接尾
[⸢naː⸣ma],ナーマ,接尾
[⸢naː⸣ma],ナーマ,接尾
[⸢-naː⸣ma],ナーマ,接尾
[⸢naː⸣ma],ナーマ,接尾
[⸢naː⸣ma],ナーマ,接尾
[⸢naː⸣ma],ナーマ,接尾
[⸢naː⸣ma],ナーマ,接尾
[⸢naː⸣ma],ナーマ,接尾
[⸢-naː⸣ma],ナーマ,接尾
[⸢naː⸣ maimai],ナーマイマイ,連
[⸢naː⸣ maimai],ナーマイマイ,連
[⸢naːmata],ナーマタ,名
[⸢naːmata],ナーマタ,名
[⸣naːmajaː],ナーマヤー,名
[⸣naːmajaː],ナーマヤー,名
[⸢naːmiʧi],ナーミチ,名
[⸢naːmiʧi],ナーミチ,名
[⸢naː⸣ mu⸢kimuki],ナームキムキ,連
[⸢naː⸣ mu⸢kimuki],ナームキムキ,連
[⸢naː⸣musu],ナームス,名
[⸢naː⸣musu],ナームス,名
[⸢naːmuti],ナームティ,名
[⸢naːmuti],ナームティ,名
[⸢naː⸣muti],ナームティ,連
[⸢naː⸣muti],ナームティ,連
[⸢naːmuti],ナームティ,名
[⸢naːmuti],ナームティ,名
[⸢naː⸣muti],ナームティ,連
[⸢naː⸣muti],ナームティ,連
[⸢naːmutimuti],ナームティムティ,名
[⸢naːmutimuti],ナームティムティ,名
[⸢naː⸣munu],ナームヌ,名
[⸢naː⸣munu],ナームヌ,名
[⸢naː meːmeː],ナーメーメー,連
[⸢naː meːmeː],ナーメーメー,連
[⸣naːja],ナーヤ,助
[⸣naːja],ナーヤ,助
[⸢naː⸣ jaːjaː],ナーヤーヤー,連
[⸢naː⸣ jaːjaː],ナーヤーヤー,連
[⸢naːjaŋ],ナーヤン,名
[⸢naːjaŋ],ナーヤン,名
[naː⸢ra],ナーラ,終助
[naː⸢ra],ナーラ,終助
[⸢naːra⸣ʔiʃi],ナーライシ,名
[⸢naːra⸣ʔiʃi],ナーライシ,名
[⸢naːra⸣ʃi],ナーラシ,名
[⸢naːra⸣ʃi],ナーラシ,名
[⸢naːra⸣suŋ],ナーラスン,他動
[⸢naːrasuŋ],ナーラスン,他動
[⸢naːra⸣suŋ],ナーラスン,他動
[⸢naːrasuŋ],ナーラスン,他動
[⸢naːrabuŋ],ナーラブン,自動
[⸢naːrabuŋ],ナーラブン,自動
[⸢naː⸣ri],ナーリ,名
[⸢naː⸣ri],ナーリ,名
[⸢naːri⸣kiː],ナーリキー,名
[⸢naːri⸣kiː],ナーリキー,名
[⸢naːri⸣pu̥ʃi],ナーリプシ,名
[⸢naːri⸣pu̥ʃi],ナーリプシ,名
[⸢naːri⸣pu̥su],ナーリプス,名
[⸢naːri⸣pu̥su],ナーリプス,名
[⸢naːri⸣ɸuni],ナーリフニ,名
[⸢naːri⸣ɸuni],ナーリフニ,名
[⸢naːri⸣miʤi],ナーリミジ,名
[⸢naːri⸣miʤi],ナーリミジ,名
[⸢naːri⸣munu],ナーリムヌ,名
[⸢naːri⸣munu],ナーリムヌ,名
[⸢naːrimunu],ナーリムヌ,名
[⸢naːri⸣munu],ナーリムヌ,名
[⸢naːri⸣munu],ナーリムヌ,名
[⸢naːrimunu],ナーリムヌ,名
[⸢naːri⸣ruŋ],ナーリルン,自動
[⸢naːri⸣ruŋ],ナーリルン,自動
[⸢naːru],ナール,名
[⸢naːru],ナール,名
[⸣naːrumina],ナールミナ,名
[⸣naːrumina],ナールミナ,名
[⸢naː⸣ruŋ],ナールン,自動
[⸢naːruŋ],ナールン,自動
[⸢naːruŋ],ナールン,他動
[⸢naː⸣ruŋ],ナールン,自動
[⸢naːruŋ],ナールン,自動
[⸢naːruŋ],ナールン,他動
[⸢naːre⸣ː],ナーレー,助
[⸢naːre⸣ː],ナーレー,助
[⸢naːre⸣ː],ナーレー,助
[⸢naːre⸣ː],ナーレー,助
[⸢naː⸣ŋ],ナーン,形
[⸣naːŋ],ナーン,助
[⸢naː⸣ŋ],ナーン,形
[⸣naːŋ],ナーン,助
[⸢naːŋ⸣kaː ⸢naːŋ⸣ ku⸢raʃi],ナーンカーナーンクラシ,連
[⸢naːŋ⸣kaː ⸢naːŋ⸣ ku⸢raʃi],ナーンカーナーンクラシ,連
[⸢naːŋ⸣ku̥tu],ナーンクトゥ,連
[⸢naːŋ⸣ku̥tu],ナーンクトゥ,連
[⸢naːn⸣nasuŋ],ナーンナスン,他動
[⸢naːn⸣nasuŋ],ナーンナスン,他動
[⸢naːn⸣naruŋ],ナーンナルン,自動
[⸢naːn⸣naruŋ],ナーンナルン,自動
[⸢naːm⸣paː],ナーンパー,名
[⸢naːm⸣paː],ナーンパー,名
[⸢naː⸣n ⸢riː⸣ja tḁ⸢tiru⸣na],ナーンリーヤタティルナ,連
[⸢naː⸣n ⸢riː⸣ja tḁ⸢tiru⸣na],ナーンリーヤタティルナ,連
[⸣nai],ナイ,名
[⸣nai],ナイ,名
[⸣nai],ナイ,名
[⸣nai],ナイ,名
[⸣nai],ナイ,名
[⸣nai],ナイ,名
[⸣nai],ナイ,名
[⸣nai],ナイ,名
[⸣nai ʔu⸢ra⸣suŋ],ナイウラスン,連
[⸣nai ʔu⸢ra⸣suŋ],ナイウラスン,連
[⸣naiʃimaː],ナイシマー,名
[⸣naiʃimaː],ナイシマー,名
[⸣naiʃimaː],ナイシマー,名
[⸣naiʃimaː],ナイシマー,名
[⸣naiʃimaː ⸣nari],ナイシマーナリ,連
[⸣naiʃimaː ⸣nari],ナイシマーナリ,連
[⸣naidaːʧi],ナイダーチ,副
[⸣naidaːʧi],ナイダーチ,副
[⸢nai⸣ʧi],ナイチ,名
[⸢nai⸣ʧi],ナイチ,名
[⸢naiʧi⸣pu̥su],ナイチプス,名
[⸢naiʧi⸣pu̥su],ナイチプス,名
[⸢nai⸣ʧaː],ナイチャー,名
[⸢nai⸣ʧaː],ナイチャー,名
[⸢naitoː⸣suŋ],ナイトースン,他動
[⸢naitoː⸣suŋ],ナイトースン,他動
[⸣naituri],ナイトゥリ,名
[⸣naituri],ナイトゥリ,名
[⸣nainagaː],ナイナガー,名
[⸣nainagaː],ナイナガー,名
[⸢naira⸣suŋ],ナイラスン,他動
[⸢naira⸣suŋ],ナイラスン,他動
[⸢nai⸣ruŋ],ナイルン,自動
[⸢nai⸣ruŋ],ナイルン,自動
[⸢nau⸣suŋ],ナウスン,他動
[⸢nau⸣suŋ],ナウスン,他動
[⸢nau⸣suŋ],ナウスン,他動
[⸢nau⸣suŋ],ナウスン,他動
[⸢nauri⸣juː],ナウリユー,名
[⸢nauri⸣juː],ナウリユー,名
[⸢nau⸣ruŋ],ナウルン,自動
[⸢nau⸣ruŋ],ナウルン,自動
[⸢nau⸣ruŋ],ナウルン,自動
[⸢nau⸣ruŋ],ナウルン,自動
[⸢nau⸣re],ナウレ,自動
[⸢nau⸣re],ナウレ,自動
[⸣nauŋ],ナウン,他動
[⸣nauŋ],ナウン,他動
[⸣naka],ナカ,名
[na⸢ka],ナカ,名
[na⸢ga],ナガ,接頭
[⸣naka],ナカ,名
[na⸢ka],ナカ,名
[na⸢ga],ナガ,接頭
[⸣nagaː],ナガー,名
[⸣nagaː],ナガー,名
[⸣nakaːppa],ナカーッパ,名
[⸣nakaːppa],ナカーッパ,名
[nagaː⸢nagaː⸣ʃi],ナガーナガーシ,副
[nagaː⸢nagaː⸣ʃi],ナガーナガーシ,副
[na⸢gaː⸣ŋ],ナガーン,形
[na⸢gaː⸣ŋ],ナガーン,形
[na⸢gaʔasabi],ナガアサビ,名
[na⸢gaʔasabi],ナガアサビ,名
[na⸢gaʔami],ナガアミ,名
[na⸢gaʔami],ナガアミ,名
[na⸢gaʔami],ナガアミ,名
[na⸢gaʔami],ナガアミ,名
[na⸢gaʔiki],ナガイキ,名
[na⸢gaʔiki],ナガイキ,名
[na⸢ga⸣ʔiʣu],ナガイズ,名
[na⸢ga⸣ʔiʣu],ナガイズ,名
[na⸢ka⸣jiri],ナカイリ,名
[na⸢ka⸣jiri],ナカイリ,名
[na⸢kaʔuː⸣ru],ナカウール,名
[na⸢kaʔuː⸣ru],ナカウール,名
[na⸢ka⸣ʔubi],ナカウビ,名
[na⸢ka⸣ʔubi],ナカウビ,名
[na⸢ka⸣gai],ナカガイ,名
[na⸢ka⸣gai],ナカガイ,名
[⸣naka ⸢kai⸣jaŋ],ナカカイヤン,連
[⸣naka ⸢kai⸣jaŋ],ナカカイヤン,連
[na⸢kakama⸣ʧi],ナカカマチ,名
[na⸢kakama⸣ʧi],ナカカマチ,名
[na⸢ka⸣guː],ナカグー,名
[na⸢ka⸣guː],ナカグー,名
[na⸢ka⸣guː],ナカグー,名
[na⸢ka⸣guː],ナカグー,名
[na⸢kagusu̥⸣ku],ナカグスク,名
[na⸢kagusu̥⸣ku],ナカグスク,名
[na⸢ka⸣guru],ナカグル,名
[na⸢ka⸣guru],ナカグル,名
[na⸢ka⸣guru],ナカグル,名
[na⸢ka⸣guru],ナカグル,名
[na⸢ka⸣guruŋ],ナカグルン,他動
[na⸢ka⸣guruŋ],ナカグルン,他動
[na⸢ka⸣ʣa],ナカザ,名
[na⸢ka⸣ʣa],ナカザ,名
[⸣nakaʣaː],ナカザー,名
[⸣nakaʣaː],ナカザー,名
[na⸢ga⸣sanai],ナガサナイ,名
[na⸢ga⸣sanai],ナガサナイ,名
[na⸢ka⸣ʣapoːki],ナカザポーキ,名
[na⸢ka⸣ʣapoːki],ナカザポーキ,名
[na⸢ka⸣ʣara],ナカザラ,名
[na⸢ka⸣ʣara],ナカザラ,名
[na⸢ka⸣ʃi],ナカシ,固
[na⸢ka⸣ʃi],ナカシ,固
[na⸢ka⸣ʃiː],ナカシー,名
[na⸢ka⸣ʃiː],ナカシー,名
[na⸢ka⸣si̥kai],ナカシゥカイ,名
[na⸢ka⸣si̥kai],ナカシゥカイ,名
[na⸢kaʃi̥⸣keː],ナカシケー,名
[na⸢ka⸣ʃi̥keː],ナカシケー,名
[na⸢kaʃi̥⸣keː],ナカシケー,名
[na⸢ka⸣ʃi̥keː],ナカシケー,名
[⸣nakaʃiʣa],ナカシザ,名
[⸣nakaʃiʣa],ナカシザ,名
[na⸢gaʃiʤiki],ナガシジキ,名
[na⸢gaʃiʤiki],ナガシジキ,名
[na⸢gaʃibi],ナガシビ,名
[na⸢gaʃibi],ナガシビ,名
[⸣nakaʤiru],ナカジル,名
[na⸢ka⸣ʤiru],ナカジル,名
[⸣nakaʤiru],ナカジル,名
[na⸢ka⸣ʤiru],ナカジル,名
[na⸢ka⸣suː],ナカスー,名
[na⸢ka⸣suː],ナカスー,名
[na⸢ga⸣sudi],ナガスディ,名
[na⸢ga⸣sudi],ナガスディ,名
[na⸢kasuŋ],ナカスン,他動
[na⸢ga⸣suŋ],ナガスン,他動
[na⸢ga⸣suŋ],ナガスン,他動
[na⸢kasuŋ],ナカスン,他動
[na⸢ga⸣suŋ],ナガスン,他動
[na⸢ga⸣suŋ],ナガスン,他動
[na⸢ka⸣da],ナカダ,名
[na⸢ka⸣da],ナカダ,名
[na⸢kataga⸣i],ナカタガイ,名
[na⸢kataga⸣i],ナカタガイ,名
[na⸢kada⸣ʧi],ナカダチ,名
[na⸢kada⸣ʧi],ナカダチ,名
[na⸢kada⸣ti],ナカダティ,名
[na⸢kada⸣ti],ナカダティ,名
[na⸢gatabi],ナガタビ,名
[na⸢gatabi],ナガタビ,名
[na⸢ka⸣di],ナカディ,名
[na⸢ka⸣di],ナカディ,名
[na⸢kadi⸣pu̥su],ナカディプス,名
[na⸢kadi⸣pu̥su],ナカディプス,名
[na⸢kadi⸣munu],ナカディムヌ,名
[na⸢kadi⸣munu],ナカディムヌ,名
[na⸢kadoː⸣miʧi],ナカドーミチ,名
[na⸢kadoː⸣miʧi],ナカドーミチ,名
[na⸢ka⸣tu],ナカトゥ,名
[na⸢ka⸣tu],ナカトゥ,名
[⸣naka ⸣turuŋ],ナカトゥルン,連
[na⸢ka⸣  turuŋ],ナカトゥルン,連
[⸣naka ⸣turuŋ],ナカトゥルン,連
[na⸢ka⸣  turuŋ],ナカトゥルン,連
[na⸢kanau⸣ri],ナカナウリ,名
[na⸢kanau⸣ri],ナカナウリ,名
[na⸢kanaka],ナカナカ,副
[na⸢kanaka],ナカナカ,副
[na⸢kanakaː suŋ],ナカナカースン,連
[na⸢kanakaː suŋ],ナカナカースン,連
[na⸢ganaki],ナガナキ,名
[na⸢ganaki],ナガナキ,名
[na⸢kanu⸣ suni],ナカヌスニ,連
[na⸢kanu⸣ suni],ナカヌスニ,連
[na⸢ganuʧi],ナガヌチ,名
[na⸢ganuʧi],ナガヌチ,名
[na⸢kanoː⸣ri],ナカノーリ,名
[na⸢kanoː⸣ri],ナカノーリ,名
[na⸢kanoː⸣ri],ナカノーリ,名
[na⸢kanoː⸣ri],ナカノーリ,名
[na⸢ka⸣ba],ナカバ,名
[na⸢ka⸣ba],ナカバ,名
[na⸢gapataraki],ナガパタラキ,名
[na⸢gapataraki],ナガパタラキ,名
[na⸢gapanaʃi],ナガパナシ,名
[na⸢gapanaʃi],ナガパナシ,名
[na⸢ga⸣hama],ナガハマ,名
[na⸢ga⸣hama],ナガハマ,名
[na⸢kaba⸣jabi],ナカバヤビ,名
[na⸢kaba⸣jabi],ナカバヤビ,名
[na⸢kabajabu⸣ri],ナカバヤブリ,名
[na⸢kabajabu⸣ri],ナカバヤブリ,名
[na⸢ka⸣baraː],ナカバラー,名
[na⸢ka⸣baraː],ナカバラー,名
[na⸢ka⸣bari],ナカバリ,名
[na⸢ka⸣bari],ナカバリ,名
[na⸢ka⸣bi],ナカビ,名
[na⸢ka⸣bi],ナカビ,名
[na⸢gabikuŋ],ナガビクン,自動
[na⸢gabikuŋ],ナガビクン,自動
[na⸢gabiri],ナガビリ,名
[na⸢gabiri],ナガビリ,名
[na⸢gabiri],ナガビリ,名
[na⸢gabiri],ナガビリ,名
[na⸢ka⸣puː],ナカプー,名
[na⸢ka⸣puː],ナカプー,名
[na⸢kaɸu̥ku⸣ru],ナカフクル,名
[na⸢kaɸu̥ku⸣ru],ナカフクル,名
[na⸢ka⸣ɸuta],ナカフタ,名
[na⸢ka⸣ɸuta],ナカフタ,名
[na⸢ka⸣buni],ナカブニ,名
[na⸢ka⸣buni],ナカブニ,名
[na⸢kamagaː⸣ra],ナカマガーラ,名
[na⸢kamagaː⸣ra],ナカマガーラ,名
[na⸢ka⸣mamiʦukeː],ナカマミツケー,名
[na⸢ka⸣mamiʦukeː],ナカマミツケー,名
[na⸢ka⸣mamura],ナカマムラ,名
[na⸢ka⸣mamura],ナカマムラ,名
[na⸢ga⸣mi],ナガミ,名
[na⸢ga⸣mi],ナガミ,名
[na⸢ka⸣miː],ナカミー,名
[na⸢ka⸣miː],ナカミー,名
[na⸢ka⸣miː],ナカミー,名
[na⸢ka⸣miː],ナカミー,名
[na⸢kamiː⸣nu ⸢ʃiːmunu],ナカミーヌシームヌ,連
[na⸢kamiː⸣nu ⸢ʃiːmunu],ナカミーヌシームヌ,連
[na⸢gami⸣ku],ナガミク,名
[na⸢gami⸣ku],ナガミク,名
[na⸢gami⸣kuː],ナガミクー,名
[na⸢gami⸣kuː],ナガミクー,名
[na⸢ka⸣miʧi],ナカミチ,名
[na⸢ka⸣miʧi],ナカミチ,名
[na⸢gami⸣ruŋ],ナガミルン,他動
[na⸢gami⸣ruŋ],ナガミルン,他動
[na⸢kamuka⸣ʃi],ナカムカシ,名
[na⸢kamuka⸣ʃi],ナカムカシ,名
[na⸢gamuti],ナガムティ,名
[na⸢gamuti],ナガムティ,名
[na⸢gamuti],ナガムティ,名
[na⸢gamuti],ナガムティ,名
[na⸢ga⸣munu],ナガムヌ,名
[na⸢ga⸣munu],ナガムヌ,名
[na⸢ka⸣muru],ナカムル,名
[na⸢ka⸣muru],ナカムル,名
[na⸢ga⸣muŋ],ナガムン,他動
[na⸢ga⸣muŋ],ナガムン,他動
[⸣nakajaː],ナカヤー,名
[⸣nakajaː],ナカヤー,名
[na⸢ka⸣jadu],ナカヤドゥ,名
[na⸢ka⸣jadu],ナカヤドゥ,名
[⸣naka ja⸢ni⸣jaŋ],ナカヤニヤン,連
[⸣naka ja⸢ni⸣jaŋ],ナカヤニヤン,連
[na⸢ka⸣jabi],ナカヤビ,名
[na⸢ka⸣jabi],ナカヤビ,名
[na⸢gajaburi],ナガヤブリ,名
[na⸢gajaburi],ナガヤブリ,名
[na⸢gajaŋ],ナガヤン,名
[na⸢gajaŋ],ナガヤン,名
[na⸢ka⸣juː],ナカユー,名
[na⸢gajuː],ナガユー,名
[na⸢ka⸣juː],ナカユー,名
[na⸢gajuː],ナガユー,名
[na⸢kajuː⸣kui],ナカユークイ,名
[na⸢kajuː⸣kui],ナカユークイ,名
[na⸢kajuk⸣ka],ナカユッカ,名
[na⸢kajuk⸣ka],ナカユッカ,名
[na⸢ka⸣ra],ナカラ,名
[⸢-nagara],ナガラ,接助
[na⸢ka⸣ra],ナカラ,名
[⸢-nagara],ナガラ,接助
[na⸢garairuŋ],ナガライルン,自動
[na⸢garairuŋ],ナガライルン,自動
[na⸢karaʔui⸣pu̥su],ナカラウイプス,名
[na⸢karaʔui⸣pu̥su],ナカラウイプス,名
[na⸢garauŋ],ナガラウン,自動
[na⸢garauŋ],ナガラウン,自動
[na⸢garaku],ナガラク,副
[na⸢garaku],ナガラク,副
[na⸢kara⸣tḁti],ナカラタティ,名
[na⸢kara⸣tḁti],ナカラタティ,名
[na⸢kara⸣niː],ナカラニー,名
[na⸢kara⸣niː],ナカラニー,名
[na⸢kara⸣bata],ナカラバタ,名
[na⸢kara⸣bata],ナカラバタ,名
[na⸢kara⸣ɸuni],ナカラフニ,名
[na⸢kara⸣ɸuni],ナカラフニ,名
[na⸢kara⸣miʧi],ナカラミチ,名
[na⸢kara⸣miʧi],ナカラミチ,名
[na⸢kara⸣munu],ナカラムヌ,名
[na⸢kara⸣munu],ナカラムヌ,名
[na⸢kara⸣jabi],ナカラヤビ,名
[na⸢kara⸣jabi],ナカラヤビ,名
[na⸢ga⸣ri],ナガリ,名
[na⸢ga⸣ri],ナガリ,名
[na⸢gawaʧirai],ナガワチライ,名
[na⸢gawaʧirai],ナガワチライ,名
[na⸢ka⸣wari],ナカワリ,名
[na⸢ka⸣wari],ナカワリ,名
[na⸢kaŋguʃi̥⸣ʧi],ナカングシチ,名
[na⸢kaŋguʃi̥⸣ʧi],ナカングシチ,名
[na⸢kan⸣teː],ナカンテー,名
[na⸢kan⸣teː],ナカンテー,名
[na⸢kan⸣teːnu ⸢jaʃi̥⸣ki],ナカンテーヌヤシキ,連
[na⸢kan⸣teːnu ⸢jaʃi̥⸣ki],ナカンテーヌヤシキ,連
[na⸢kam⸣bure],ナカンブレ,名
[na⸢kam⸣bure],ナカンブレ,名
[⸣nakamma],ナカンマ,名
[⸣nakamma],ナカンマ,名
[na⸢kiakasuŋ],ナキアカスン,自動
[na⸢kiakasuŋ],ナキアカスン,自動
[na⸢kiaʣa],ナキアザ,名
[na⸢kiaʣa],ナキアザ,名
[na⸢kikakaruŋ],ナキカカルン,自動
[na⸢kikakaruŋ],ナキカカルン,自動
[na⸢kigui],ナキグイ,名
[na⸢kigui],ナキグイ,名
[na⸢kikugaruŋ],ナキクガルン,自動
[na⸢kikugaruŋ],ナキクガルン,自動
[na⸢kikurasuŋ],ナキクラスン,自動
[na⸢kikurasuŋ],ナキクラスン,自動
[na⸢ki⸣ ʣa⸢man⸣duruŋ],ナキザマンドゥルン,連
[na⸢ki⸣ ʣa⸢man⸣duruŋ],ナキザマンドゥルン,連
[na⸢kiʤira],ナキジラ,名
[na⸢kiʤira],ナキジラ,名
[na⸢kinibi],ナキニビ,名
[na⸢kinibi],ナキニビ,名
[na⸢kibakari],ナキバカリ,名
[na⸢kibakari],ナキバカリ,名
[na⸢kibarai],ナキバライ,名
[na⸢kibarai],ナキバライ,名
[na⸢kibuː],ナキブー,名
[na⸢kibuː],ナキブー,名
[na⸢kibugari],ナキブガリ,名
[na⸢kibugari],ナキブガリ,名
[na⸢kibugari⸣ruŋ],ナキブガリルン,自動
[na⸢kibugari⸣ruŋ],ナキブガリルン,自動
[na⸢kibusaː],ナキブサー,名
[na⸢kibusaː],ナキブサー,名
[na⸢kiɸu̥ʧi],ナキフチ,名
[na⸢kiɸu̥ʧi],ナキフチ,名
[na⸢kimaːbi],ナキマービ,名
[na⸢kimaːbi],ナキマービ,名
[na⸢kimuni],ナキムニ,名
[na⸢kimuni],ナキムニ,名
[na⸢kijamuŋ],ナキヤムン,自動
[na⸢kijamuŋ],ナキヤムン,自動
[na⸢kiŋgui],ナキングイ,名
[na⸢kiŋgui],ナキングイ,名
[na⸢gui],ナグイ,名
[na⸢gui],ナグイ,名
[na⸢gusami],ナグサミ,名
[na⸢gusami],ナグサミ,名
[na⸢gusamiruŋ],ナグサミルン,他動
[na⸢gusamiruŋ],ナグサミルン,他動
[na⸢gusamuŋ],ナグサムン,他動
[na⸢gusamuŋ],ナグサムン,他動
[na⸢kuraː⸣su̥koː],ナクラースコー,副
[na⸢kuraː⸣su̥koː],ナクラースコー,副
[na⸢kuraː⸣ŋ],ナクラーン,形
[na⸢kuraː⸣ŋ],ナクラーン,形
[na⸢kuraː⸣ŋ],ナクラーン,形
[na⸢kuraː⸣ŋ],ナクラーン,形
[na⸢gurawaŋ],ナグラワン,固
[na⸢gurawaŋ],ナグラワン,固
[na⸢kuŋ],ナクン,自動
[⸢-na⸣kuŋ],ナクン,接尾
[na⸢kuŋ],ナクン,自動
[⸢-na⸣kuŋ],ナクン,接尾
[⸣nakeː],ナケー,名
[⸣nakeː],ナケー,名
[⸣nakeː],ナケー,名
[⸣nakeː],ナケー,名
[⸣nasaː],ナサー,名
[⸣nasaː],ナサー,名
[⸣nasaː],ナサー,名
[⸣nasaː],ナサー,名
[na⸢sagasuŋ],ナサガスン,他動
[na⸢sagasuŋ],ナサガスン,他動
[na⸢sa⸣ki],ナサキ,名
[na⸢sa⸣ki],ナサキ,名
[na⸢sa⸣suŋ],ナサスン,他動
[na⸢sa⸣suŋ],ナサスン,他動
[na⸢sa⸣bi],ナサビ,名
[na⸢sa⸣bi],ナサビ,名
[na⸢sarakasa⸣ra],ナサラカサラ,名
[na⸢sarakasa⸣ra],ナサラカサラ,名
[na⸢sa⸣rikaː],ナサリカー,副
[na⸢sa⸣rikaː],ナサリカー,副
[na⸢sa⸣riŋ],ナサリン,自動
[na⸢sa⸣riŋ],ナサリン,自動
[na⸢saŋ⸣ʔuja],ナサンウヤ,名
[na⸢saŋ⸣ʔuja],ナサンウヤ,名
[na⸢saŋ⸣ffa],ナサンッふァ,名
[na⸢saŋ⸣ffa],ナサンッふァ,名
[na⸢ʃiʔaga⸣ruŋ],ナシアガルン,自動
[na⸢ʃiʔaga⸣ruŋ],ナシアガルン,自動
[na⸢ʃi⸣ʔatu],ナシアトゥ,名
[na⸢ʃi⸣ʔatu],ナシアトゥ,名
[⸢nasi̥ka⸣sa ⸢suŋ],ナシゥカサスン,連
[⸢nasi̥ka⸣sa ⸢suŋ],ナシゥカサスン,連
[⸢nasi̥ka⸣saŋ],ナシゥカサン,形
[⸢nasi̥ka⸣saŋ],ナシゥカサン,形
[⸢nasi̥ka⸣saŋ],ナシゥカサン,形
[⸢nasi̥ka⸣saŋ],ナシゥカサン,形
[⸢naʃi̥ki],ナシキ,名
[⸢naʃi̥ki],ナシキ,名
[⸢naʃi̥kikaʃi̥⸣ki],ナシキカシキ,名
[⸢naʃi̥kikaʃi̥⸣ki],ナシキカシキ,名
[⸢naʃi̥kimuni],ナシキムニ,名
[⸢naʃi̥kimuni],ナシキムニ,名
[⸢naʃi̥kiruŋ],ナシキルン,他動
[⸢naʃi̥kiruŋ],ナシキルン,他動
[⸢naʃi̥kuŋ],ナシクン,他動
[⸢naʃi̥kuŋ],ナシクン,他動
[na⸢ʃi⸣ʃi̥ki],ナシシキ,名
[na⸢ʃi⸣ʃi̥ki],ナシシキ,名
[na⸢ʃiʣoː⸣ʤi],ナシゾージ,名
[na⸢ʃiʣoː⸣ʤi],ナシゾージ,名
[⸣naʃikkiraː],ナシッキラー,名
[⸣naʃikkiraː],ナシッキラー,名
[na⸢ʃik⸣kuru],ナシックル,名
[na⸢ʃik⸣kuru],ナシックル,名
[na⸢ʃi⸣ffa],ナシッふァ,名
[na⸢ʃi⸣ffa],ナシッふァ,名
[na⸢ʃi⸣nu ⸣ʔuja],ナシヌウヤ,連
[na⸢ʃi⸣nuʔuja],ナシヌウヤ,名
[na⸢ʃi⸣nu ⸣ʔuja],ナシヌウヤ,連
[na⸢ʃi⸣nuʔuja],ナシヌウヤ,名
[na⸢ʃinu⸣ffa],ナシヌッふァ,名
[na⸢ʃinu⸣ffa],ナシヌッふァ,名
[⸣naʃipanʤoː],ナシパンジョー,名
[⸣naʃipanʤoː],ナシパンジョー,名
[na⸢ʃi⸣mai],ナシマイ,名
[na⸢ʃi⸣mai],ナシマイ,名
[na⸢ʃijuː⸣suŋ],ナシユースン,自動
[na⸢ʃijuː⸣suŋ],ナシユースン,自動
[na⸢ʃiŋ⸣gata],ナシンガタ,名
[na⸢ʃiŋ⸣gata],ナシンガタ,名
[⸢nasu̥kuŋ],ナスクン,他動
[⸢nasu̥kuŋ],ナスクン,他動
[na⸢su⸣bi],ナスビ,名
[na⸢su⸣bi],ナスビ,名
[⸣nasuŋ],ナスン,他動
[⸣nasuŋ],ナスン,他動
[⸣nasuŋ],ナスン,他動
[⸣nasuŋ],ナスン,他動
[⸣nada],ナダ,名
[⸣nada],ナダ,名
[na⸢da⸣ka],ナダカ,名
[na⸢da⸣ka],ナダカ,名
[⸣nadaguruguruː],ナダグルグルー,副
[⸣nadaguruguruː],ナダグルグルー,副
[na⸢daʃi̥turuŋkeː⸣ri],ナダシトゥルンケーリ,副
[na⸢daʃi̥turuŋkeː⸣ri],ナダシトゥルンケーリ,副
[na⸢daʣuː⸣waŋ],ナダズーワン,形
[na⸢daʣuː⸣waŋ],ナダズーワン,形
[⸣nada ⸢hoː⸣suŋ],ナダホースン,連
[⸣nada ⸢hoː⸣suŋ],ナダホースン,連
[na⸢damaː⸣ruŋ],ナダマールン,自動
[na⸢damaː⸣ruŋ],ナダマールン,自動
[na⸢dami⸣ruŋ],ナダミルン,他動
[na⸢dami⸣ruŋ],ナダミルン,他動
[na⸢da⸣muŋ],ナダムン,他動
[na⸢da⸣muŋ],ナダムン,他動
[na⸢dajaʃiː],ナダヤシー,連体
[na⸢dajaʃiː],ナダヤシー,連体
[na⸢dajas⸣saŋ],ナダヤッサン,形
[na⸢dajas⸣saŋ],ナダヤッサン,形
[na⸢dajoː⸣ŋ],ナダヨーン,形
[na⸢dajoː⸣ŋ],ナダヨーン,形
[na⸢dara⸣ka],ナダラカ,名
[na⸢dara⸣ka],ナダラカ,名
[na⸢darakasuŋ],ナダラカスン,他動
[na⸢darakasuŋ],ナダラカスン,他動
[na⸢darakamiʧi],ナダラカミチ,名
[na⸢darakamiʧi],ナダラカミチ,名
[na⸢darakuŋ],ナダラクン,他動
[na⸢darakuŋ],ナダラクン,他動
[na⸢iʧi],ナチ,名
[na⸢iʧi],ナチ,名
[na⸢ʧiʔaʃibu],ナチアシブ,名
[na⸢ʧiʔaʃibu],ナチアシブ,名
[na⸢ʧiami],ナチアミ,名
[na⸢ʧiami],ナチアミ,名
[na⸢ʧiʔamoːri],ナチアモーリ,名
[na⸢ʧiʔamoːri],ナチアモーリ,名
[na⸢ʧi⸣kiŋ],ナチキン,名
[na⸢ʧi⸣kiŋ],ナチキン,名
[na⸢ʧimaki],ナチマキ,名
[na⸢ʧimaki],ナチマキ,名
[na⸢ʧi⸣munu],ナチムヌ,名
[na⸢ʧi⸣munu],ナチムヌ,名
[na⸢ʦaː⸣ra],ナツァーラ,名
[na⸢ʦaː⸣ra],ナツァーラ,名
[na⸢ʦagasuŋ],ナツァガスン,他動
[na⸢ʦagasuŋ],ナツァガスン,他動
[na⸢ʦaguŋ],ナツァグン,自動
[na⸢ʦaguŋ],ナツァグン,自動
[na⸢ʦarakaʦa⸣ra],ナツァラカツァラ,副
[na⸢ʦa⸣rakaʦara],ナツァラカツァラ,名
[na⸢ʦarakaʦa⸣ra],ナツァラカツァラ,副
[na⸢ʦa⸣rakaʦara],ナツァラカツァラ,名
[⸢nat⸣ʧiŋ],ナッチン,名
[⸢nat⸣ʧiŋ],ナッチン,名
[⸢nat⸣ʧiŋ],ナッチン,名
[⸢nat⸣ʧiŋ],ナッチン,名
[⸢nattu⸣ku],ナットゥク,名
[⸢nattu⸣ku],ナットゥク,名
[⸢na⸣ti],ナティ,接尾
[⸢na⸣ti],ナティ,接尾
[⸢na⸣ti],ナティ,接尾
[⸢na⸣ti],ナティ,接尾
[na⸢dimaː⸣suŋ],ナディマースン,他動
[na⸢dimaː⸣suŋ],ナディマースン,他動
[na⸢di⸣ruŋ],ナディルン,他動
[na⸢di⸣ruŋ],ナディルン,他動
[⸣nadu],ナドゥ,名
[⸣nadu],ナドゥ,名
[⸣nadu],ナドゥ,名
[⸣nadu],ナドゥ,名
[⸣naduŋ],ナドゥン,他動
[⸣naduŋ],ナドゥン,他動
[⸣nana],ナナ,名
[⸣nana],ナナ,名
[na⸢nai⸣ra],ナナイラ,名
[na⸢nai⸣ra],ナナイラ,名
[na⸢nakasa⸣bi],ナナカサビ,名
[na⸢nakasa⸣bi],ナナカサビ,名
[na⸢nakuru⸣bi ⸢jaːʔuki],ナナクルビヤーウキ,連
[na⸢nakuru⸣bi ⸢jaːʔuki],ナナクルビヤーウキ,連
[na⸢nasai⸣nu ⸣pana],ナナサイヌパナ,連
[na⸢nasai⸣nu ⸣pana],ナナサイヌパナ,連
[na⸢na⸣ʃi̥ki],ナナシキ,名
[na⸢na⸣ʃi̥ki],ナナシキ,名
[na⸢naʃi̥ki⸣ffa],ナナシキッふァ,名
[na⸢naʃi̥ki⸣ffa],ナナシキッふァ,名
[na⸢nasuː⸣nu na⸢na⸣su̥ku],ナナスーヌナナスク,連
[na⸢nasuː⸣nu na⸢na⸣su̥ku],ナナスーヌナナスク,連
[na⸢natam⸣buː],ナナタンブー,名
[na⸢natam⸣buː],ナナタンブー,名
[na⸢na⸣ʧi],ナナチ,名
[na⸢na⸣ʧi],ナナチ,名
[na⸢naʧim⸣buʃi],ナナチンブシ,名
[na⸢naʧim⸣buʃi],ナナチンブシ,名
[na⸢nak⸣ku],ナナック,名
[na⸢nak⸣ku],ナナック,名
[na⸢nat⸣ʧi],ナナッチ,名
[na⸢nat⸣ʧi],ナナッチ,名
[na⸢nat⸣ʧi],ナナッチ,名
[na⸢nat⸣ʧi],ナナッチ,名
[na⸢na⸣ti],ナナティ,名
[na⸢na⸣ti],ナナティ,名
[na⸢nati⸣nu ⸢sok⸣koː],ナナティヌソッコー,連
[na⸢nati⸣nu ⸢sok⸣koː],ナナティヌソッコー,連
[na⸢na⸣tu],ナナトゥ,名
[na⸢na⸣tu],ナナトゥ,名
[nanik⸢kura],ナニックラ,副
[nanik⸢kura],ナニックラ,副
[⸣naha],ナハ,名
[⸣naba],ナバ,名
[⸣naha],ナハ,名
[⸣naba],ナバ,名
[na⸢ban⸣doː],ナバンドー,名
[na⸢ban⸣doː],ナバンドー,名
[⸣nabi],ナビ,名
[⸣nabi],ナビ,名
[na⸢biʔuti⸣ɸu̥ʧi],ナビウティフチ,名
[na⸢biʔuti⸣ɸu̥ʧi],ナビウティフチ,名
[⸣nabikama],ナビカマ,名
[⸣nabikama],ナビカマ,名
[⸣nabikuːsaː],ナビクーサー,名
[⸣nabikuːsaː],ナビクーサー,名
[⸣nabiʃi̥keː],ナビシケー,名
[⸣nabiʃi̥keː],ナビシケー,名
[na⸢bit⸣ʦu],ナビッツ,名
[na⸢bit⸣ʦu],ナビッツ,名
[na⸢bit⸣ʦommaː],ナビッツォンマー,固
[na⸢bit⸣ʦommaː],ナビッツォンマー,固
[na⸢bi⸣nu ⸣kuː],ナビヌクー,連
[na⸢bi⸣nu ⸣kuː],ナビヌクー,連
[na⸢bi⸣nu ⸣tiː],ナビヌティー,連
[na⸢bi⸣nu ⸣tiː],ナビヌティー,連
[na⸢bi⸣nu pi̥⸢sa⸣bi],ナビヌピサビ,連
[na⸢bi⸣nu pi̥⸢sa⸣bi],ナビヌピサビ,連
[na⸢bi⸣nu ⸢piŋgu],ナビヌピング,連
[na⸢bi⸣nu ⸢piŋgu],ナビヌピング,連
[na⸢biŋ⸣ɸu̥ta],ナビンフタ,名
[na⸢biŋ⸣ɸu̥ta],ナビンフタ,名
[na⸢buttaː⸣ruŋ],ナブッタールン,自動
[na⸢buttaː⸣ruŋ],ナブッタールン,自動
[na⸢but⸣ʦaːŋ],ナブッツァーン,形
[na⸢but⸣ʦaːŋ],ナブッツァーン,形
[na⸢buraːt⸣ʦaŋ],ナブラーッツァン,形
[na⸢buraːt⸣ʦaŋ],ナブラーッツァン,形
[nabu⸢raːnaburaː⸣ʃi],ナブラーナブラーシ,副
[nabu⸢raːnaburaː⸣ʃi],ナブラーナブラーシ,副
[⸣nabeː],ナベー,名
[⸣nabeː],ナベー,名
[na⸢beː⸣ma],ナベーマ,名
[na⸢beː⸣ma],ナベーマ,名
[na⸢beː⸣ra],ナベーラ,名
[na⸢beː⸣ra],ナベーラ,名
[na⸢beː⸣raʃiː],ナベーラシー,名
[na⸢beː⸣raʃiː],ナベーラシー,名
[na⸢beː⸣radana],ナベーラダナ,名
[na⸢beː⸣radana],ナベーラダナ,名
[⸣nabemmaː],ナベンマー,名
[⸣nabemmaː],ナベンマー,名
[⸣nabemmateː],ナベンマテー,名
[⸣nabemmateː],ナベンマテー,名
[nama-],ナマ,名
[nama-],ナマ,接頭
[nama-],ナマ,名
[nama-],ナマ,接頭
[namaː⸢nama⸣ʃi],ナマーナマシ,副
[namaː⸢nama⸣ʃi],ナマーナマシ,副
[na⸢ma⸣ʔaʃi],ナマアシ,名
[na⸢ma⸣ʔaʃi],ナマアシ,名
[na⸢ma⸣ʔiː],ナマイー,名
[na⸢ma⸣ʔiː],ナマイー,名
[na⸢ma⸣ʔiː],ナマイー,名
[na⸢ma⸣ʔiː],ナマイー,名
[na⸢mai⸣ʣu],ナマイズ,名
[na⸢mai⸣ʣu],ナマイズ,名
[na⸢ma⸣ʔuŋ],ナマウン,名
[na⸢ma⸣ʔuŋ],ナマウン,名
[na⸢ma⸣kaː],ナマカー,名
[na⸢ma⸣kaː],ナマカー,名
[na⸢ma⸣kaʣa],ナマカザ,名
[na⸢ma⸣kaʣa],ナマカザ,名
[na⸢ma⸣kiː],ナマキー,名
[na⸢ma⸣kiː],ナマキー,名
[na⸢ma⸣kiʤi],ナマキジ,名
[na⸢ma⸣kiʤi],ナマキジ,名
[na⸢maki⸣munu],ナマキムヌ,名
[na⸢maki⸣munu],ナマキムヌ,名
[na⸢maki⸣ruŋ],ナマキルン,自動
[na⸢maki⸣ruŋ],ナマキルン,自動
[na⸢ma⸣gumi],ナマグミ,名
[na⸢ma⸣gumi],ナマグミ,名
[na⸢makura⸣ʃi],ナマクラシ,名
[na⸢makura⸣ʃi],ナマクラシ,名
[na⸢ma⸣kuŋ],ナマクン,他動・自動
[na⸢ma⸣kuŋ],ナマクン,他動・自動
[na⸢makoː⸣ma],ナマコーマ,名
[na⸢makoː⸣ma],ナマコーマ,名
[na⸢ma⸣ʣari],ナマザリ,名
[na⸢ma⸣ʣari],ナマザリ,名
[na⸢ma⸣ʣarikiː],ナマザリキー,名
[na⸢ma⸣ʣarikiː],ナマザリキー,名
[na⸢ma⸣ʃi],ナマシ,名
[na⸢ma⸣ʃi],ナマシ,名
[na⸢ma⸣ʃiː],ナマシー,名
[na⸢ma⸣ʃiː],ナマシー,名
[na⸢ma⸣ʃi̥ki],ナマシキ,名
[na⸢ma⸣ʃiki],ナマシキ,名
[na⸢ma⸣ʃi̥ki],ナマシキ,名
[na⸢ma⸣ʃiki],ナマシキ,名
[na⸢maʃi̥ki⸣kaʣa],ナマシキカザ,名
[na⸢maʃi̥ki⸣kaʣa],ナマシキカザ,名
[na⸢maʃi̥keː⸣na],ナマシケーナ,副
[na⸢maʃi̥keː⸣na],ナマシケーナ,副
[na⸢ma⸣ʃimi],ナマシミ,名
[na⸢ma⸣ʃimi],ナマシミ,名
[na⸢ma⸣ʤiraː],ナマジラー,名
[na⸢ma⸣ʤiraː],ナマジラー,名
[na⸢maʤira⸣suŋ],ナマジラスン,他動
[na⸢maʤira⸣suŋ],ナマジラスン,他動
[na⸢maʤira⸣suŋ],ナマジラスン,他動
[na⸢maʤira⸣suŋ],ナマジラスン,他動
[na⸢maʤira⸣suŋ],ナマジラスン,他動
[na⸢maʤira⸣suŋ],ナマジラスン,他動
[na⸢maʤiri⸣ffai],ナマジリッふァイ,名
[na⸢maʤiri⸣ffai],ナマジリッふァイ,名
[na⸢maʤiri⸣ɸui],ナマジリフイ,名
[na⸢maʤiri⸣ɸui],ナマジリフイ,名
[na⸢ma⸣ʤiruŋ],ナマジルン,自動
[na⸢ma⸣ʤiruŋ],ナマジルン,自動
[na⸢masubu⸣ru],ナマスブル,名
[na⸢masubu⸣ru],ナマスブル,名
[na⸢masuburu⸣jaŋ],ナマスブルヤン,名
[na⸢masuburu⸣jaŋ],ナマスブルヤン,名
[na⸢ma⸣taki],ナマタキ,名
[na⸢ma⸣taki],ナマタキ,名
[na⸢matamu⸣nu],ナマタムヌ,名
[na⸢matamu⸣nu],ナマタムヌ,名
[na⸢ma⸣ssa],ナマッサ,名
[na⸢ma⸣ssa],ナマッサ,名
[na⸢massari⸣kaʣa],ナマッサリカザ,名
[na⸢massari⸣kaʣa],ナマッサリカザ,名
[na⸢ma⸣ssusu],ナマッス,名
[na⸢ma⸣ssusu],ナマッス,名
[na⸢matoː⸣ɸu],ナマトーフ,名
[na⸢matoː⸣ɸu],ナマトーフ,名
[na⸢ma⸣duː],ナマドゥー,名
[na⸢ma⸣duː],ナマドゥー,名
[na⸢ma⸣niː],ナマニー,名
[na⸢ma⸣niː],ナマニー,名
[na⸢ma⸣niku],ナマニク,名
[na⸢ma⸣niku],ナマニク,名
[na⸢ma⸣paː],ナマパー,名
[na⸢ma⸣paː],ナマパー,名
[na⸢ma⸣paː],ナマパー,名
[na⸢ma⸣paː],ナマパー,名
[na⸢mapati⸣munu],ナマパティムヌ,名
[na⸢mapati⸣munu],ナマパティムヌ,名
[na⸢ma⸣barai],ナマバライ,名
[na⸢ma⸣barai],ナマバライ,名
[na⸢ma⸣puni],ナマプニ,名
[na⸢ma⸣puni],ナマプニ,名
[na⸢mapuri⸣munu],ナマプリムヌ,名
[na⸢mapuri⸣munu],ナマプリムヌ,名
[na⸢ma⸣mai],ナママイ,名
[na⸢ma⸣mai],ナママイ,名
[na⸢mamiː⸣su],ナマミース,名
[na⸢mamiː⸣su],ナマミース,名
[na⸢ma⸣miʤi],ナマミジ,名
[na⸢ma⸣miʤi],ナマミジ,名
[na⸢ma⸣munu],ナマムヌ,名
[na⸢ma⸣munu],ナマムヌ,名
[na⸢mara⸣suŋ],ナマラスン,他動
[na⸢mara⸣suŋ],ナマラスン,他動
[na⸢mara⸣suŋ],ナマラスン,他動
[na⸢mara⸣suŋ],ナマラスン,他動
[na⸢ma⸣ri],ナマリ,名
[na⸢ma⸣ri],ナマリ,名
[na⸢ma⸣ruŋ],ナマルン,自動
[na⸢ma⸣ruŋ],ナマルン,自動
[na⸢ma⸣ruŋ],ナマルン,自動
[na⸢ma⸣ruŋ],ナマルン,自動
[na⸢ma⸣ruŋ],ナマルン,自動
[na⸢ma⸣ruŋ],ナマルン,自動
[na⸢manda-],ナマンダ,接頭
[na⸢manda-],ナマンダ,接頭
[na⸢mandaʔakubi],ナマンダアクビ,名
[na⸢mandaʔakubi],ナマンダアクビ,名
[na⸢mandaʔiki],ナマンダイキ,名
[na⸢mandaʔiki],ナマンダイキ,名
[na⸢mandaʔibi],ナマンダイビ,名
[na⸢mandaʔibi],ナマンダイビ,名
[na⸢mandaʔuːmi],ナマンダウーミ,名
[na⸢mandaʔuːmi],ナマンダウーミ,名
[na⸢mandaʔuːmi],ナマンダウーミ,名
[na⸢mandaʔuːmi],ナマンダウーミ,名
[na⸢mandaʔubui],ナマンダウブイ,名
[na⸢mandaʔubui],ナマンダウブイ,名
[na⸢mandakaːraki],ナマンダカーラキ,名
[na⸢mandakaːraki],ナマンダカーラキ,名
[na⸢mandakaiʃi],ナマンダカイシ,名
[na⸢mandakaiʃi],ナマンダカイシ,名
[na⸢mandakaman⸣da],ナマンダカマンダ,副
[na⸢mandakaman⸣da],ナマンダカマンダ,副
[na⸢mandakanʣari],ナマンダカンザリ,名
[na⸢mandakanʣari],ナマンダカンザリ,名
[na⸢mandakuraʃi],ナマンダクラシ,名
[na⸢mandakuraʃi],ナマンダクラシ,名
[na⸢mandaʃiː],ナマンダシー,名
[na⸢mandaʃiː],ナマンダシー,名
[na⸢mandaʃi̥ki],ナマンダシキ,名
[na⸢mandaʃi̥ki],ナマンダシキ,名
[na⸢mandaʃi̥ki],ナマンダシキ,名
[na⸢mandaʃi̥ki],ナマンダシキ,名
[na⸢mandaʃigutu],ナマンダシグトゥ,名
[na⸢mandaʃigutu],ナマンダシグトゥ,名
[na⸢mandaʃini],ナマンダシニ,名
[na⸢mandaʃini],ナマンダシニ,名
[na⸢manda⸣suːpisaːru],ナマンダスーピサール,名
[na⸢manda⸣suːpisaːru],ナマンダスーピサール,名
[na⸢mandasu̥kuri],ナマンダスクリ,名
[na⸢mandasu̥kuri],ナマンダスクリ,名
[na⸢mandasuri],ナマンダスリ,名
[na⸢mandasuri],ナマンダスリ,名
[na⸢mandasuri],ナマンダスリ,名
[na⸢mandasuri],ナマンダスリ,名
[na⸢mandasoːri],ナマンダソーリ,名
[na⸢mandasoːri],ナマンダソーリ,名
[na⸢mandassaːku],ナマンダッサーク,名
[na⸢mandassaːku],ナマンダッサーク,名
[na⸢mandaʃʃi],ナマンダッシ,名
[na⸢mandaʃʃi],ナマンダッシ,名
[na⸢mandaffai],ナマンダッふァイ,名
[na⸢mandaffai],ナマンダッふァイ,名
[na⸢mandaniː],ナマンダニー,名
[na⸢mandaniː],ナマンダニー,名
[na⸢mandanibi],ナマンダニビ,名
[na⸢mandanibi],ナマンダニビ,名
[na⸢mandaneːʃi],ナマンダネーシ,名
[na⸢mandaneːʃi],ナマンダネーシ,名
[na⸢mandanoːʃi],ナマンダノーシ,名
[na⸢mandanoːʃi],ナマンダノーシ,名
[na⸢mandanoːri],ナマンダノーリ,名
[na⸢mandanoːri],ナマンダノーリ,名
[na⸢mandabarai],ナマンダバライ,名
[na⸢mandabarai],ナマンダバライ,名
[na⸢mandabiː],ナマンダビー,名
[na⸢mandabiː],ナマンダビー,名
[na⸢mandapiːri],ナマンダピーリ,名
[na⸢mandapiːri],ナマンダピーリ,名
[na⸢mandaɸui],ナマンダフイ,名
[na⸢mandaɸui],ナマンダフイ,名
[na⸢mandapuʃi],ナマンダプシ,名
[na⸢mandapuʃi],ナマンダプシ,名
[na⸢mandamiri],ナマンダミリ,名
[na⸢mandamiri],ナマンダミリ,名
[na⸢mandamuːmi],ナマンダムーミ,名
[na⸢mandamuːmi],ナマンダムーミ,名
[na⸢mandamuni],ナマンダムニ,名
[na⸢mandamuni],ナマンダムニ,名
[na⸢mandari⸣munu],ナマンダリムヌ,名
[na⸢mandari⸣munu],ナマンダリムヌ,名
[na⸢mi],ナミ,名
[na⸢mi],ナミ,名
[na⸢mi],ナミ,名
[na⸢mi],ナミ,名
[na⸢mi⸣kaʤi],ナミカジ,名
[na⸢mi⸣kaʤi],ナミカジ,名
[na⸢minamiːtu],ナミナミートゥ,副
[na⸢minamiːtu],ナミナミートゥ,副
[na⸢minu⸣ pana],ナミヌパナ,連
[na⸢minu⸣ pana],ナミヌパナ,連
[na⸢miruŋ],ナミルン,他動
[na⸢mi⸣ruŋ],ナミルン,他動
[na⸢miruŋ],ナミルン,他動
[na⸢mi⸣ruŋ],ナミルン,他動
[na⸢ja],ナヤ,名
[na⸢ja],ナヤ,名
[na⸢ju],ナユ,副
[na⸢ju],ナユ,副
[na⸢raː⸣ʃi],ナラーシ,名
[na⸢raː⸣ʃi],ナラーシ,名
[na⸢raː⸣ʃi],ナラーシ,名
[na⸢raː⸣ʃi],ナラーシ,名
[na⸢raːʃiguri⸣saŋ],ナラーシグリサン,形
[na⸢raːʃiguri⸣saŋ],ナラーシグリサン,形
[na⸢raːʃiʣoː⸣ʤi],ナラーシゾージ,名
[na⸢raːʃiʣoː⸣ʤi],ナラーシゾージ,名
[na⸢raːʃi⸣na ⸣munu],ナラーシナムヌ,連
[na⸢raːʃi⸣na ⸣munu],ナラーシナムヌ,連
[na⸢raːʃi⸣miʧi],ナラーシミチ,名
[na⸢raːʃi⸣miʧi],ナラーシミチ,名
[na⸢raːʃi⸣joː],ナラーシヨー,名
[na⸢raːʃi⸣joː],ナラーシヨー,名
[na⸢raː⸣suŋ],ナラースン,他動
[na⸢raː⸣suŋ],ナラースン,他動
[na⸢raː⸣suŋ],ナラースン,他動
[na⸢raː⸣suŋ],ナラースン,他動
[na⸢raː⸣riŋ],ナラーリン,自動
[na⸢raː⸣riŋ],ナラーリン,自動
[⸣narai],ナライ,名
[⸣narai],ナライ,名
[⸣narai],ナライ,名
[⸣narai],ナライ,名
[⸣narauŋ],ナラウン,他動
[⸣narauŋ],ナラウン,他動
[⸣narauŋ],ナラウン,他動
[⸣narauŋ],ナラウン,他動
[⸣naraʃi̥keː],ナラシケー,名
[⸣naraʃi̥keː],ナラシケー,名
[⸣naraʃi̥keː],ナラシケー,名
[⸣naraʃi̥keː],ナラシケー,名
[na⸢ra⸣suŋ],ナラスン,他動
[na⸢ra⸣suŋ],ナラスン,他動
[na⸢ra⸣suŋ],ナラスン,他動
[na⸢ra⸣suŋ],ナラスン,他動
[na⸢ra⸣suŋ],ナラスン,他動
[na⸢ra⸣suŋ],ナラスン,他動
[na⸢ra⸣nu],ナラヌ,連
[na⸢ra⸣nu],ナラヌ,連
[na⸢ra⸣nu],ナラヌ,連
[na⸢ra⸣nu],ナラヌ,連
[na⸢ra⸣nu],ナラヌ,連
[na⸢ra⸣nu],ナラヌ,連
[na⸢rabasuŋ],ナラバスン,他動
[na⸢rabasuŋ],ナラバスン,他動
[na⸢rabi],ナラビ,名
[na⸢rabi],ナラビ,名
[na⸢rabiruŋ],ナラビルン,他動
[na⸢rabiruŋ],ナラビルン,他動
[na⸢rabuŋ],ナラブン,自動
[na⸢rabuŋ],ナラブン,自動
[na⸢ra⸣ripama],ナラリパマ,名
[na⸢ra⸣ripama],ナラリパマ,名
[na⸢riʔu⸣ʧi],ナリウチ,名
[na⸢riʔu⸣ʧi],ナリウチ,名
[⸣nariʔuŋ],ナリウン,名
[⸣nariʔuŋ],ナリウン,名
[na⸢rikaː⸣ruŋ],ナリカールン,自動
[na⸢rikaː⸣ruŋ],ナリカールン,自動
[na⸢ri⸣nu ⸣munu],ナリヌムヌ,連
[na⸢ri⸣nu ⸣munu],ナリヌムヌ,連
[na⸢ri⸣basa],ナリバサ,名
[na⸢ri⸣basa],ナリバサ,名
[na⸢ri⸣munu],ナリムヌ,名
[na⸢ri⸣munu],ナリムヌ,名
[na⸢ri⸣munujasai],ナリムヌヤサイ,名
[na⸢ri⸣munujasai],ナリムヌヤサイ,名
[na⸢ri⸣ruŋ],ナリルン,自動
[na⸢ri⸣ruŋ],ナリルン,自動
[na⸢ri⸣ruŋ],ナリルン,自動
[na⸢ri⸣ruŋ],ナリルン,自動
[⸣narin na⸢ra⸣naːŋ],ナリンナラナーン,連
[⸣narin na⸢ra⸣naːŋ],ナリンナラナーン,連
[⸣naru],ナル,名
[⸣naru],ナル,名
[⸣narukaː],ナルカー,連
[⸣narukaː],ナルカー,連
[⸣narukagiri],ナルカギリ,副
[⸣narukagiri],ナルカギリ,副
[⸣narusu̥kun ⸢deː⸣kaː],ナルスクンデーカー,連
[⸣narusu̥kun ⸢deː⸣kaː],ナルスクンデーカー,連
[⸢narusu̥koː ʔa⸢ra⸣nu],ナルスコーアラヌ,連
[⸢narusu̥koː ʔa⸢ra⸣nu],ナルスコーアラヌ,連
[⸢narusu̥koː ʔa⸢ra⸣nu],ナルスコーアラヌ,連
[⸢narusu̥koː ʔa⸢ra⸣nu],ナルスコーアラヌ,連
[⸣narudaki],ナルダキ,副
[⸣narudaki],ナルダキ,副
[⸣naruni],ナルニ,副
[⸣naruni],ナルニ,副
[na⸢rubi⸣ku],ナルビク,副
[na⸢rubi⸣ku],ナルビク,副
[⸣naru ⸣ɸuːnaː],ナルフーナー,連
[⸣naru ⸣ɸuːnaː],ナルフーナー,連
[⸣naruhudu],ナルフドゥ,副
[⸣naruhudu],ナルフドゥ,副
[⸣narujoːni],ナルヨーニ,連
[⸣narujoːni],ナルヨーニ,連
[⸣naruŋ],ナルン,自動
[⸣naruŋ],ナルン,自動
[⸣naruŋ],ナルン,自動
[⸣naruŋ],ナルン,自動
[⸣naruŋ],ナルン,自動
[⸣naruŋ],ナルン,自動
[⸣naruŋ],ナルン,自動
[⸣naruŋ],ナルン,自動
[⸣naŋ],ナン,名
[⸣naŋ],ナン,名
[⸣naŋ],ナン,名
[⸣naŋ],ナン,接尾
[⸣naŋ],ナン,接尾
[⸣nan],ナン,代
[⸣nan],ナン,代
[⸣naŋ],ナン,名
[⸣naŋ],ナン,名
[⸣naŋ],ナン,名
[⸣naŋ],ナン,接尾
[⸣naŋ],ナン,接尾
[⸣nan],ナン,代
[⸣nan],ナン,代
[⸢naŋ⸣ka],ナンカ,名
[⸢naŋ⸣ka],ナンカ,名
[⸢naŋkasoː⸣raŋ],ナンカソーラン,名
[⸢naŋkasoː⸣raŋ],ナンカソーラン,名
[⸢naŋkasok⸣koː],ナンカソッコー,名
[⸢naŋkasok⸣koː],ナンカソッコー,名
[⸢naŋ⸣kanaŋka],ナンカナンカ,名
[⸢naŋ⸣kanaŋka],ナンカナンカ,名
[⸢naŋkamaː⸣ʃi],ナンカマーシ,連
[⸢naŋkamaː⸣ʃi],ナンカマーシ,連
[⸢naŋ⸣gi],ナンギ,名
[⸢naŋ⸣gi],ナンギ,名
[⸢naŋ⸣giʔawari],ナンギアワリ,名
[⸢naŋ⸣giʔawari],ナンギアワリ,名
[⸢naŋ⸣giku̥ʧisa],ナンギクチサ,名
[⸢naŋ⸣giku̥ʧisa],ナンギクチサ,名
[⸢naŋgiʃi̥ti⸣ruŋ],ナンギシティルン,他動
[⸢naŋgiʃi̥ti⸣ruŋ],ナンギシティルン,他動
[⸢naŋ⸣gi ʃi̥⸢tuŋ],ナンギシトゥン,連
[⸢naŋ⸣gi ʃi̥⸢tuŋ],ナンギシトゥン,連
[⸢naŋgitʦaː⸣suŋ],ナンギッツァースン,他動
[⸢naŋgitʦaː⸣suŋ],ナンギッツァースン,他動
[⸢naŋgi⸣ruŋ],ナンギルン,他動
[⸢naŋgi⸣ruŋ],ナンギルン,他動
[⸣naŋgiŋ],ナンギン,名
[⸣naŋgiŋ],ナンギン,名
[⸢naŋgiŋ⸣gui],ナンギングイ,名
[⸢naŋgiŋ⸣gui],ナンギングイ,名
[⸢naŋkuku⸣ru],ナンククル,副
[⸢naŋkuku⸣ru],ナンククル,副
[⸢naŋ⸣guŋ],ナングン,他動
[⸢naŋ⸣guŋ],ナングン,自動
[⸢naŋ⸣guŋ],ナングン,他動
[⸢naŋ⸣guŋ],ナングン,自動
[⸣naŋgeː],ナンゲー,名
[⸣naŋgeː],ナンゲー,名
[⸣naŋgeː ⸣naruŋ],ナンゲーナルン,連
[⸣naŋgeː ⸣naruŋ],ナンゲーナルン,連
[⸢nanʣaŋ],ナンザン,名
[⸢nanʣaŋ],ナンザン,名
[⸣nanʣuː],ナンズー,名
[⸣nanʣuː],ナンズー,名
[⸢nan⸣ʣoː],ナンゾー,副
[⸢nan⸣ʣoː],ナンゾー,副
[⸢nan⸣ʦa],ナンツァ,名
[⸢nan⸣ʦa],ナンツァ,名
[⸢nanʦa⸣gani],ナンツァガニ,名
[⸢nanʦa⸣gani],ナンツァガニ,名
[⸢nanʦapjuː⸣ru ku⸢ganipjuːru],ナンツァピュールクガニピュール,連
[⸢nanʦapjuː⸣ru ku⸢ganipjuːru],ナンツァピュールクガニピュール,連
[⸢nanʦajoː⸣ʧi],ナンツァヨーチ,名
[⸢nanʦajoː⸣ʧi],ナンツァヨーチ,名
[⸣nantukiŋ],ナントゥキン,名
[nan⸢dukiŋ],ナンドゥキン,名
[⸣nantukiŋ],ナントゥキン,名
[nan⸢dukiŋ],ナンドゥキン,名
[⸢nantu⸣muʧi],ナントゥムチ,名
[⸢nantu⸣muʧi],ナントゥムチ,名
[⸢nanni⸣ʧi],ナンニチ,名
[⸢nanni⸣ʧi],ナンニチ,名
[⸢nan⸣niŋ],ナンニン,名
[⸢nan⸣niŋ],ナンニン,名
[⸢nan⸣niŋ],ナンニン,名
[⸢nan⸣niŋ],ナンニン,名
[⸢nam⸣ba],ナンバ,名
[⸢nam⸣ba],ナンバ,名
[⸢nambaŋgami],ナンバンガミ,名
[⸢nambaŋgami],ナンバンガミ,名
[⸣-ni],ニ,格助
[⸣-ni],ニ,格助
[⸣-ni],ニ,格助
[⸣-ni],ニ,格助
[⸣-ni],ニ,格助
[⸣-ni],ニ,格助
[⸣-ni],ニ,格助
[⸣-ni],ニ,格助
[⸣niː],ニー,名
[⸣niː],ニー,名
[⸣niː],ニー,名
[⸣niː],ニー,名
[⸣niː],ニー,名
[⸣niː],ニー,名
[⸣niː],ニー,名
[⸣niː],ニー,名
[⸣niː],ニー,名
[⸣niː],ニー,名
[⸣niː],ニー,名
[⸣niː],ニー,名
[⸢niːʔaː⸣ri],ニーアーリ,名
[⸢niːʔaː⸣ri],ニーアーリ,名
[⸢niː⸣ʔagi],ニーアギ,名
[⸢niː⸣ʔagi],ニーアギ,名
[⸣niː ʔu⸢sui],ニーウスイ,連
[⸣niː ʔu⸢sui],ニーウスイ,連
[⸣niː ʔu⸢ra⸣suŋ],ニーウラスン,連
[⸣niː ʔu⸢ra⸣suŋ],ニーウラスン,連
[⸣niː ʔu⸢ra⸣suŋ],ニーウラスン,連
[⸣niː ʔu⸢ra⸣suŋ],ニーウラスン,連
[⸣niː ʔu⸢ri⸣ruŋ],ニーウリルン,連
[⸣niː ʔu⸢ri⸣ruŋ],ニーウリルン,連
[⸢niː⸣ʔureː],ニーウレー,名
[⸢niː⸣ʔureː],ニーウレー,名
[⸢niːkata⸣mi],ニーカタミ,名
[⸢niːkata⸣mi],ニーカタミ,名
[⸢niːkatami⸣pu̥su],ニーカタミプス,名
[⸢niːkatami⸣pu̥su],ニーカタミプス,名
[⸣niː kḁ⸢ta⸣muŋ],ニーカタムン,連
[⸣niː kḁ⸢ta⸣muŋ],ニーカタムン,連
[⸢niːki̥ʃi⸣ruŋ],ニーキシルン,自動
[⸢niːki̥ʃi⸣ruŋ],ニーキシルン,自動
[⸢niː⸣kisuŋ],ニーキスン,自動
[⸢niː⸣kisuŋ],ニーキスン,自動
[⸢niː⸣kusai],ニークサイ,名
[⸢niː⸣kusai],ニークサイ,名
[⸢niːkumiruŋ],ニークミルン,他動
[⸢niːkumiruŋ],ニークミルン,他動
[⸢niːguru⸣ma],ニーグルマ,名
[⸢niːguru⸣ma],ニーグルマ,名
[⸢niːʣama],ニーザマ,名
[⸢niːʣama],ニーザマ,名
[⸢niː⸣ʣarakoːʣara],ニーザラコーザラ,副
[⸢niː⸣ʣarakoːʣara],ニーザラコーザラ,副
[niː⸢ʃiː⸣kiː ⸢ʃiː],ニーシーキーシー,連
[niː⸢ʃiː⸣kiː ⸢ʃiː],ニーシーキーシー,連
[⸢niː⸣ʃeː],ニーシェー,名
[⸢niː⸣ʃeː],ニーシェー,名
[⸢niːʃeː⸣taː],ニーシェーター,名
[⸢niːʃeː⸣taː],ニーシェーター,名
[⸢niːʃi̥ki⸣ʔiʃi],ニーシキイシ,名
[⸢niːʃi̥ki⸣ʔiʃi],ニーシキイシ,名
[⸢niːʃi̥ki⸣ruŋ],ニーシキルン,自動
[⸢niːʃi̥ki⸣ruŋ],ニーシキルン,自動
[⸢niːʤima⸣ruŋ],ニージマルン,自動
[⸢niːʤima⸣ruŋ],ニージマルン,自動
[⸣niː ʃi⸢muŋ],ニーシムン,連
[⸣niː ʃi⸢muŋ],ニーシムン,連
[⸢niːʤiru],ニージル,名
[⸢niːʤiru],ニージル,名
[⸢niːʣuː⸣waŋ],ニーズーワン,形
[⸢niːʣuː⸣waŋ],ニーズーワン,形
[⸢niːsu̥ku⸣rai],ニースクライ,名
[⸢niːsu̥ku⸣rai],ニースクライ,名
[⸢niː⸣su̥kuŋ],ニースクン,自動
[⸢niː⸣su̥kuŋ],ニースクン,自動
[⸢niː⸣su̥kuŋ],ニースクン,自動
[⸢niː⸣su̥kuŋ],ニースクン,自動
[⸣niːsura],ニースラ,名
[⸣niːsura],ニースラ,名
[⸢niːtaː⸣guː],ニーターグー,名
[⸢niːtaː⸣guː],ニーターグー,名
[⸢niː⸣dipu̥su],ニーディプス,名
[⸢niː⸣dipu̥su],ニーディプス,名
[⸢niː⸣dimari],ニーディマリ,名
[⸢niː⸣dimari],ニーディマリ,名
[⸣niːnaru],ニーナル,名
[⸣niːnaru],ニーナル,名
[⸣niːni],ニーニ,名
[⸣niːni],ニーニ,名
[⸢niː⸣nu ⸣ʤiŋi],ニーヌジン,連
[⸢niː⸣nu ⸣ʤiŋi],ニーヌジン,連
[⸢niː⸣nu ⸢suːriba⸣ru ju⸢dapaːn suː⸣ru],ニーヌスーリバルユダパーンスール,連
[⸢niː⸣nu ⸢suːriba⸣ru ju⸢dapaːn suː⸣ru],ニーヌスーリバルユダパーンスール,連
[⸢niːnu⸣paː],ニーヌパー,名
[⸢niːnu⸣paː],ニーヌパー,名
[⸢niːnu⸣paːkaʤi],ニーヌパーカジ,名
[⸢niːnu⸣paːkaʤi],ニーヌパーカジ,名
[⸢niːnu⸣paːʃinu],ニーヌパーシヌ,名
[⸢niːnu⸣paːʃinu],ニーヌパーシヌ,名
[⸢niːnu⸣paːpuʃi],ニーヌパープシ,名
[⸢niːnu⸣paːpuʃi],ニーヌパープシ,名
[⸢niːnuburu],ニーヌブル,名
[⸢niːnuburu],ニーヌブル,名
[⸢niː⸣baki],ニーバキ,名
[⸢niː⸣baki],ニーバキ,名
[⸢niː⸣bapajaː],ニーバパヤー,副
[⸢niː⸣bapajaː],ニーバパヤー,副
[⸣niːbaru],ニーバル,名
[⸣niːbaru],ニーバル,名
[⸣niːbaruʔiʣu],ニーバルイズ,名
[⸣niːbaruʔiʣu],ニーバルイズ,名
[⸢niː⸣baŋ],ニーバン,形
[⸢niː⸣baŋ],ニーバン,形
[⸢niːbaŋʔura⸣ʣa],ニーバンウラザ,名
[⸢niːbaŋʔura⸣ʣa],ニーバンウラザ,名
[⸢niːban⸣ʣaː],ニーバンザー,名
[⸢niːban⸣ʣaː],ニーバンザー,名
[⸢niːbaŋʃiː⸣munu],ニーバンシームヌ,名
[⸢niːbaŋʃiː⸣munu],ニーバンシームヌ,名
[⸢niːban⸣duru],ニーバンドゥル,名
[⸢niːban⸣duru],ニーバンドゥル,名
[⸣niːbiki],ニービキ,名
[⸣niːbiki],ニービキ,名
[⸣niːbikijoi],ニービキヨイ,名
[⸣niːbikijoi],ニービキヨイ,名
[⸢niːbuikaː⸣bui],ニーブイカーブイ,名
[⸢niːbuikaː⸣bui],ニーブイカーブイ,名
[⸢niː⸣ɸuda],ニーフダ,名
[⸢niː⸣ɸuda],ニーフダ,名
[⸣niːbutaː],ニーブター,名
[⸣niːbutaː],ニーブター,名
[⸣niːbutaː],ニーブター,名
[⸣niːbutaː],ニーブター,名
[⸣niːbutaː ⸢ʔaːsuŋ],ニーブターアースン,連
[⸣niːbutaː ⸢ʔaːsuŋ],ニーブターアースン,連
[⸢niːbujaː],ニーブヤー,名
[⸢niːbujaː],ニーブヤー,名
[⸢niː⸣puri ⸣paːpuri],ニープリパープリ,副
[⸢niː⸣puri ⸣paːpuri],ニープリパープリ,副
[⸢niːburu],ニーブル,名
[⸢niːburu],ニーブル,名
[⸢niːburukaː⸣buru],ニーブルカーブル,名
[⸢niːburukaː⸣buru],ニーブルカーブル,名
[⸢niːburu suŋ],ニーブルスン,連
[⸢niːburu suŋ],ニーブルスン,連
[⸢niːburunaki],ニーブルナキ,名
[⸢niːburunaki],ニーブルナキ,名
[⸢niːburumiː],ニーブルミー,名
[⸢niːburumiː],ニーブルミー,名
[⸣niː ⸣puruŋ],ニープルン,連
[⸣niː ⸣puruŋ],ニープルン,連
[⸢niːmu⸣ʧi],ニームチ,名
[⸢niːmu⸣ʧi],ニームチ,名
[⸢niː⸣mutu],ニームトゥ,名
[⸢niː⸣mutu],ニームトゥ,名
[⸢niːmu⸣tu],ニームトゥ,名
[⸢niː⸣mutu],ニームトゥ,名
[⸢niː⸣mutu],ニームトゥ,名
[⸢niːmu⸣tu],ニームトゥ,名
[niː⸢jaːniːjaːʃi],ニーヤーニーヤーシ,副
[niː⸢jaːniːjaːʃi],ニーヤーニーヤーシ,副
[⸢niːjaː⸣ŋ],ニーヤーン,形
[⸢niːjaː⸣ŋ],ニーヤーン,形
[⸣niːra],ニーラ,副
[⸣niːra],ニーラ,副
[⸣niːra],ニーラ,副
[⸣niːra],ニーラ,副
[⸢niː⸣rakoːra],ニーラコーラ,副
[⸢niː⸣rakoːra],ニーラコーラ,副
[⸣niːrasu̥ku],ニーラスク,名
[⸣niːrasu̥ku],ニーラスク,名
[⸣niːra ⸣suraː ⸢baː⸣ki],ニーラスラーバーキ,連
[⸣niːra ⸣suraː ⸢baː⸣ki],ニーラスラーバーキ,連
[⸢niːrabu⸣ʧi],ニーラブチ,名
[⸢niːrabu⸣ʧi],ニーラブチ,名
[⸢niːri],ニーリ,名
[⸢niːri],ニーリ,名
[⸢niːri⸣ffai],ニーリッふァイ,名
[⸢niːri⸣ffai],ニーリッふァイ,名
[⸢niːritiː],ニーリティー,名
[⸢niːritiː],ニーリティー,名
[⸢niːruŋ],ニールン,自動
[⸢niːruŋ],ニールン,自動
[⸢niː⸣ruŋ],ニールン,他動
[⸢niː⸣ruŋ],ニールン,他動
[⸢niː⸣ruŋ],ニールン,他動
[⸢niː⸣ruŋ],ニールン,自動
[⸢niːruŋ],ニールン,自動
[⸢niːruŋ],ニールン,自動
[⸢niː⸣ruŋ],ニールン,他動
[⸢niː⸣ruŋ],ニールン,他動
[⸢niː⸣ruŋ],ニールン,他動
[⸢niː⸣ruŋ],ニールン,自動
[⸣niːreːnu kon⸢ʧem⸣ma],ニーレーヌコンチェンマ,連
[⸣niːreːnu kon⸢ʧem⸣ma],ニーレーヌコンチェンマ,連
[⸢niː⸣renʦuː],ニーレンツー,名
[⸢niː⸣renʦuː],ニーレンツー,名
[⸢niː⸣renʦoː],ニーレンツォー,名
[⸢niː⸣renʦoː],ニーレンツォー,名
[⸣nika],ニカ,名
[⸣nika],ニカ,名
[⸣nigai],ニガイ,名
[⸣nigai],ニガイ,名
[⸣nigai],ニガイ,名
[⸣nigai],ニガイ,名
[ni⸢gai⸣gutu],ニガイグトゥ,名
[ni⸢gai⸣gutu],ニガイグトゥ,名
[ni⸢gaiʃi̥ki⸣ruŋ],ニガイシキルン,他動
[ni⸢gaiʃi̥ki⸣ruŋ],ニガイシキルン,他動
[ni⸢gai⸣su̥kuŋ],ニガイスクン,他動
[ni⸢gai⸣su̥kuŋ],ニガイスクン,他動
[ni⸢gai⸣pu̥su],ニガイプス,名
[ni⸢gai⸣pu̥su],ニガイプス,名
[ni⸢gaibusu̥⸣ku],ニガイブスク,名
[ni⸢gaibusu̥⸣ku],ニガイブスク,名
[ni⸢gai⸣ɸu̥ʧi],ニガイフチ,名
[ni⸢gai⸣ɸu̥ʧi],ニガイフチ,名
[⸣nikaijaː],ニカイヤー,名
[⸣nikaijaː],ニカイヤー,名
[ni⸢gai⸣ruŋ],ニガイルン,他動
[ni⸢gai⸣ruŋ],ニガイルン,他動
[⸣nigauŋ],ニガウン,他動
[⸣nigauŋ],ニガウン,他動
[⸣nigauŋ],ニガウン,他動
[⸣nigauŋ],ニガウン,他動
[ni⸢ka⸣nu ⸣juː],ニカヌユー,連
[ni⸢ka⸣nu ⸣juː],ニカヌユー,連
[ni⸢ki⸣mai],ニキマイ,名
[ni⸢ki⸣mai],ニキマイ,名
[⸣niku],ニク,名
[⸣niku],ニク,名
[⸣niku],ニク,名
[⸣niku],ニク,名
[ni⸢kuʃi̥ki⸣joː],ニクシキヨー,名
[ni⸢kuʃi̥ki⸣joː],ニクシキヨー,名
[ni⸢komi],ニコミ,名
[ni⸢komi],ニコミ,名
[ni⸢ʣama],ニザマ,名
[ni⸢ʣama],ニザマ,名
[ni⸢ʃi],ニシ,名
[⸣niʤi],ニジ,名
[⸣niʤi],ニジ,名
[ni⸢ʃi],ニシ,名
[⸣niʤi],ニジ,名
[⸣niʤi],ニジ,名
[ni⸢ʃeːki],ニシェーキ,名
[ni⸢ʃeːki],ニシェーキ,名
[ni⸢ʃeːpajaː],ニシェーパヤー,名
[ni⸢ʃeːpajaː],ニシェーパヤー,名
[ni⸢ʃikaʤi],ニシカジ,名
[ni⸢ʃikaʤi],ニシカジ,名
[ni⸢ʤikan⸣ti],ニジカンティ,名
[ni⸢ʤikan⸣ti],ニジカンティ,名
[ni⸢ʃikubi],ニシクビ,名
[ni⸢ʃikubi],ニシクビ,名
[ni⸢ʃikubi],ニシクビ,名
[ni⸢ʃikubi],ニシクビ,名
[⸣niʤippiru],ニジッピル,名
[⸣niʤippiru],ニジッピル,名
[ni⸢ʃi⸣doː],ニシドー,固
[ni⸢ʃi⸣doː],ニシドー,固
[ni⸢ʃi⸣doːʔugaŋ],ニシドーウガン,固
[ni⸢ʃi⸣doːʔugaŋ],ニシドーウガン,固
[ni⸢ʃibaneː],ニシバネー,名
[ni⸢ʃibaneː],ニシバネー,名
[ni⸢ʃimaffa],ニシマッふァ,名
[ni⸢ʃimaffa],ニシマッふァ,名
[ni⸢ʃi⸣miʤi],ニシミジ,名
[ni⸢ʃi⸣miʤi],ニシミジ,名
[ni⸢ʃimureː],ニシムレー,名
[ni⸢ʃimureː],ニシムレー,名
[ni⸢ʃimureːnu⸣ gisazaːteː],ニシムレーヌギサザーテー,連
[ni⸢ʃimureːnu⸣ gisazaːteː],ニシムレーヌギサザーテー,連
[⸣niʤuː],ニジュー,名
[⸣niʤuː],ニジュー,名
[⸣niʤuːgu⸢niŋki],ニジューグニンキ,名
[⸣niʤuːgu⸢niŋki],ニジューグニンキ,名
[ni⸢ʤi⸣ruŋ],ニジルン,他動
[ni⸢ʤi⸣ruŋ],ニジルン,他動
[ni⸢ʃinta],ニシンタ,名
[ni⸢ʃinta],ニシンタ,名
[⸣nisu],ニス,名
[⸣nisu],ニス,名
[ni⸢su⸣daki],ニスダキ,名
[ni⸢su⸣daki],ニスダキ,名
[⸣niuŋ],ニズン,自動
[⸣niuŋ],ニズン,自動
[ni⸢taːnitaː⸣ʃi],ニターニターシ,副
[ni⸢taːnitaː⸣ʃi],ニターニターシ,副
[ni⸢takama],ニタカマ,名
[ni⸢takama],ニタカマ,名
[ni⸢tamunu],ニタムヌ,名
[ni⸢tamunu],ニタムヌ,名
[ni⸢ta⸣muŋ],ニタムン,他動
[ni⸢ta⸣muŋ],ニタムン,他動
[ni⸢daŋ],ニダン,名
[ni⸢daŋ],ニダン,名
[⸣niʧi],ニチ,名
[⸣niʧi],ニチ,名
[⸣niʧi],ニチ,助数
[⸣niʧi],ニチ,名
[⸣niʧi],ニチ,名
[⸣niʧi],ニチ,助数
[niʧiː⸢niʧiː],ニチーニチー,副
[niʧiː⸢niʧiː],ニチーニチー,副
[ni⸢ʧisama⸣ʃi],ニチサマシ,名
[ni⸢ʧisama⸣ʃi],ニチサマシ,名
[⸣niʧi sa⸢ma⸣ruŋ],ニチサマルン,連
[⸣niʧi sa⸢ma⸣ruŋ],ニチサマルン,連
[⸣niʧipampaŋ],ニチパンパン,副
[⸣niʧipampaŋ],ニチパンパン,副
[⸣niʧi ⸢poːpoː],ニチポーポー,連
[⸣niʧi ⸢poːpoː],ニチポーポー,連
[ni⸢ʧoː⸣ruː],ニチョールー,名
[ni⸢ʧoː⸣ruː],ニチョールー,名
[nik⸢ka],ニッカ,名
[nik⸢ka],ニッカ,名
[nik⸢ka],ニッカ,名
[nik⸢ka],ニッカ,名
[⸢nit⸣taː ⸢suŋ],ニッタースン,連
[⸢nit⸣taː ⸢suŋ],ニッタースン,連
[⸢nit⸣taːŋ],ニッターン,形
[⸢nit⸣taːŋ],ニッターン,形
[⸢nitta⸣sagamarasa],ニッタサガマラサ,名
[⸢nitta⸣sagamarasa],ニッタサガマラサ,名
[⸢nittanʦuru⸣gi],ニッタンツルギ,名
[⸢nittanʦuru⸣gi],ニッタンツルギ,名
[⸢nittoː],ニットー,名
[⸢nittoː],ニットー,名
[⸢nif⸣faː ⸢suŋ],ニッふァースン,連
[⸢nif⸣faː ⸢suŋ],ニッふァースン,連
[⸢nif⸣faːŋ],ニッふァーン,形
[⸢nif⸣faːŋ],ニッふァーン,形
[⸢niffaʔiʤi],ニッふァイジ,名
[⸢niffaʔiʤi],ニッふァイジ,名
[⸢niffamari],ニッふァマリ,名
[⸢niffamari],ニッふァマリ,名
[⸢niffamuː],ニッふァムー,名
[⸢niffamuː],ニッふァムー,名
[⸢niffamuni],ニッふァムニ,名
[⸢niffamuni],ニッふァムニ,名
[⸢niffamunu],ニッふァムヌ,名
[⸢niffamunu],ニッふァムヌ,名
[ni⸢ni⸣ʧi],ニニチ,名
[ni⸢ni⸣ʧi],ニニチ,名
[ni⸢nubuːjaː],ニヌブーヤー,名
[ni⸢nubuːjaː],ニヌブーヤー,名
[ni⸢basuŋ],ニバスン,他動
[ni⸢basuŋ],ニバスン,他動
[ni⸢basuŋ],ニバスン,他動
[ni⸢basuŋ],ニバスン,他動
[ni⸢ba⸣ru],ニバル,名
[ni⸢ba⸣ru],ニバル,名
[⸣nibaru],ニバル,名
[⸣nibaru],ニバル,名
[ni⸢ba⸣ru],ニバル,名
[ni⸢ba⸣ru],ニバル,名
[⸣nibaru],ニバル,名
[⸣nibaru],ニバル,名
[ni⸢ba⸣rubuttaː],ニバルブッター,名
[ni⸢ba⸣rubuttaː],ニバルブッター,名
[ni⸢biʔau],ニビアウ,名
[ni⸢biʔau],ニビアウ,名
[ni⸢biaʃi],ニビアシ,名
[ni⸢biaʃi],ニビアシ,名
[ni⸢biʔui],ニビウイ,名
[ni⸢biʔui],ニビウイ,名
[ni⸢bikai⸣jaŋ],ニビカイヤン,形
[ni⸢bikai⸣jaŋ],ニビカイヤン,形
[ni⸢bikiŋ],ニビキン,名
[ni⸢bikiŋ],ニビキン,名
[ni⸢bikukuʧi],ニビククチ,名
[ni⸢bikukuʧi],ニビククチ,名
[ni⸢biʣama],ニビザマ,名
[ni⸢biʣama],ニビザマ,名
[ni⸢biʃigaːʃi],ニビシガーシ,名
[ni⸢biʃigaːʃi],ニビシガーシ,名
[ni⸢biʃi̥kini],ニビシキニ,名
[ni⸢biʃi̥kini],ニビシキニ,名
[ni⸢biʃigiruŋ],ニビシギルン,自動
[ni⸢biʃigiruŋ],ニビシギルン,自動
[ni⸢bisuːbu],ニビスーブ,名
[ni⸢bisuːbu],ニビスーブ,名
[ni⸢biʣuku],ニビズク,名
[ni⸢biʣuku],ニビズク,名
[ni⸢bisuguʃi],ニビスグシ,名
[ni⸢bisuguʃi],ニビスグシ,名
[ni⸢bisu̥kurai],ニビスクライ,名
[ni⸢bisu̥kurai],ニビスクライ,名
[ni⸢bisu̥koːru],ニビスコール,名
[ni⸢bisu̥koːru],ニビスコール,名
[ni⸢bittaruŋ],ニビタールン,自動
[ni⸢bittaruŋ],ニビタールン,自動
[ni⸢bittaru⸣ ʔu⸢kit⸣taru],ニビッタルウキッタル,連
[ni⸢bittaru⸣ ʔu⸢kit⸣taru],ニビッタルウキッタル,連
[ni⸢bibana],ニビバナ,名
[ni⸢bibana],ニビバナ,名
[ni⸢bipanaʃi],ニビパナシ,名
[ni⸢bipanaʃi],ニビパナシ,名
[ni⸢bipanʦasuŋ],ニビパンツァスン,自動
[ni⸢bipanʦasuŋ],ニビパンツァスン,自動
[ni⸢biɸukasuŋ],ニビフカスン,自動
[ni⸢biɸukasuŋ],ニビフカスン,自動
[ni⸢bibugari],ニビブガリ,名
[ni⸢bibugari],ニビブガリ,名
[ni⸢bibusuku],ニビブスク,名
[ni⸢bibusuku],ニビブスク,名
[ni⸢biɸuʧi],ニビフチ,名
[ni⸢biɸuʧi],ニビフチ,名
[ni⸢biɸu̥ʧiru],ニビフチル,名
[ni⸢biɸu̥ʧiru],ニビフチル,名
[ni⸢bimaːbi],ニビマービ,名
[ni⸢bimaːbi],ニビマービ,名
[ni⸢bijas⸣saŋ],ニビヤッサン,形
[ni⸢bijas⸣saŋ],ニビヤッサン,形
[ni⸢bijani⸣jaŋ],ニビヤニヤン,形
[ni⸢bijani⸣jaŋ],ニビヤニヤン,形
[ni⸢biŋguri⸣saŋ],ニビングリサン,形
[ni⸢biŋguri⸣saŋ],ニビングリサン,形
[ni⸢bintoŋ],ニビントン,名
[ni⸢bintoŋ],ニビントン,名
[ni⸢bu⸣ku],ニブク,名
[ni⸢bu⸣ku],ニブク,名
[⸢niɸu̥⸣taːŋ],ニフターン,形
[⸢niɸu̥⸣taːŋ],ニフターン,形
[⸢niɸu̥taːŋ⸣gisaŋ],ニフターンギサン,形
[⸢niɸu̥taːŋ⸣gisaŋ],ニフターンギサン,形
[⸢niɸu̥taːŋ⸣gisaŋ],ニフターンギサン,形
[⸢niɸu̥taːŋ⸣gisaŋ],ニフターンギサン,形
[ni⸢butataː⸣na],ニブタターナ,連
[ni⸢butataː⸣na],ニブタターナ,連
[ni⸢bu⸣madu],ニブマドゥ,連
[ni⸢bu⸣madu],ニブマドゥ,連
[ni⸢bu⸣miːn ni⸢banu],ニブミーンニバヌ,連
[ni⸢bu⸣miːn ni⸢banu],ニブミーンニバヌ,連
[ni⸢buŋ],ニブン,自動
[ni⸢buŋ],ニブン,自動
[ni⸢boʃi],ニボシ,名
[ni⸢boʃi],ニボシ,名
[⸣nijaː],ニヤー,名
[⸣nijaː],ニヤー,名
[ɲuːkan],ニューカン,名
[ɲuːkan],ニューカン,名
[nioːpu̥tuki],ニヨープトゥキ,名
[nioːpu̥tuki],ニヨープトゥキ,名
[⸣niŋ],ニン,名
[⸣niŋ],ニン,名
[⸣niŋ],ニン,助数
[⸣nin],ニン,助数
[⸣niŋ],ニン,名
[⸣niŋ],ニン,名
[⸣niŋ],ニン,助数
[⸣nin],ニン,助数
[⸣niŋʔiraː],ニンイラー,名
[⸣niŋʔiraː],ニンイラー,名
[⸢niŋ⸣ʔiri],ニンイリ,副
[⸢niŋ⸣ʔiri],ニンイリ,副
[⸣niŋ ʔi⸢ruŋ],ニンイルン,連
[⸣niŋ ʔi⸢ruŋ],ニンイルン,連
[⸢niŋ⸣gai],ニンガイ,名
[⸢niŋ⸣gai],ニンガイ,名
[⸢niŋgai⸣gutu],ニンガイグトゥ,名
[⸢niŋgai⸣gutu],ニンガイグトゥ,名
[⸢niŋgai⸣pu̥su],ニンガイプス,名
[⸢niŋgai⸣pu̥su],ニンガイプス,名
[⸢niŋgai⸣ɸu̥ʧi],ニンガイフチ,名
[⸢niŋgai⸣ɸu̥ʧi],ニンガイフチ,名
[⸢niŋgai⸣munu],ニンガイムヌ,名
[⸢niŋgai⸣munu],ニンガイムヌ,名
[⸢niŋgai⸣ruŋ],ニンガイルン,他動
[⸢niŋgai⸣ruŋ],ニンガイルン,他動
[⸢niŋ⸣gauŋ],ニンガウン,自動
[⸢niŋ⸣gauŋ],ニンガウン,自動
[⸢niŋga⸣ʧi],ニンガチ,名
[⸢niŋga⸣ʧi],ニンガチ,名
[⸢niŋgaraninʣuː],ニンガラニンズー,連
[⸢niŋgaraninʣuː],ニンガラニンズー,連
[⸢niŋkisok⸣koː],ニンキソッコー,名
[⸢niŋkisok⸣koː],ニンキソッコー,名
[⸢niŋkiɸuː⸣kuː],ニンキフークー,名
[⸢niŋkiɸuː⸣kuː],ニンキフークー,名
[⸢niŋ⸣gjoː],ニンギョー,名
[⸢niŋ⸣gjoː],ニンギョー,名
[⸢niŋ⸣giŋ],ニンギン,名
[⸢niŋ⸣giŋ],ニンギン,名
[⸢niŋgu],ニング,名
[⸢niŋgu],ニング,名
[⸢niŋguʣoːnoː],ニングゾーノー,名
[⸢niŋguʣoːnoː],ニングゾーノー,名
[⸢niŋgumai],ニングマイ,名
[⸢niŋgumai],ニングマイ,名
[⸢niŋgwa⸣ʧi],ニングヮチ,名
[⸢niŋgwa⸣ʧi],ニングヮチ,名
[⸢niŋgwaʧiʔuː⸣ʔami],ニングヮチウーアミ,名
[⸢niŋgwaʧiʔuː⸣ʔami],ニングヮチウーアミ,名
[⸢niŋgwaʧikaʤimaː⸣ru],ニングヮチカジマール,名
[⸢niŋgwaʧikaʤimaː⸣ru],ニングヮチカジマール,名
[⸢niŋgwaʧitaka⸣bi],ニングヮチタカビ,名
[⸢niŋgwaʧitaka⸣bi],ニングヮチタカビ,名
[⸢niŋgwaʧiniŋ⸣gai],ニングヮチニンガイ,名
[⸢niŋgwaʧiniŋ⸣gai],ニングヮチニンガイ,名
[⸢niŋgwaʧipira⸣ku],ニングヮチピラク,名
[⸢niŋgwaʧipira⸣ku],ニングヮチピラク,名
[⸢niŋgwaŋ],ニングヮン,名
[⸢niŋgwaŋ],ニングヮン,名
[⸢niŋ⸣goː],ニンゴー,名
[⸢niŋ⸣goː],ニンゴー,名
[⸢niŋgoː⸣ʔiː],ニンゴーイー,名
[⸢niŋgoː⸣ʔiː],ニンゴーイー,名
[⸢niŋgoː],ニンゴーパナ,名
[⸢niŋgoː],ニンゴーパナ,名
[⸢niŋgoː⸣biŋ],ニンゴービン,名
[⸢niŋgoː⸣biŋ],ニンゴービン,名
[⸢nin⸣ʤuː],ニンジュー,名
[⸢nin⸣ʤuː],ニンジュー,名
[⸢ninʤoː],ニンジョー,名
[⸢ninʤoː],ニンジョー,名
[⸢ninʤoːmuʧi],ニンジョームチ,名
[⸢ninʤoːmuʧi],ニンジョームチ,名
[⸢nin⸣ʤiŋkjoː],ニンジンキョー,名
[⸢nin⸣ʤiŋkjoː],ニンジンキョー,名
[⸢nin⸣ʣu],ニンズ,名
[⸢nin⸣ʣu],ニンズ,名
[⸢ninsuː],ニンスー,名
[⸢ninʣuː],ニンズー,名
[⸢nin⸣ʣuː],ニンズー,名
[⸢nin⸣ʣuː],ニンズー,名
[⸢ninsuː],ニンスー,名
[⸢ninʣuː],ニンズー,名
[⸢nin⸣ʣuː],ニンズー,名
[⸢nin⸣ʣuː],ニンズー,名
[⸢ninʣu⸣daː],ニンズダー,名
[⸢ninʣu⸣daː],ニンズダー,名
[⸢ninsoː],ニンソー,名
[⸢ninsoː],ニンソー,名
[⸢nintuː],ニントゥー,名
[⸢nintuː],ニントゥー,名
[⸢nintumaːru],ニントゥマール,名
[⸢nintumaːru],ニントゥマール,名
[⸢nin⸣niŋ],ニンニン,名
[⸢nin⸣niŋ],ニンニン,名
[⸢ninnu⸣ ʃiː],ニンヌシー,連
[⸢ninnu⸣ ʃiː],ニンヌシー,連
[⸢nin⸣nu ta⸢mi⸣ʃi],ニンヌタミシ,連
[⸢nin⸣nu ta⸢mi⸣ʃi],ニンヌタミシ,連
[⸢nimpu],ニンプ,名
[⸢nimpu],ニンプ,名
[⸢nimbu⸣ʦaː],ニンブツァー,名
[⸢nimbu⸣ʦaː],ニンブツァー,名
[⸢nimmai⸣nabi],ニンマイナビ,名
[⸢nimmai⸣nabi],ニンマイナビ,名
[⸣-nu],ヌ,助動
[⸣-nu],ヌ,格助
[⸣-nu],ヌ,格助
[⸣-nu],ヌ,格助
[⸣-nu],ヌ,格助
[⸣-nu],ヌ,格助
[⸣-nu],ヌ,格助
[⸣-nu],ヌ,格助
[⸣-nu],ヌ,格助
[⸣-nu],ヌ,格助
[⸣-nu],ヌ,格助
[⸣-nu],ヌ,格助
[⸣-nu],ヌ,格助
[⸣-nu],ヌ,格助
[⸣-nu],ヌ,格助
[⸣-nu],ヌ,格助
[⸣-nu],ヌ,格助
[⸣-nu],ヌ,格助
[⸣-nu],ヌ,格助
[⸣-nu],ヌ,接助
[⸣-nu],ヌ,接助
[⸣-nu],ヌ,助動
[⸣-nu],ヌ,格助
[⸣-nu],ヌ,格助
[⸣-nu],ヌ,格助
[⸣-nu],ヌ,格助
[⸣-nu],ヌ,格助
[⸣-nu],ヌ,格助
[⸣-nu],ヌ,格助
[⸣-nu],ヌ,格助
[⸣-nu],ヌ,格助
[⸣-nu],ヌ,格助
[⸣-nu],ヌ,格助
[⸣-nu],ヌ,格助
[⸣-nu],ヌ,格助
[⸣-nu],ヌ,格助
[⸣-nu],ヌ,格助
[⸣-nu],ヌ,格助
[⸣-nu],ヌ,格助
[⸣-nu],ヌ,格助
[⸣-nu],ヌ,接助
[⸣-nu],ヌ,接助
[⸣nuː],ヌー,名
[⸣nuː],ヌー,代
[nu⸢ː],ヌー,感
[⸣nuː],ヌー,名
[⸣nuː],ヌー,代
[nu⸢ː],ヌー,感
[⸢nuː⸣ʔaː],ヌーアー,名
[⸢nuː⸣ʔaː],ヌーアー,名
[⸣nuːkajaː ⸢kui⸣kajaː],ヌーカヤークイカヤー,連
[⸣nuːkajaː ⸢kui⸣kajaː],ヌーカヤークイカヤー,連
[⸢nuː⸣ki̥ʃikiŋ],ヌーキシキン,名
[⸢nuː⸣ki̥ʃikiŋ],ヌーキシキン,名
[⸢nuː⸣kiŋ],ヌーキン,名
[⸢nuː⸣kiŋ],ヌーキン,名
[⸣nuːkui],ヌークイ,名
[⸣nuːkui],ヌークイ,名
[⸢nuːgutu],ヌーグトゥ,名
[⸢nuːgutu],ヌーグトゥ,名
[nuː⸢sara],ヌーサラ,副
[nuː⸢sara],ヌーサラ,副
[⸢nuːʣara⸣ʃi],ヌーザラシ,名
[⸢nuːʣara⸣ʃi],ヌーザラシ,名
[nuː⸢saŋ],ヌーサン,副
[nuː⸢saŋ],ヌーサン,副
[⸢nuː⸣ʃi],ヌーシ,副
[⸢nuː⸣ʃi],ヌーシ,副
[⸢nuː⸣ʃi],ヌーシ,副
[⸢nuː⸣ʣi],ヌージ,名
[⸢nuː⸣ʃi],ヌーシ,副
[⸢nuː⸣ʃi],ヌーシ,副
[⸢nuː⸣ʃi],ヌーシ,副
[⸢nuː⸣ʣi],ヌージ,名
[⸢nuː⸣ʃi ⸢ʔoːru⸣wa],ヌーシオールワ,連
[⸢nuː⸣ʃi ⸢ʔoːru⸣wa],ヌーシオールワ,連
[⸢nuː⸣ʃi ⸢ʔoːru⸣wa],ヌーシオールワ,連
[⸢nuː⸣ʃi ⸢ʔoːru⸣wa],ヌーシオールワ,連
[⸢nuː⸣ʃi̥kaːʃi],ヌーシカーシ,副
[⸢nuː⸣ʃi̥kaːʃi],ヌーシカーシ,副
[⸢nuː⸣ʃi̥kiː],ヌーシキー,副
[⸢nuː⸣ʃi̥kiː],ヌーシキー,副
[⸣nuːʃita],ヌーシタ,連体
[⸣nuːʃita],ヌーシタ,連体
[⸣nuːʃita],ヌーシタ,連体
[⸣nuːʃita],ヌーシタ,連体
[⸣nuːʃi̥taː],ヌーシター,副
[⸣nuːʃi̥taː],ヌーシター,副
[⸣nuːʃi̥ta ʔi⸢ka⸣ʃi̥ta],ヌーシタイカシタ,連
[⸣nuːʃi̥ta ʔi⸢ka⸣ʃi̥ta],ヌーシタイカシタ,連
[⸣nuːʃi̥ta ⸣muŋ],ヌーシタムン,連
[⸣nuːʃi̥ta ⸣muŋ],ヌーシタムン,連
[⸢nuː⸣ʃi ⸢buː],ヌーシブー,連
[⸢nuː⸣ʃi ⸢buː],ヌーシブー,連
[⸢nuː⸣ʃijaː],ヌーシヤー,連
[⸢nuː⸣ʃijaː],ヌーシヤー,連
[⸢nuː⸣ʃiru],ヌーシル,連体
[⸢nuː⸣ʃiru],ヌーシル,副
[⸢nuː⸣ʃiru],ヌーシル,連体
[⸢nuː⸣ʃiru],ヌーシル,副
[⸢nuːʃiruŋ],ヌーシルン,他動
[⸢nuːʃiruŋ],ヌーシルン,他動
[⸢nuː⸣suwa],ヌースワ,連
[⸢nuː⸣suwa],ヌースワ,連
[⸢nuːsuŋ],ヌースン,他動
[⸢nuːsuŋ],ヌースン,他動
[⸢nuːsuŋ],ヌースン,他動
[⸢nuːsuŋ],ヌースン,他動
[⸢nuːsuŋ],ヌースン,他動
[⸢nuːsuŋ],ヌースン,他動
[nuː⸢sunti],ヌースンティ,副
[nuː⸢sunti],ヌースンティ,副
[⸢nuː⸣taː],ヌーター,名
[⸢nuː⸣taː],ヌーター,名
[⸣nuːdaː ⸢kui⸣daː],ヌーダークイダー,連
[⸣nuːdaː ⸢kui⸣daː],ヌーダークイダー,連
[nuːʃ⸢ʃeː⸣ru],ヌーッシェール,連体
[nuːʃ⸢ʃeː⸣ru],ヌーッシェール,連体
[⸣nuːteː ⸢naː⸣muti],ヌーテーナームティ,連
[⸣nuːteː ⸢naː⸣muti],ヌーテーナームティ,連
[⸣nuːteː ⸢naː⸣ŋ],ヌーテーナーン,連
[⸣nuːteː ⸢naː⸣ŋ],ヌーテーナーン,連
[⸣nuːti],ヌーティ,連
[⸣nuːti],ヌーティ,連
[nuːti⸢ː],ヌーティー,感
[nuːti⸢ː],ヌーティー,感
[⸣nuːti ʔa⸢ʣu⸣kaː],ヌーティアズカー,連
[⸣nuːti ʔa⸢ʣu⸣kaː],ヌーティアズカー,連
[⸣nuːti ⸢suː⸣juː],ヌーティスーユー,連
[⸣nuːti ⸢suː⸣juː],ヌーティスーユー,連
[nuːtinuːti⸢ː],ヌーティヌーティー,感
[nuːtinuːti⸢ː],ヌーティヌーティー,感
[⸣nuːtiba ⸢kuitiba],ヌーティバクイティバ,連
[⸣nuːtiba ⸢kuitiba],ヌーティバクイティバ,連
[⸣nuːdimari],ヌーディマリ,名
[⸣nuːdimari],ヌーディマリ,名
[⸣nuːnaː ⸢kui⸣naː],ヌーナークイナー,連
[⸣nuːnaː ⸢kui⸣naː],ヌーナークイナー,連
[⸢nuː⸣ na⸢ru⸣wa],ヌーナルワ,連
[⸢nuː⸣ na⸢ru⸣wa],ヌーナルワ,連
[⸢nuːnu],ヌーヌ,名
[⸢nuː⸣nu],ヌーヌ,副
[⸢nuːnu],ヌーヌ,名
[⸢nuː⸣nu],ヌーヌ,副
[⸣nuːnuː],ヌーヌー,代
[⸣nuːnuː],ヌーヌー,代
[⸢nuːnuʔuri],ヌーヌウリ,名
[⸢nuːnuʔuri],ヌーヌウリ,名
[⸢nuːnuʔuripusu],ヌーヌウリプス,名
[⸢nuːnuʔuripusu],ヌーヌウリプス,名
[⸢nuːnusaraʃi],ヌーヌサラシ,名
[⸢nuːnusaraʃi],ヌーヌサラシ,名
[⸢nuːnunu⸣ pida],ヌーヌヌピダ,連
[⸢nuːnunu⸣ pida],ヌーヌヌピダ,連
[⸢nuːnunu⸣ miŋ],ヌーヌヌミン,連
[⸢nuːnunu⸣ miŋ],ヌーヌヌミン,連
[⸢nuːnupi̥kaʃi],ヌーヌピカシ,名
[⸢nuːnupi̥kaʃi],ヌーヌピカシ,名
[⸢nuːnupikaʃijoi],ヌーヌピカシヨイ,名
[⸢nuːnupikaʃijoi],ヌーヌピカシヨイ,名
[⸢nuːnu⸣ pi⸢daːmasuŋ],ヌーヌピダーマスン,連
[⸢nuːnu⸣ pi⸢daːmasuŋ],ヌーヌピダーマスン,連
[⸢nuːnuɸu̥kubi],ヌーヌフクビ,名
[⸢nuːnuɸu̥kubi],ヌーヌフクビ,名
[⸢nuːnumaffa],ヌーヌマッふァ,名
[⸢nuːnumaffa],ヌーヌマッふァ,名
[⸢nuː⸣nujaː],ヌーヌヤー,連
[⸢nuː⸣nujaː],ヌーヌヤー,連
[⸢nuː⸣piː],ヌーピー,名
[⸣nuːpiː],ヌーピー,名
[⸢nuː⸣piː],ヌーピー,名
[⸣nuːpiː],ヌーピー,名
[⸢nuː⸣mai],ヌーマイ,名
[⸢nuː⸣mai],ヌーマイ,名
[⸢nuː⸣miʧi],ヌーミチ,名
[⸢nuː⸣miʧi],ヌーミチ,名
[⸣nuːja],ヌーヤ,連
[⸣nuːja],ヌーヤ,連
[⸢nuː⸣jaːka ⸣nuː],ヌーヤーカヌー,連
[⸢nuː⸣jaːka ⸣nuː],ヌーヤーカヌー,連
[⸢nuː⸣jaːkuijaː],ヌーヤークイヤー,連
[⸢nuː⸣jaːkuijaː],ヌーヤークイヤー,連
[nuːja⸢ʦoː],ヌーヤツォー,連
[nuːja⸢ʦoː],ヌーヤツォー,連
[⸣nuː ja⸢rabaŋ],ヌーヤラバン,連
[⸣nuː ja⸢rabaŋ],ヌーヤラバン,連
[⸢nuː⸣ jaribaru],ヌーヤリバル,連
[⸢nuː⸣ jaribaru],ヌーヤリバル,連
[⸣nuː ja⸢ru⸣juː],ヌーヤルユー,連
[⸣nuː ja⸢ru⸣juː],ヌーヤルユー,連
[⸣nuːjui],ヌーユイ,名
[⸣nuːjui],ヌーユイ,名
[⸢nuː⸣junsaː],ヌーユンサー,連
[⸢nuː⸣junsaː],ヌーユンサー,連
[⸢nuːrasuŋ],ヌーラスン,他動
[⸢nuːrasuŋ],ヌーラスン,他動
[⸢nuːri⸣ʔuri],ヌーリウリ,名
[⸢nuːri⸣ʔuri],ヌーリウリ,名
[⸢nuːrikairuŋ],ヌーリカイルン,自動
[⸢nuːrikairuŋ],ヌーリカイルン,自動
[⸢nuːriku̥kuʧi],ヌーリククチ,名
[⸢nuːriku̥kuʧi],ヌーリククチ,名
[⸢nuːriʣaka],ヌーリザカ,名
[⸢nuːriʣaka],ヌーリザカ,名
[⸢nuːritʦaːsuŋ],ヌーリッツァースン,他動
[⸢nuːritʦaːsuŋ],ヌーリッツァースン,他動
[⸢nuːri panʦasuŋ],ヌーリパンツァスン,連
[⸢nuːri panʦasuŋ],ヌーリパンツァスン,連
[⸢nuːriɸu̥ʧi],ヌーリフチ,名
[⸢nuːriɸuʧi],ヌーリフチ,名
[⸢nuːriɸu̥ʧi],ヌーリフチ,名
[⸢nuːriɸuʧi],ヌーリフチ,名
[⸢nuːrimiʧi],ヌーリミチ,名
[⸢nuːrimiʧi],ヌーリミチ,名
[⸢nuːrimunu],ヌーリムヌ,名
[⸢nuːrimunu],ヌーリムヌ,名
[⸢nuːriʔmːma],ヌーリンーマ,名
[⸢nuːriʔmːma],ヌーリンーマ,名
[⸢nuː⸣ru],ヌール,名
[⸢nuː⸣ru],ヌール,名
[⸢nuː⸣ru],ヌール,名
[⸢nuː⸣ru],ヌール,名
[⸢nuː⸣ru],ヌール,名
[⸢nuː⸣ru],ヌール,名
[⸢nuː⸣ru ⸣kabuŋ],ヌールカブン,連
[⸢nuː⸣ru ⸣kabuŋ],ヌールカブン,連
[⸢nuː⸣ru ⸢ʃiːoːru⸣wa],ヌールシーオールワ,連
[⸢nuː⸣ru ⸢ʃiːoːru⸣wa],ヌールシーオールワ,連
[⸢nuːru⸣ʃi̥ki],ヌールシキ,名
[⸢nuːru⸣ʃi̥ki],ヌールシキ,名
[⸢nuː⸣ru ʃi⸢rariwa],ヌールシラリワ,連
[⸢nuː⸣ru ʃi⸢rariwa],ヌールシラリワ,連
[⸢nuː⸣ru ⸣nuːti ⸢naː⸣muti],ヌールヌーティナームティ,連
[⸢nuː⸣ru ⸣nuːti ⸢naː⸣muti],ヌールヌーティナームティ,連
[⸢nuː⸣ru ⸣ɸuːŋ],ヌールフーン,連
[⸢nuː⸣ru ⸣ɸuːŋ],ヌールフーン,連
[⸢nuː⸣ruɸumu],ヌールフム,名
[⸢nuː⸣ruɸumu],ヌールフム,名
[⸢nuːru⸣munu],ヌールムヌ,名
[⸢nuːru⸣munu],ヌールムヌ,名
[⸢nuːruŋ],ヌールン,自動
[⸢nuːruŋ],ヌールン,自動
[⸢nuːruŋ],ヌールン,他動
[⸢nuːruŋ],ヌールン,自動
[⸢nuːruŋ],ヌールン,自動
[⸢nuːruŋ],ヌールン,他動
[⸣nuːŋ],ヌーン,他動
[⸣nuːŋ],ヌーン,他動
[⸣nuːŋ],ヌーン,他動
[⸣nuːŋ],ヌーン,他動
[⸣nuːŋ],ヌーン,他動
[⸣nuːŋ],ヌーン,他動
[⸢nuːʔŋga⸣na],ヌーンガナ,名
[⸢nuːʔŋga⸣na],ヌーンガナ,名
[⸣nuːŋkuiŋ],ヌーンクイン,副
[⸣nuːŋkuiŋ],ヌーンクイン,副
[⸢nuːm⸣bukara],ヌーンブカラ,副
[⸢nuːm⸣bukara],ヌーンブカラ,副
[⸣nui],ヌイ,感
[⸣nui],ヌイ,感
[⸢nui⸣ʔitu],ヌイイトゥ,名
[⸢nui⸣ʔitu],ヌイイトゥ,名
[⸢nui⸣kumuŋ],ヌイクムン,他動
[⸢nui⸣kumuŋ],ヌイクムン,他動
[⸢nui⸣ɸu̥ʧi],ヌイフチ,名
[⸢nui⸣ɸu̥ʧi],ヌイフチ,名
[⸢nui⸣ɸu̥ʧi],ヌイフチ,名
[⸢nui⸣ɸu̥ʧi],ヌイフチ,名
[⸢nui⸣miː],ヌイミー,名
[⸢nui⸣miː],ヌイミー,名
[⸢nui⸣miʧi],ヌイミチ,名
[⸢nui⸣miʧi],ヌイミチ,名
[⸢nui⸣munu],ヌイムヌ,名
[⸢nui⸣munu],ヌイムヌ,名
[⸢nui⸣ruŋ],ヌイルン,自動
[⸢nui⸣ruŋ],ヌイルン,自動
[⸣nuka],ヌカ,名
[⸣nuka],ヌカ,名
[nu⸢kaː⸣ʃi],ヌカーシ,名
[nu⸢kaː⸣ʃi],ヌカーシ,名
[nu⸢kaː⸣suŋ],ヌカースン,他動
[nu⸢kaː⸣suŋ],ヌカースン,他動
[⸣nukaʔami],ヌカアミ,名
[⸣nukaʔami],ヌカアミ,名
[nu⸢ka⸣suŋ],ヌカスン,他動
[nu⸢ka⸣suŋ],ヌカスン,他動
[nu⸢kari⸣munu],ヌカリムヌ,名
[nu⸢kari⸣munu],ヌカリムヌ,名
[nu⸢gariŋ],ヌガリン,自動
[nu⸢gariŋ],ヌガリン,自動
[nu⸢ka⸣ru],ヌカル,名
[nu⸢ka⸣ru],ヌカル,名
[nu⸢ka⸣ruŋ],ヌカルン,自動
[nu⸢ka⸣ruŋ],ヌカルン,自動
[nu⸢ki],ヌキ,名
[nu⸢ki],ヌキ,名
[nu⸢ki],ヌキ,名
[nu⸢ki],ヌキ,名
[nu⸢ki],ヌキ,名
[nu⸢ki],ヌキ,名
[nu⸢giffai],ヌギッふァイ,名
[nu⸢giffai],ヌギッふァイ,名
[nu⸢gi⸣paː],ヌギパー,名
[nu⸢gi⸣paː],ヌギパー,名
[nu⸢gibai],ヌギバイ,名
[nu⸢gibai],ヌギバイ,名
[nu⸢kibana],ヌキバナ,名
[nu⸢kibana],ヌキバナ,名
[nu⸢kibana],ヌキバナ,名
[nu⸢kibana],ヌキバナ,名
[nu⸢ki⸣munu],ヌキムヌ,名
[nu⸢ki⸣munu],ヌキムヌ,名
[nu⸢ki⸣munu],ヌキムヌ,名
[nu⸢ki⸣munu],ヌキムヌ,名
[nu⸢kijaː],ヌキヤー,名
[nu⸢kijaː],ヌキヤー,名
[nu⸢ki⸣ru],ヌキル,名
[nu⸢ki⸣ru],ヌキル,名
[nu⸢kiruŋ],ヌキルン,他動
[nu⸢giruŋ],ヌギルン,自動
[nu⸢kiruŋ],ヌキルン,他動
[nu⸢giruŋ],ヌギルン,自動
[nu⸢kiʔnʤi⸣ruŋ],ヌキンジルン,自動
[nu⸢kiʔnʤi⸣ruŋ],ヌキンジルン,自動
[nu⸢kin⸣ʣuŋ],ヌキンズン,自動
[nu⸢kin⸣ʣuŋ],ヌキンズン,自動
[nukuttamarun],ヌクッタマルン,自動
[nukuttamarun],ヌクッタマルン,自動
[nu⸢kumi⸣ruŋ],ヌクミルン,他動
[nu⸢kumi⸣ruŋ],ヌクミルン,他動
[nu⸢ku⸣muŋ],ヌクムン,自動
[nu⸢ku⸣muŋ],ヌクムン,自動
[nu⸢kuŋ],ヌクン,他動
[nu⸢kuŋ],ヌクン,他動
[nu⸢kuŋ],ヌクン,自動
[nu⸢kuŋ],ヌクン,自動
[⸣nuguŋ],ヌグン,他動
[nu⸢guŋ],ヌグン,他動
[nu⸢kuŋ],ヌクン,他動
[nu⸢kuŋ],ヌクン,他動
[nu⸢kuŋ],ヌクン,自動
[nu⸢kuŋ],ヌクン,自動
[⸣nuguŋ],ヌグン,他動
[nu⸢guŋ],ヌグン,他動
[nu⸢ʣa⸣ki],ヌザキ,名
[nu⸢ʣa⸣ki],ヌザキ,名
[nu⸢ʣaki⸣daː],ヌザキダー,固
[nu⸢ʣaki⸣daː],ヌザキダー,固
[⸣nuʃi],ヌシ,名
[⸣nuʃi],ヌシ,名
[⸢nuʃi̥kiruŋ],ヌシキルン,他動
[⸢nuʃi̥kiruŋ],ヌシキルン,他動
[⸢nuʃi̥kiruŋ],ヌシキルン,他動
[⸢nuʃi̥kiruŋ],ヌシキルン,他動
[⸢nuʃi̥⸣turu],ヌシトゥル,名
[⸢nuʃi̥⸣turu],ヌシトゥル,名
[⸢nuʃi̥⸣turu],ヌシトゥル,名
[⸢nuʃi̥⸣turu],ヌシトゥル,名
[⸢nuʃi̥⸣turuŋ],ヌシトゥルン,他動
[⸢nuʃi̥⸣turuŋ],ヌシトゥルン,他動
[⸢nuʃi̥⸣tuŋ],ヌシトゥン,他動
[⸢nuʃi̥⸣tuŋ],ヌシトゥン,他動
[⸢nusu̥kuŋ],ヌスクン,他動
[⸢nusu̥kuŋ],ヌスクン,他動
[⸢nusu̥kuŋ],ヌスクン,他動
[⸢nusu̥kuŋ],ヌスクン,他動
[nu⸢su⸣bira],ヌスビラ,名
[nu⸢su⸣bira],ヌスビラ,名
[nu⸢sumari⸣ruŋ],ヌスマリルン,他動
[nu⸢sumari⸣ruŋ],ヌスマリルン,他動
[nu⸢suma⸣riŋ],ヌスマリン,他動
[nu⸢suma⸣riŋ],ヌスマリン,他動
[nu⸢ʣumi],ヌズミ,名
[nu⸢ʣumi],ヌズミ,名
[nu⸢ʣumipusu],ヌズミプス,名
[nu⸢ʣumipusu],ヌズミプス,名
[nu⸢su⸣muŋ],ヌスムン,他動
[nu⸢ʣumuŋ],ヌズムン,他動
[nu⸢su⸣muŋ],ヌスムン,他動
[nu⸢ʣumuŋ],ヌズムン,他動
[⸣nuʧi],ヌチ,名
[⸣nuʧi],ヌチ,名
[⸣nuʧeː ⸣ʔaŋ],ヌチェーアン,連
[⸣nuʧeː ⸣ʔaŋ],ヌチェーアン,連
[⸣nuʧi ⸢kauŋ],ヌチカウン,連
[⸣nuʧi ⸢kauŋ],ヌチカウン,連
[⸣nuʧikagiri],ヌチカギリ,副
[⸣nuʧikagiri],ヌチカギリ,副
[nu⸢ʧiga⸣ɸuː],ヌチガフー,名
[nu⸢ʧiga⸣ɸuː],ヌチガフー,名
[nu⸢ʧiki̥ʃi⸣munu],ヌチキシムヌ,名
[nu⸢ʧiki̥ʃi⸣munu],ヌチキシムヌ,名
[⸣nuʧi ki̥⸢ʃi⸣ruŋ],ヌチキシルン,連
[⸣nuʧi ki̥⸢ʃi⸣ruŋ],ヌチキシルン,連
[⸣nuʧi ⸣ki̥suŋ],ヌチキスン,連
[⸣nuʧi ⸣ki̥suŋ],ヌチキスン,連
[nu⸢ʧikiri⸣bai],ヌチキリバイ,名
[nu⸢ʧikiri⸣bai],ヌチキリバイ,名
[nu⸢ʧigusu⸣i],ヌチグスイ,名
[nu⸢ʧigusu⸣i],ヌチグスイ,名
[nu⸢ʧigusu⸣i],ヌチグスイ,名
[nu⸢ʧigusu⸣i],ヌチグスイ,名
[nu⸢ʧiʃi̥ti⸣waʣa],ヌチシティワザ,名
[nu⸢ʧiʃi̥ti⸣waʣa],ヌチシティワザ,名
[⸣nuʧiʣuː],ヌチズー,名
[⸣nuʧiʣuː],ヌチズー,名
[⸣nuʧiʣuː],ヌチズー,名
[⸣nuʧiʣuː],ヌチズー,名
[nu⸢ʧiʣuː⸣waŋ],ヌチズーワン,形
[nu⸢ʧiʣuː⸣waŋ],ヌチズーワン,形
[nu⸢ʧiduku⸣ru],ヌチドゥクル,名
[nu⸢ʧiduku⸣ru],ヌチドゥクル,名
[nu⸢ʧi⸣du tḁ⸢ka⸣ra],ヌチドゥタカラ,連
[nu⸢ʧi⸣du tḁ⸢ka⸣ra],ヌチドゥタカラ,連
[nu⸢ʧi⸣nu ⸣ʔuja],ヌチヌウヤ,連
[nu⸢ʧi⸣nu ⸣ʔuja],ヌチヌウヤ,連
[nu⸢ʧipati⸣munu],ヌチパティムヌ,名
[nu⸢ʧipati⸣munu],ヌチパティムヌ,名
[nu⸢ʧi⸣ɸu̥ki],ヌチフキ,副
[nu⸢ʧi⸣ɸu̥ki],ヌチフキ,副
[nu⸢ʧi⸣ ɸu̥kuŋ],ヌチフクン,連
[nu⸢ʧi⸣ ɸu̥kuŋ],ヌチフクン,連
[nu⸢ʧi⸣miː],ヌチミー,名
[nu⸢ʧi⸣miː],ヌチミー,名
[⸣nuʧi ⸣muːŋ],ヌチムーン,連
[⸣nuʧi ⸣muːŋ],ヌチムーン,連
[nu⸢ʧimui⸣munu],ヌチムイムヌ,名
[nu⸢ʧimui⸣munu],ヌチムイムヌ,名
[⸣nuʧi ⸢mui⸣ruŋ],ヌチムイルン,連
[⸣nuʧi ⸢mui⸣ruŋ],ヌチムイルン,連
[nu⸢ʧimoːʃiɸu̥ʧi⸣ru],ヌチモーシフチル,名
[nu⸢ʧimoːʃiɸu̥ʧi⸣ru],ヌチモーシフチル,名
[⸣nuʧi ⸢moː⸣suŋ],ヌチモースン,連
[⸣nuʧi ⸢moː⸣suŋ],ヌチモースン,連
[⸣nuʧi ⸢joː⸣ŋ],ヌチヨーン,連
[⸣nuʧi ⸢joː⸣ŋ],ヌチヨーン,連
[nu⸢ʧiŋga⸣ki],ヌチンガキ,名
[nu⸢ʧiŋga⸣ki],ヌチンガキ,名
[⸢nus⸣saŋ],ヌッサン,形
[⸢nus⸣saŋ],ヌッサン,形
[⸢nutʦaːsuŋ],ヌッツァースン,他動
[⸢nutʦaːsuŋ],ヌッツァースン,他動
[nut⸢ʦaː⸣ru ⸣munu],ヌッツァールムヌ,連
[nut⸢ʦaː⸣ru ⸣munu],ヌッツァールムヌ,連
[⸢nut⸣ʦarakatʦara],ヌッツァラカッツァラ,連
[⸢nut⸣ʦarakatʦara],ヌッツァラカッツァラ,連
[⸢nuf⸣faŋ],ヌッふァン,形
[⸢nuf⸣faŋ],ヌッふァン,形
[⸢nuffiruŋ],ヌッふィルン,他動
[⸢nuffiruŋ],ヌッふィルン,他動
[⸢nuffuŋ],ヌッふン,他動
[⸢nuffuŋ],ヌッふン,他動
[⸢nuffuŋ],ヌッふン,他動
[⸢nuffuŋ],ヌッふン,他動
[⸣nudu],ヌドゥ,名
[⸣nudu],ヌドゥ,名
[nu⸢dukaː⸣ki],ヌドゥカーキ,名
[nu⸢dukaː⸣ki],ヌドゥカーキ,名
[nu⸢dukun⸣ʦaː],ヌドゥクンツァー,名
[nu⸢dukun⸣ʦaː],ヌドゥクンツァー,名
[nu⸢du⸣nu ʃi̥⸢taː⸣ma],ヌドゥヌシターマ,連
[nu⸢du⸣nu ʃi̥⸢taː⸣ma],ヌドゥヌシターマ,連
[⸣nudu ba⸢ruŋ],ヌドゥバルン,連
[⸣nudu ba⸢ruŋ],ヌドゥバルン,連
[⸣nudu ba⸢ruŋ],ヌドゥバルン,連
[⸣nudu ba⸢ruŋ],ヌドゥバルン,連
[nu⸢duputu⸣ki],ヌドゥプトゥキ,名
[nu⸢duputu⸣ki],ヌドゥプトゥキ,名
[nu⸢du⸣maki],ヌドゥマキ,名
[nu⸢du⸣maki],ヌドゥマキ,名
[nu⸢du⸣maki],ヌドゥマキ,名
[nu⸢du⸣maki],ヌドゥマキ,名
[nu⸢ba⸣suŋ],ヌバスン,他動
[nu⸢ba⸣suŋ],ヌバスン,他動
[nu⸢ba⸣suŋ],ヌバスン,他動
[nu⸢ba⸣suŋ],ヌバスン,他動
[nu⸢ba⸣rubuʣamateː],ヌバルブザマテー,名
[nu⸢ba⸣rubuʣamateː],ヌバルブザマテー,名
[nubaŋ],ヌバン,名
[nubaŋ],ヌバン,名
[⸣nubi],ヌビ,名
[⸣nubi],ヌビ,名
[⸣nubi],ヌビ,名
[⸣nubi],ヌビ,名
[⸣nubi],ヌビ,名
[⸣nubi],ヌビ,名
[⸣nubiːkaːmiː],ヌビーカーミー,名
[⸣nubiːkaːmiː],ヌビーカーミー,名
[⸣nubikaːmi],ヌビカーミ,名
[⸣nubikaːmi],ヌビカーミ,名
[⸣nubi ga⸢ki⸣ruŋ],ヌビガキルン,連
[⸣nubi ga⸢ki⸣ruŋ],ヌビガキルン,連
[⸣nubi ⸣gakuŋ],ヌビガクン,連
[⸣nubi ⸣gakuŋ],ヌビガクン,連
[nu⸢bi⸣kaʤi],ヌビカジ,名
[nu⸢bi⸣kaʤi],ヌビカジ,名
[nu⸢bikaʤi⸣nu ⸢koː⸣ruŋkeŋ],ヌビカジヌコールンケン,連
[nu⸢bikaʤi⸣nu ⸢koː⸣ruŋkeŋ],ヌビカジヌコールンケン,連
[nu⸢bi⸣ʃiʤi],ヌビシジ,名
[nu⸢bi⸣ʃiʤi],ヌビシジ,名
[nu⸢bisok⸣koː],ヌビソッコー,名
[nu⸢bisok⸣koː],ヌビソッコー,名
[⸣nubiʧiʤimi],ヌビチジミ,名
[⸣nubiʧiʤimi],ヌビチジミ,名
[nu⸢bittaː⸣ruŋ],ヌビッタールン,自動
[nu⸢bittaː⸣ruŋ],ヌビッタールン,自動
[nu⸢bi⸣nubi],ヌビヌビ,副
[nu⸢bi⸣nubi],ヌビヌビ,副
[nu⸢bi⸣pada],ヌビパダ,名
[nu⸢bi⸣pada],ヌビパダ,名
[nu⸢bi⸣ruŋ],ヌビルン,自動
[nu⸢bi⸣ruŋ],ヌビルン,自動
[nu⸢bi⸣ruŋ],ヌビルン,自動
[nu⸢bi⸣ruŋ],ヌビルン,自動
[⸣nubim ⸣pi̥kin na⸢ra⸣nu],ヌビンピキンナラヌ,連
[⸣nubim ⸣pi̥kin na⸢ra⸣nu],ヌビンピキンナラヌ,連
[⸣nubim ⸣pi̥kin na⸢ra⸣nu],ヌビンピキンナラヌ,連
[⸣nubim ⸣pi̥kin na⸢ra⸣nu],ヌビンピキンナラヌ,連
[nu⸢buʃi],ヌブシ,名
[nu⸢buʃi],ヌブシ,名
[nu⸢buʃiɸu̥ʧiru],ヌブシフチル,名
[nu⸢buʃiɸu̥ʧiru],ヌブシフチル,名
[nu⸢buʃimiː],ヌブシミー,名
[nu⸢buʃimiː],ヌブシミー,名
[nu⸢buʃimunu],ヌブシムヌ,名
[nu⸢buʃimunu],ヌブシムヌ,名
[nu⸢buʃijaŋ],ヌブシヤン,名
[nu⸢buʃijaŋ],ヌブシヤン,名
[nu⸢busuŋ],ヌブスン,自動
[nu⸢busuŋ],ヌブスン,自動
[⸢nuɸu̥tama⸣ruŋ],ヌフタマルン,自動
[⸢nuɸu̥tama⸣ruŋ],ヌフタマルン,自動
[⸢nuɸu̥tami⸣ruŋ],ヌフタミルン,他動
[⸢nuɸu̥tami⸣ruŋ],ヌフタミルン,他動
[nu⸢burikuduki],ヌブリクドゥキ,名
[nu⸢burikuduki],ヌブリクドゥキ,名
[nu⸢buruŋ],ヌブルン,他動
[nu⸢buruŋ],ヌブルン,他動
[⸣nubuŋ],ヌブン,自動
[⸣nubuŋ],ヌブン,自動
[⸣nubuŋ],ヌブン,自動
[⸣nubuŋ],ヌブン,自動
[⸣nubeːkabeː],ヌベーカベー,副
[⸣nubeːkabeː],ヌベーカベー,副
[nu⸢beːrit⸣ʦaːŋ],ヌベーリッツァーン,形
[nu⸢beːrit⸣ʦaːŋ],ヌベーリッツァーン,形
[nu⸢beː⸣ruŋ],ヌベールン,他動
[nu⸢beː⸣ruŋ],ヌベールン,他動
[⸣numi ʔu⸢ta⸣suŋ],ヌミウタスン,連
[⸣numi ʔu⸢ta⸣suŋ],ヌミウタスン,連
[⸣numi ʔu⸢ra⸣suŋ],ヌミウラスン,連
[⸣numi ʔu⸢ra⸣suŋ],ヌミウラスン,連
[nu⸢mi⸣ki̥suŋ],ヌミキスン,他動
[nu⸢mi⸣ki̥suŋ],ヌミキスン,他動
[nu⸢mi⸣guru],ヌミグル,名
[nu⸢mi⸣guru],ヌミグル,名
[nu⸢misu̥ku⸣rai],ヌミスクライ,名
[nu⸢misu̥ku⸣rai],ヌミスクライ,名
[nu⸢mik⸣kumuŋ],ヌミックムン,他動
[nu⸢mik⸣kumuŋ],ヌミックムン,他動
[nu⸢mik⸣kumuŋ],ヌミックムン,他動
[nu⸢mik⸣kumuŋ],ヌミックムン,他動
[nu⸢mik⸣kuru],ヌミックル,名
[nu⸢mik⸣kuru],ヌミックル,名
[nu⸢mittaru⸣ f⸢fait⸣taru],ヌミッタルッふァイッタル,連
[nu⸢mittaru⸣ f⸢fait⸣taru],ヌミッタルッふァイッタル,連
[nu⸢mi⸣duʃi],ヌミドゥシ,名
[nu⸢mi⸣duʃi],ヌミドゥシ,名
[nu⸢minuka⸣suŋ],ヌミヌカスン,他動
[nu⸢minuka⸣suŋ],ヌミヌカスン,他動
[nu⸢minuka⸣ru],ヌミヌカル,名
[nu⸢minuka⸣ru],ヌミヌカル,名
[nu⸢miɸu̥ʧi⸣ru],ヌミフチル,名
[nu⸢miɸu̥ʧi⸣ru],ヌミフチル,名
[nu⸢mi⸣miʤi],ヌミミジ,名
[nu⸢mi⸣miʤi],ヌミミジ,名
[nu⸢mi⸣munu],ヌミムヌ,名
[nu⸢mi⸣munu],ヌミムヌ,名
[⸣numuŋ],ヌムン,他動
[⸣numuŋ],ヌムン,他動
[⸢-nu⸣meː],ヌメー,接尾
[⸢-nu⸣meː],ヌメー,接尾
[⸣-nujaː],ヌヤー,並立
[⸣-nujaː],ヌヤー,並立
[nu⸢rikabuŋ],ヌリカブン,自動
[nu⸢rikabuŋ],ヌリカブン,自動
[nu⸢rikabuŋ],ヌリカブン,自動
[nu⸢rikabuŋ],ヌリカブン,自動
[nu⸢rikumu],ヌリクム,名
[nu⸢rikumu],ヌリクム,名
[nu⸢ri⸣baŋ],ヌリバン,名
[nu⸢ri⸣baŋ],ヌリバン,名
[nu⸢ruːnuruː⸣ʃi],ヌルーヌルーシ,副
[nu⸢ruːnuruː⸣ʃi],ヌルーヌルーシ,副
[nu⸢ruma⸣suŋ],ヌルマスン,他動
[nu⸢ruma⸣suŋ],ヌルマスン,他動
[nu⸢rumi⸣ruŋ],ヌルミルン,他動
[nu⸢rumi⸣ruŋ],ヌルミルン,他動
[nu⸢ru⸣muŋ],ヌルムン,自動
[nu⸢ru⸣muŋ],ヌルムン,自動
[⸣nurunturuŋʃi],ヌルントゥルンシ,副
[⸣nurunturuŋʃi],ヌルントゥルンシ,副
[nu⸢roː⸣ŋ],ヌローン,形
[nu⸢roː⸣ŋ],ヌローン,形
[⸣nuŋ],ヌン,名
[⸣nuŋ],ヌン,名
[⸢nuŋ],ヌン,係助
[⸣nuŋ],ヌン,名
[⸣nuŋ],ヌン,名
[⸢nuŋ],ヌン,係助
[⸢nuŋgaːra⸣suŋ],ヌンガーラスン,他動
[⸢nuŋgaːra⸣suŋ],ヌンガーラスン,他動
[⸢nuŋgaːri⸣muni],ヌンガーリムニ,名
[⸢nuŋgaːri⸣muni],ヌンガーリムニ,名
[⸢nuŋgaː⸣riŋ],ヌンガーリン,自動
[⸢nuŋgaː⸣riŋ],ヌンガーリン,自動
[⸢nuŋgaː⸣ruŋ],ヌンガールン,自動
[⸢nuŋgaː⸣ruŋ],ヌンガールン,自動
[⸢nuŋgunʤima],ヌングンジマ,名
[⸢nuŋgunʤima],ヌングンジマ,名
[⸢nun⸣ʦaː],ヌンツァー,名
[⸢nun⸣ʦaː],ヌンツァー,名
[⸢nunʦaː⸣suŋ],ヌンツァースン,他動
[⸢nunʦaː⸣suŋ],ヌンツァースン,他動
[⸣nunti],ヌンティ,副
[⸣nunti],ヌンティ,副
[nuntijuː],ヌンティユー,連
[nuntijuː],ヌンティユー,連
[⸣nuntiru],ヌンティル,連
[⸣nuntiru],ヌンティル,連
[⸢neː⸣gaː],ネーガー,名
[⸢neː⸣gaː],ネーガー,名
[⸢neː⸣ʣarakoːʣara],ネーザラコーザラ,副
[⸢neː⸣ʣarakoːʣara],ネーザラコーザラ,副
[⸢neːʃiuŋ],ネーシウン,名
[⸢neːʃiuŋ],ネーシウン,名
[⸢neːʃiʤiru],ネーシジル,名
[⸢neːʃiʤiru],ネーシジル,名
[⸢neːʃimunu],ネーシムヌ,名
[⸢neːʃimunu],ネーシムヌ,名
[⸢neːsuŋ],ネースン,他動
[⸢neːsuŋ],ネースン,他動
[⸢neːsuŋ],ネースン,他動
[⸢neːsuŋ],ネースン,他動
[⸢neːra],ネーラ,名
[neː⸢ra],ネーラ,終助
[neː⸢ra],ネーラ,終助
[neː⸢ra],ネーラ,終助
[⸢neːra],ネーラ,名
[neː⸢ra],ネーラ,終助
[neː⸢ra],ネーラ,終助
[neː⸢ra],ネーラ,終助
[⸢neːraː⸣ru ʔu⸢ja⸣ki],ネーラールウヤキ,連
[⸢neːraː⸣ru ʔu⸢ja⸣ki],ネーラールウヤキ,連
[⸢neː⸣raːŋ],ネーラーン,形
[⸢neː⸣raːŋ],ネーラーン,形
[⸢neːraŋkeː⸣ri],ネーランケーリ,副
[⸢neːraŋkeː⸣ri],ネーランケーリ,副
[⸢noː],ノー,名
[⸣-noː],ノー,終助
[⸢noː],ノー,名
[⸣-noː],ノー,終助
[⸣noː ⸢sabaŋ],ノーサバン,連
[⸣noː ⸢sabaŋ],ノーサバン,連
[noː⸢saŋ],ノーサン,副
[noː⸢saŋ],ノーサン,副
[noː⸢saŋkuisaŋ],ノーサンクイサン,副
[noː⸢saŋkuisaŋ],ノーサンクイサン,副
[⸢noː⸣ʤi],ノージ,名
[⸢noː⸣ʤi],ノージ,名
[noː⸢ʃi⸣ʃiŋ],ノーシシン,副
[noː⸢ʃi⸣ʃiŋ],ノーシシン,副
[⸢noː⸣ʃi̥tantiŋ],ノーシタンティン,副
[⸢noː⸣ʃi̥tantiŋ],ノーシタンティン,副
[⸢noːʃi⸣munu],ノーシムヌ,名
[⸢noːʃi⸣munu],ノーシムヌ,名
[noː⸢ʃiŋ],ノーシン,副
[noː⸢ʃiŋ],ノーシン,副
[noː⸢ʃiŋkuiʃiŋ],ノーシンクイシン,副
[noː⸢ʃiŋkuiʃiŋ],ノーシンクイシン,副
[⸢noː⸣suŋ],ノースン,他動
[⸢noː⸣suŋ],ノースン,他動
[⸢noː⸣suŋ],ノースン,他動
[⸢noː⸣suŋ],ノースン,他動
[⸢noː⸣suŋ],ノースン,他動
[⸢noː⸣suŋ],ノースン,他動
[⸢noː⸣suŋ],ノースン,他動
[⸢noː⸣suŋ],ノースン,他動
[⸢noːra⸣ʃi ⸢miːraʃi],ノーラシミーラシ,連
[⸢noːra⸣ʃi ⸢miːraʃi],ノーラシミーラシ,連
[⸢noːra⸣suŋ],ノーラスン,他動
[⸢noːra⸣suŋ],ノーラスン,他動
[⸢noːriʔoʃi̥⸣ki],ノーリオシキ,名
[⸢noːriʔoʃi̥⸣ki],ノーリオシキ,名
[⸢noːripajaː⸣ŋ],ノーリパヤーン,形
[⸢noːripajaː⸣ŋ],ノーリパヤーン,形
[⸢noːri⸣juː],ノーリユー,名
[⸢noːri⸣juː],ノーリユー,名
[⸢noːrijuːsa⸣na],ノーリユーサナ,連
[⸢noːrijuːsa⸣na],ノーリユーサナ,連
[⸢noː⸣ru],ノール,名
[⸢noː⸣ru],ノール,名
[⸢noː⸣ru ⸢mairu⸣ ɸu⸢beː⸣ buru],ノールマイルフベーブル,連
[⸢noː⸣ru ⸢mairu⸣ ɸu⸢beː⸣ buru],ノールマイルフベーブル,連
[⸢noː⸣ruŋ],ノールン,自動
[⸢noː⸣ruŋ],ノールン,自動
[⸢noː⸣ruŋ],ノールン,自動
[⸢noː⸣ruŋ],ノールン,自動
[noː⸢ŋ],ノーン,副
[noː⸢ŋ],ノーン,副
[noː⸢ŋgasa],ノーンガサ,連
[noː⸢ŋgasa],ノーンガサ,連
[⸣noːŋkoːreː],ノーンコーレー,名
[⸣noːŋkoːreː],ノーンコーレー,名
[⸢noːŋ⸣ʃi̥tantiŋ],ノーンシタンティン,副
[⸢noːŋ⸣ʃi̥tantiŋ],ノーンシタンティン,副
[naoː⸢nti],ノーンティ,副
[naoː⸢nti],ノーンティ,副
[noː⸢ntiŋ],ノーンティン,副
[noː⸢ntiŋ],ノーンティン,副
[noː⸢ntiŋ⸣ ʔa⸢ʣaran⸣su̥koː],ノーンティンアザランスコー,連
[noː⸢ntiŋ⸣ ʔa⸢ʣaran⸣su̥koː],ノーンティンアザランスコー,連
[noː⸢ntiŋ kuitiŋ],ノーンティンクイティン,連
[noː⸢ntiŋ kuitiŋ],ノーンティンクイティン,連
[noː⸢nnaː⸣ka],ノーンナーカ,連
[noː⸢nnaː⸣ka],ノーンナーカ,連
[noː⸢n naː⸣nu],ノーンナーヌ,連
[noː⸢n naː⸣nu],ノーンナーヌ,連
[⸢noŋ⸣kaː],ノンカー,名
[⸢noŋ⸣kaː],ノンカー,名
[⸣ba],バ,接助
[⸣ba],バ,接助
[⸣ba],バ,終助
[⸣ba],バ,格助
[⸣ba],バ,格助
[⸣ba],バ,接助
[⸣ba],バ,接助
[⸣ba],バ,終助
[⸣ba],バ,格助
[⸣ba],バ,格助
[⸣baː],バー,代
[⸢baː],バー,終助
[⸣paː],パー,名
[⸣paː],パー,名
[⸣paː],パー,名
[⸢paː],パー,名
[⸣paː],パー,助数
[⸣paː],パー,名
[⸣baː],バー,代
[⸢baː],バー,終助
[⸣paː],パー,名
[⸣paː],パー,名
[⸣paː],パー,名
[⸢paː],パー,名
[⸣paː],パー,助数
[⸣paː],パー,名
[⸣paː ⸢ʔaːrasuŋ],パーアーラスン,連
[⸣paː ⸢ʔaːrasuŋ],パーアーラスン,連
[haː⸣gai],ハーガイ,名
[haː⸣gai],ハーガイ,名
[⸢paːkau⸣waŋ],パーカウワン,形
[⸢paːkau⸣waŋ],パーカウワン,形
[⸢paːkau⸣waŋ],パーカウワン,形
[⸢paːkau⸣waŋ],パーカウワン,形
[⸣paːkakaː],パーカカー,名
[⸣paːkakaː],パーカカー,名
[⸢paːkaki⸣munu],パーカキムヌ,名
[⸢paːkaki⸣munu],パーカキムヌ,名
[⸣paː ⸣kamuŋ],パーカムン,連
[⸣paː ⸣kamuŋ],パーカムン,連
[⸣paː ⸣kamuŋ],パーカムン,連
[⸣paː ⸣kamuŋ],パーカムン,連
[⸢haːgara⸣suŋ],ハーガラスン,他動
[⸢haːgara⸣suŋ],ハーガラスン,他動
[⸢haː⸣garuŋ],ハーガルン,自動
[⸢haː⸣garuŋ],ハーガルン,自動
[⸢baː⸣ki],バーキ,名
[⸢baː⸣ki],バーキ,名
[⸢baː⸣ki],バーキ,副助
[⸢baː⸣ki],バーキ,副助
[⸢baː⸣ki],バーキ,副助
[⸢baː⸣ki],バーキ,副助
[⸢baː⸣ki],バーキ,副助
[⸢baː⸣ki],バーキ,副助
[⸢baː⸣ki],バーキ,副助
[⸢baː⸣ki],バーキ,副助
[⸢baː⸣ki],バーキ,副助
[⸢baː⸣ki],バーキ,名
[⸢baː⸣ki],バーキ,名
[⸢baː⸣ki],バーキ,副助
[⸢baː⸣ki],バーキ,副助
[⸢baː⸣ki],バーキ,副助
[⸢baː⸣ki],バーキ,副助
[⸢baː⸣ki],バーキ,副助
[⸢baː⸣ki],バーキ,副助
[⸢baː⸣ki],バーキ,副助
[⸢baː⸣ki],バーキ,副助
[⸢baː⸣ki],バーキ,副助
[⸢paːgiʃi⸣mi],パーギシミ,名
[⸢paːgiʃi⸣mi],パーギシミ,名
[⸢paːgiʃi⸣mi],パーギシミ,名
[⸢paːgiʃi⸣mi],パーギシミ,名
[⸢paː⸣ku],パーク,副
[⸢paː⸣ku],パーク,副
[⸢paː⸣kuti],パークティ,副
[⸢paː⸣kuti],パークティ,副
[⸢paːkubu],パークブ,名
[⸢paːkubu],パークブ,名
[⸢baː⸣kurauŋ],バークラウン,他動
[⸢baː⸣kurauŋ],バークラウン,他動
[⸢paːsa⸣riŋ],パーサリン,自動
[⸢paːsa⸣riŋ],パーサリン,自動
[⸢paː⸣suŋ],パースン,他動
[⸢paː⸣suŋ],パースン,他動
[⸢paː⸣suŋ],パースン,他動
[⸢paː⸣suŋ],パースン,他動
[⸢paː⸣suŋ],パースン,他動
[⸢paː⸣suŋ],パースン,他動
[⸢paː⸣suŋ],パースン,他動
[⸢paː⸣suŋ],パースン,他動
[⸢paːtaki],パータキ,名
[⸢paːtaki],パータキ,名
[⸣paː ⸣tatuŋ],パータトゥン,連
[⸣paː ⸣tatuŋ],パータトゥン,連
[⸢paːtabaku],パータバク,名
[⸢paːtabaku],パータバク,名
[⸢paːdari⸣munu],パーダリムヌ,名
[⸢paːdari⸣munu],パーダリムヌ,名
[⸢baːk⸣kurauŋ],バーックラウン,他動
[⸢baːk⸣kurauŋ],バーックラウン,他動
[⸣paː s⸢saʣara⸣suŋ],パーッサザラスン,連
[⸣paː s⸢saʣara⸣suŋ],パーッサザラスン,連
[paːt⸢ti],パーッティ,副
[paːt⸢ti],パーッティ,副
[⸢paːtun⸣taː],パートゥンター,名
[⸢paːtun⸣taː],パートゥンター,名
[⸢paːtunti⸣munu],パートゥンティムヌ,名
[⸢paːtunti⸣munu],パートゥンティムヌ,名
[⸣paːnarai],パーナライ,名
[⸣paːnarai],パーナライ,名
[⸢paː⸣nu ⸣ssu],パーヌッス,連
[⸢paː⸣nu ⸣ssu],パーヌッス,連
[⸢baː⸣ba],バーバ,名
[⸢baː⸣ba],バーバ,名
[⸢haːhaː],ハーハー,副
[⸢baːbaː],バーバー,副
[⸢baːbaː],バーバー,副
[⸢haːhaː],ハーハー,副
[⸢baːbaː],バーバー,副
[⸢baːbaː],バーバー,副
[⸢baːbuː],バーブー,名
[⸢baːbuː],バーブー,名
[⸣paː ⸣ɸuːŋ],パーフーン,連
[⸣paː ⸣ɸuːŋ],パーフーン,連
[⸣paː ⸣ɸuːŋ],パーフーン,連
[⸣paː ⸣ɸuːŋ],パーフーン,連
[⸢paː⸣ɸui],パーフイ,名
[⸢paː⸣ɸui],パーフイ,名
[⸣paː ⸢ɸuikkaː⸣suŋ],パーフイッカースン,連
[⸣paː ⸢ɸuikkaː⸣suŋ],パーフイッカースン,連
[⸣paːɸu̥kaː],パーフカー,名
[⸣paːɸu̥kaː],パーフカー,名
[⸣paːpuʤi],パープジ,名
[⸣paːpuʤi],パープジ,名
[⸣paː ⸢ɸukkaː⸣suŋ],パーフッカースン,連
[⸣paː ⸢ɸukkaː⸣suŋ],パーフッカースン,連
[⸢paːmigaki⸣kuː],パーミガキクー,名
[⸢paːmigaki⸣kuː],パーミガキクー,名
[⸢paːmui⸣ʤibuŋ],パームイジブン,名
[⸢paːmui⸣ʤibuŋ],パームイジブン,名
[⸢paːmui⸣ pa⸢jaː⸣ŋ],パームイパヤーン,連
[⸢paːmui⸣ pa⸢jaː⸣ŋ],パームイパヤーン,連
[⸢paː⸣munu],パームヌ,名
[⸢paː⸣munu],パームヌ,名
[⸢paː⸣munu],パームヌ,名
[⸢paː⸣munu],パームヌ,名
[⸣paːmeː],パーメー,名
[⸣paːmeː],パーメー,名
[⸢paː⸣moː],パーモー,名
[⸢paː⸣moː],パーモー,名
[⸣baː ⸣jaː],バーヤー,連
[⸣baː ⸣jaː],バーヤー,連
[⸢paːjasai],パーヤサイ,名
[⸢paːjasai],パーヤサイ,名
[⸢paː⸣jami],パーヤミ,名
[⸢paː⸣jami],パーヤミ,名
[⸢paːjuʃi̥ki],パーユシキ,名
[⸢paːjuʃi̥ki],パーユシキ,名
[⸢paːjoː⸣ʤi],パーヨージ,名
[⸢paːjoː⸣ʤi],パーヨージ,名
[⸣paː ⸢joː⸣ŋ],パーヨーン,連
[⸣paː ⸢joː⸣ŋ],パーヨーン,連
[⸢paːrapaːra],パーラパーラ,副
[⸢paːrapaːra],パーラパーラ,副
[⸢paːrapaːra],パーラパーラ,副
[⸢paːrapaːra],パーラパーラ,副
[⸢paː⸣reː],パーレー,名
[⸢paː⸣reː],パーレー,名
[⸢paː⸣reː ⸣kuːŋ],パーレークーン,連
[⸢paː⸣reː ⸣kuːŋ],パーレークーン,連
[⸢paːreːiŋ⸣ka],パーレーシンカ,名
[⸢paːreːiŋ⸣ka],パーレーシンカ,名
[⸢paːreː⸣ɸuni],パーレーフニ,名
[⸢paːreː⸣ɸuni],パーレーフニ,名
[⸢paːreː⸣jaku],パーレーヤク,名
[⸢paːreː⸣jaku],パーレーヤク,名
[⸣paːŋkeː],パーンケー,名
[⸣paːŋkeː],パーンケー,名
[⸢ha⸣i],ハイ,感
[⸣bai],バイ,名
[⸣bai],バイ,名
[⸣pai],パイ,名
[⸣pai],パイ,名
[⸢pai],パイ,名
[⸢pai],パイ,名
[⸢ha⸣i],ハイ,感
[⸣bai],バイ,名
[⸣bai],バイ,名
[⸣pai],パイ,名
[⸣pai],パイ,名
[⸢pai],パイ,名
[⸢pai],パイ,名
[⸢pai⸣kaʤi],パイカジ,名
[⸢pai⸣kaʤi],パイカジ,名
[⸢pai⸣kabuŋ],パイカブン,自動
[⸢pai⸣kabuŋ],パイカブン,自動
[⸢hai⸣karaː],ハイカラー,名
[⸢hai⸣karaː],ハイカラー,名
[⸢bai⸣kaŋ],バイカン,名
[⸢bai⸣kaŋ],バイカン,名
[⸢baikaŋ⸣gama],バイカンガマ,名
[⸢baikaŋ⸣gama],バイカンガマ,名
[⸢baikaɲ⸣jaː],バイカンヤー,名
[⸢baikaɲ⸣jaː],バイカンヤー,名
[⸢hai⸣gwaː],ハイグヮー,名
[⸢hai⸣gwaː],ハイグヮー,名
[⸢pai⸣sa],パイサ,副
[⸢pai⸣sa],パイサ,副
[⸢pai⸣ʣai],パイザイ,名
[⸢pai⸣ʣai],パイザイ,名
[⸢haiʤoː],ハイジョー,名
[⸢haiʤoː],ハイジョー,名
[⸢pai⸣ʤiŋ],パイジン,名
[⸢pai⸣ʤiŋ],パイジン,名
[⸢pai⸣ta],パイタ,名
[⸢pai⸣ta],パイタ,名
[⸢pai⸣diŋ],パイディン,名
[⸢pai⸣diŋ],パイディン,名
[⸢pai⸣naː],パイナー,名
[⸢pai⸣naː],パイナー,名
[⸢pai⸣niː],パイニー,名
[⸢pai⸣niː],パイニー,名
[⸢painu⸣ ssu],パイヌッス,連
[⸢painu⸣ ssu],パイヌッス,連
[⸢painu boːŋkeː⸣ruŋ],パイヌボーンケールン,連
[⸢painu boːŋkeː⸣ruŋ],パイヌボーンケールン,連
[⸢pai⸣neː],パイネー,名
[⸢pai⸣neː],パイネー,名
[⸢painoː⸣ra],パイノーラ,名
[⸢painoː⸣ra],パイノーラ,名
[⸢paiba⸣ta],パイバタ,名
[⸢paiba⸣ta],パイバタ,名
[⸢paiɸuki],パイフキ,名
[⸢paiɸuki],パイフキ,名
[⸢paimaː⸣ru],パイマール,名
[⸢paimaː⸣ru],パイマール,名
[⸢pai⸣maruŋ],パイマルン,自動
[⸢pai⸣maruŋ],パイマルン,自動
[⸢pai⸣maruŋ],パイマルン,自動
[⸢pai⸣maruŋ],パイマルン,自動
[⸢pai⸣mi],パイミ,名
[⸢pai⸣mi],パイミ,名
[⸢pai⸣miʣirama],パイミジラマ,名
[⸢pai⸣miʣirama],パイミジラマ,名
[⸢paimi⸣ruŋ],パイミルン,他動
[⸢paimi⸣ruŋ],パイミルン,他動
[⸢pai⸣muki],パイムキ,名
[⸢pai⸣muki],パイムキ,名
[bai⸢jaː⸣ma],バイヤーマ,名
[bai⸢jaː⸣ma],バイヤーマ,名
[⸢paijakigama],パイヤキガマ,名
[⸢paijakigama],パイヤキガマ,名
[⸢pairu],パイル,名
[⸢pairu],パイル,名
[⸢pairunu ffa],パイルヌッふァ,連
[⸢pairunu ffa],パイルヌッふァ,連
[⸢bairuŋ],バイルン,他動
[⸢pai⸣ruŋ],パイルン,他動
[⸢bairuŋ],バイルン,他動
[⸢pai⸣ruŋ],パイルン,他動
[⸢bau],バウ,名
[⸢bau],バウ,名
[⸢bau],バウ,名
[⸢bau],バウ,名
[⸣bau ⸣ʔutuŋ],バウウトゥン,連
[⸣bau ⸣ʔutuŋ],バウウトゥン,連
[⸢pauru],パウル,名
[⸢pauru],パウル,名
[⸢bauŋ],バウン,他動
[⸢pauŋ],パウン,他動
[⸣pauŋ],パウン,自動
[⸣pauŋ],パウン,他動
[⸢pauŋ],パウン,他動
[⸢bauŋ],バウン,他動
[⸢pauŋ],パウン,他動
[⸣pauŋ],パウン,自動
[⸣pauŋ],パウン,他動
[⸢pauŋ],パウン,他動
[⸣baka-],バカ,接頭
[pḁ⸢ka],パカ,名
[⸣pḁka],パカ,名
[⸣baka-],バカ,接頭
[pḁ⸢ka],パカ,名
[⸣pḁka],パカ,名
[⸣pagaː],パガー,名
[⸣pagaː],パガー,名
[ba⸢kaːbakaː⸣ʃi],バカーバカーシ,副
[ba⸢kaːbakaː⸣ʃi],バカーバカーシ,副
[ba⸢kaː⸣ mi⸢du⸣mu],バカーミドゥム,連
[ba⸢kaː⸣ mi⸢du⸣mu],バカーミドゥム,連
[ba⸢kaː⸣munu],バカームヌ,名
[ba⸢kaː⸣munu],バカームヌ,名
[ba⸢kaː⸣muŋkeː],バカームンケー,連
[ba⸢kaː⸣muŋkeː],バカームンケー,連
[ba⸢kaː⸣ŋ],バカーン,形
[ba⸢kaː⸣ŋ],バカーン,形
[ba⸢kaː⸣ŋ],バカーン,形
[ba⸢kaː⸣ŋ],バカーン,形
[ba⸢kaːŋ⸣keŋ],バカーンケン,連
[ba⸢kaːŋ⸣keŋ],バカーンケン,連
[ba⸢kaik⸣kunaː],バカイックナー,名
[ba⸢kaik⸣kunaː],バカイックナー,名
[⸣bakaituruŋ],バカイトゥルン,他動
[⸣bakaituruŋ],バカイトゥルン,他動
[⸣bakauŋ],バカウン,他動
[⸣bakauŋ],バカウン,他動
[ba⸢ka⸣kiː],バカキー,名
[ba⸢ka⸣giː],バカギー,名
[ba⸢ka⸣kiː],バカキー,名
[ba⸢ka⸣giː],バカギー,名
[ba⸢ka⸣sa],バカサ,名
[ba⸢ka⸣sa],バカサ,名
[ba⸢kaʣa⸣koː],バカザコー,名
[ba⸢kaʣa⸣koː],バカザコー,名
[ba⸢ka⸣ʃi],バカシ,名
[ba⸢ka⸣ʃi],バカシ,名
[ba⸢ka⸣ʃi],バカシ,名
[ba⸢ka⸣ʃi],バカシ,名
[ba⸢ka⸣ʃi̥ki],バカシキ,名
[pḁ⸢kaʃiki],パカシキ,名
[ba⸢ka⸣ʃi̥ki],バカシキ,名
[pḁ⸢kaʃiki],パカシキ,名
[ba⸢ka⸣ʤini],バカジニ,名
[ba⸢ka⸣ʤini],バカジニ,名
[ba⸢ka⸣ʤirapu̥su],バカジラプス,名
[ba⸢ka⸣ʤirapu̥su],バカジラプス,名
[ba⸢ka⸣ʤiramunu],バカジラムヌ,名
[ba⸢ka⸣ʤiramunu],バカジラムヌ,名
[ba⸢ka⸣suː],バカスー,名
[ba⸢ka⸣suː],バカスー,名
[ba⸢kasuː⸣ʧi],バカスーチ,名
[ba⸢kasuː⸣ʧi],バカスーチ,名
[ba⸢kasu̥Ku⸣ri],バカスクリ,名
[ba⸢kasu̥Ku⸣ri],バカスクリ,名
[ba⸢kasuŋ],バカスン,他動
[ba⸢ka⸣suŋ],バカスン,他動
[pḁ⸢ka⸣suŋ],パカスン,他動
[pḁ⸢kasuŋ],パカスン,他動
[pḁ⸢kasuŋ],パカスン,他動
[pa⸢ga⸣suŋ],パガスン,他動
[ba⸢kasuŋ],バカスン,他動
[ba⸢ka⸣suŋ],バカスン,他動
[pḁ⸢ka⸣suŋ],パカスン,他動
[pḁ⸢kasuŋ],パカスン,他動
[pḁ⸢kasuŋ],パカスン,他動
[pa⸢ga⸣suŋ],パガスン,他動
[pḁ⸢kasoː⸣ʤi],パカソージ,名
[pḁ⸢kasoː⸣ʤi],パカソージ,名
[ba⸢kasok⸣koː],バカソッコー,名
[ba⸢kasok⸣koː],バカソッコー,名
[ba⸢ka⸣ssa],バカッサ,名
[ba⸢ka⸣ssa],バカッサ,名
[ba⸢ka⸣ssai],バカッサイ,名
[ba⸢ka⸣ssai],バカッサイ,名
[ba⸢kaduː⸣muti],バカドゥームティ,名
[ba⸢kaduː⸣muti],バカドゥームティ,名
[pḁ⸢ka⸣duruŋ],パカドゥルン,自動
[pḁ⸢ka⸣duruŋ],パカドゥルン,自動
[pa⸢ga⸣naːŋ],パガナーン,形
[pa⸢ga⸣naːŋ],パガナーン,形
[ba⸢ka⸣nai],バカナイ,名
[ba⸢ka⸣nai],バカナイ,名
[ba⸢ka⸣naʃi],バカナシ,名
[ba⸢ka⸣naʃi],バカナシ,名
[ba⸢ka⸣naʧi],バカナチ,名
[ba⸢ka⸣naʧi],バカナチ,名
[pa⸢ga⸣ni],パガニ,名
[pa⸢ga⸣ni],パガニ,名
[pa⸢ga⸣ni],パガニ,名
[pa⸢ga⸣ni],パガニ,名
[pa⸢gani⸣munu],パガニムヌ,名
[pa⸢gani⸣munu],パガニムヌ,名
[pḁ⸢kanu⸣ ʣoː],パカヌゾー,連
[pḁ⸢kanu⸣ ʣoː],パカヌゾー,連
[pḁ⸢kanu⸣ joi],パカヌヨイ,連
[pḁ⸢kanu⸣ joi],パカヌヨイ,連
[⸣bakabaː],バカバー,名
[ba⸢ka⸣paː],バカパー,名
[⸣bakabaː],バカバー,名
[ba⸢ka⸣paː],バカパー,名
[ba⸢ka⸣bai],バカバイ,名
[ba⸢ka⸣bai],バカバイ,名
[pḁ⸢ka⸣bari],パカバリ,名
[pḁ⸢ka⸣bari],パカバリ,名
[⸣pḁka ba⸢ruŋ],パカバルン,連
[⸣pḁka ba⸢ruŋ],パカバルン,連
[ba⸢kabiki⸣dumu],バカビキドゥム,名
[ba⸢kabiki⸣dumu],バカビキドゥム,名
[ba⸢ka⸣piru],バカピル,名
[ba⸢ka⸣piru],バカピル,名
[ba⸢ka⸣ɸu̥ki],バカフキ,名
[ba⸢ka⸣ɸu̥ki],バカフキ,名
[ba⸢kapusu⸣ma],バカプスマ,名
[ba⸢kapusu⸣ma],バカプスマ,名
[pḁ⸢kama],パカマ,名
[pḁ⸢kama],パカマ,名
[pḁ⸢kamai⸣ru],パカマイル,名
[pḁ⸢kamai⸣ru],パカマイル,名
[ba⸢ka⸣maʧi],バカマチ,名
[ba⸢ka⸣maʧi],バカマチ,名
[ba⸢ka⸣mari],バカマリ,名
[ba⸢ka⸣mari],バカマリ,名
[ba⸢kamiː⸣su],バカミース,名
[ba⸢kamiː⸣su],バカミース,名
[ba⸢kamiː⸣tu],バカミートゥ,名
[ba⸢kamiː⸣tu],バカミートゥ,名
[ba⸢kamu⸣ti],バカムティ,名
[ba⸢kamu⸣ti],バカムティ,名
[ba⸢ka⸣ja ⸣ku̥tu],バカヤクトゥ,連
[ba⸢ka⸣ja ⸣ku̥tu],バカヤクトゥ,連
[ba⸢ka⸣ja ʃi⸢miruŋ],バカヤシミルン,連
[ba⸢ka⸣ja ʃi⸢miruŋ],バカヤシミルン,連
[ba⸢ka⸣ja ⸢suŋ],バカヤスン,連
[ba⸢ka⸣ja ⸢suŋ],バカヤスン,連
[ba⸢ka⸣ja ⸢suŋ],バカヤスン,連
[ba⸢ka⸣ja ⸢suŋ],バカヤスン,連
[pḁ⸢kajama],パカヤマ,名
[pḁ⸢kajama],パカヤマ,名
[ba⸢ka⸣jaŋ],バカヤン,形
[ba⸢ka⸣jaŋ],バカヤン,形
[ba⸢ka⸣jaŋ],バカヤン,形
[ba⸢ka⸣jaŋ],バカヤン,形
[⸣-bakara],バカラ,副助
[⸣-bakara],バカラ,副助
[pḁ⸢karaː⸣saŋ],パカラーサン,形
[pḁ⸢karaː⸣saŋ],パカラーサン,形
[pḁ⸢karai⸣gutu],パカライグトゥ,名
[pḁ⸢karai⸣gutu],パカライグトゥ,名
[pḁ⸢ka⸣rauŋ],パカラウン,他動
[pḁ⸢ka⸣rauŋ],パカラウン,他動
[ba⸢ka⸣ri],バカリ,名
[ba⸢ka⸣ri],バカリ,名
[ba⸢ka⸣ri],バカリ,名
[ba⸢ka⸣ri],バカリ,名
[ba⸢karikan⸣ti],バカリカンティ,名
[ba⸢karikan⸣ti],バカリカンティ,名
[ba⸢kari⸣kinai],バカリキナイ,名
[ba⸢kari⸣kinai],バカリキナイ,名
[ba⸢kariguri⸣saŋ],バカリグリサン,形
[ba⸢kariguri⸣saŋ],バカリグリサン,形
[ba⸢kari⸣naʧi],バカリナチ,名
[ba⸢kari⸣naʧi],バカリナチ,名
[ba⸢karipiː⸣sa],バカリピーサ,名
[ba⸢karipiː⸣sa],バカリピーサ,名
[ba⸢karipira⸣ku],バカリピラク,名
[ba⸢karipira⸣ku],バカリピラク,名
[pa⸢kari⸣biri],パカリビリ,名
[pa⸢kari⸣biri],パカリビリ,名
[ba⸢kari⸣miʧi],バカリミチ,名
[ba⸢kari⸣miʧi],バカリミチ,名
[ba⸢kari⸣mura],バカリムラ,名
[ba⸢kari⸣mura],バカリムラ,名
[ba⸢kari⸣jaː],バカリヤー,名
[ba⸢kari⸣jaː],バカリヤー,名
[ba⸢kari⸣ruŋ],バカリルン,自動
[ba⸢kari⸣ruŋ],バカリルン,自動
[pa⸢gari⸣ruŋ],パガリルン,自動
[ba⸢kari⸣ruŋ],バカリルン,自動
[ba⸢kari⸣ruŋ],バカリルン,自動
[pa⸢gari⸣ruŋ],パガリルン,自動
[ba⸢ka⸣riŋ],バカリン,自動
[pa⸢ga⸣riŋ],パガリン,自動
[ba⸢ka⸣riŋ],バカリン,自動
[pa⸢ga⸣riŋ],パガリン,自動
[ba⸢ka⸣ruŋ],バカルン,自動
[ba⸢ka⸣ruŋ],バカルン,自動
[pḁ⸢ka⸣ruŋ],パカルン,他動
[pḁ⸢ka⸣ruŋ],パカルン,他動
[ba⸢ka⸣ruŋ],バカルン,自動
[ba⸢ka⸣ruŋ],バカルン,自動
[pḁ⸢ka⸣ruŋ],パカルン,他動
[pḁ⸢ka⸣ruŋ],パカルン,他動
[ba⸢kaŋgai⸣ruŋ],バカンガイルン,自動
[ba⸢kaŋgai⸣ruŋ],バカンガイルン,自動
[ha⸢gi],ハギ,名
[⸣baki],バキ,名
[⸣pagi],パギ,名
[⸣pagi],パギ,名
[ha⸢gi],ハギ,名
[⸣baki],バキ,名
[⸣pagi],パギ,名
[⸣pagi],パギ,名
[pa⸢gi⸣kakuŋ],パギカクン,自動
[pa⸢gi⸣kakuŋ],パギカクン,自動
[pa⸢gi⸣kuʤi],パギクジ,名
[pa⸢gi⸣kuʤi],パギクジ,名
[ba⸢kisaka⸣sa],バキサカサ,名
[ba⸢kisaka⸣sa],バキサカサ,名
[pa⸢gi⸣ʤiː],パギジー,名
[pa⸢gi⸣ʤiː],パギジー,名
[pa⸢gisubu⸣ru],パギスブル,名
[pa⸢gisubu⸣ru],パギスブル,名
[pa⸢gi⸣taː],パギター,名
[pa⸢gi⸣taː],パギター,名
[ba⸢ki⸣dama],バキダマ,名
[ba⸢ki⸣dama],バキダマ,名
[ba⸢ki⸣ʧi],バキチ,名
[ba⸢ki⸣ʧi],バキチ,名
[pḁ⸢kitʦaː⸣suŋ],パキッツァースン,他動
[pa⸢gitʦaː⸣suŋ],パギッツァースン,他動
[pḁ⸢kitʦaː⸣suŋ],パキッツァースン,他動
[pa⸢gitʦaː⸣suŋ],パギッツァースン,他動
[pḁ⸢kit⸣ʦaːŋ],パキッツァーン,形
[pḁ⸢kit⸣ʦaːŋ],パキッツァーン,形
[ba⸢kituru⸣buŋ],バキトゥルブン,名
[ba⸢kituru⸣buŋ],バキトゥルブン,名
[⸣bakituruŋ],バキトゥルン,他動
[⸣pagituruŋ],パギトゥルン,他動
[⸣bakituruŋ],バキトゥルン,他動
[⸣pagituruŋ],パギトゥルン,他動
[pa⸢gi⸣nuː],パギヌー,名
[pa⸢gi⸣nuː],パギヌー,名
[ba⸢ki⸣paka],バキパカ,名
[ba⸢ki⸣paka],バキパカ,名
[ha⸢gibaraː],ハギバラー,名
[ha⸢gibaraː],ハギバラー,名
[pa⸢gi⸣ɸu̥tai],パギフタイ,名
[pa⸢gi⸣ɸu̥tai],パギフタイ,名
[pa⸢gi⸣miː],パギミー,名
[pa⸢gi⸣miː],パギミー,名
[ba⸢kimiʤi],バキミジ,名
[ba⸢kimiʤi],バキミジ,名
[ba⸢ki⸣munu],バキムヌ,名
[ba⸢ki⸣munu],バキムヌ,名
[ha⸢gijaː],ハギヤー,名
[ha⸢gijaː],ハギヤー,名
[pa⸢gi⸣jama],パギヤマ,名
[pa⸢gi⸣jama],パギヤマ,名
[ba⸢kira⸣riŋ],バキラリン,自動
[ba⸢kira⸣riŋ],バキラリン,自動
[ba⸢ki⸣ruŋ],バキルン,他動
[pa⸢gi⸣ruŋ],パギルン,自動
[pa⸢gi⸣ruŋ],パギルン,自動
[pa⸢gi⸣ruŋ],パギルン,自動
[pa⸢gi⸣ruŋ],パギルン,自動
[pa⸢gi⸣ruŋ],パギルン,自動
[ba⸢ki⸣ruŋ],バキルン,他動
[pa⸢gi⸣ruŋ],パギルン,自動
[pa⸢gi⸣ruŋ],パギルン,自動
[pa⸢gi⸣ruŋ],パギルン,自動
[pa⸢gi⸣ruŋ],パギルン,自動
[pa⸢gi⸣ruŋ],パギルン,自動
[ba⸢kinssaː⸣ra],バキンッサーラ,名
[ba⸢kinssaː⸣ra],バキンッサーラ,名
[pḁ⸢ku],パク,名
[pḁ⸢ku],パク,名
[hḁ⸢ku⸣sai],ハクサイ,名
[hḁ⸢ku⸣sai],ハクサイ,名
[pḁ⸢ku⸣ʤimi],パクジミ,名
[pḁ⸢ku⸣ʤimi],パクジミ,名
[hḁ⸢kuʤoː],ハクジョー,名
[hḁ⸢kuʤoː],ハクジョー,名
[hakuʤoː suŋ],ハクジョースン,連
[hakuʤoː suŋ],ハクジョースン,連
[hḁ⸢kubuŋ],ハクブン,他動
[hḁ⸢kubuŋ],ハクブン,他動
[pḁ⸢kumaffa],パクマッふァ,名
[pḁ⸢kumaffa],パクマッふァ,名
[ba⸢ku⸣joː],バクヨー,名
[ba⸢ku⸣joː],バクヨー,名
[⸣hḁkuraŋ],ハクラン,名
[⸣hḁkuraŋ],ハクラン,名
[⸣bakuŋ],バクン,他動
[⸣bakuŋ],バクン,他動
[ba⸢kuŋ],バクン,自動
[ba⸢kuŋ],バクン,自動
[⸣pḁkuŋ],パクン,他動
[pḁ⸢kuŋ],パクン,他動
[pḁ⸢kuŋ],パクン,他動
[⸣paguŋ],パグン,他動
[⸣paguŋ],パグン,自動
[⸣paguŋ],パグン,自動
[⸣bakuŋ],バクン,他動
[⸣bakuŋ],バクン,他動
[ba⸢kuŋ],バクン,自動
[ba⸢kuŋ],バクン,自動
[⸣pḁkuŋ],パクン,他動
[pḁ⸢kuŋ],パクン,他動
[pḁ⸢kuŋ],パクン,他動
[⸣paguŋ],パグン,他動
[⸣paguŋ],パグン,自動
[⸣paguŋ],パグン,自動
[ba⸢keːra],バケーラ,名
[ba⸢keːra],バケーラ,名
[ba⸢keːramaʃi],バケーラマシ,名
[ba⸢keːramaʃi],バケーラマシ,名
[⸣bakoː],バコー,名
[⸣bakoː],バコー,名
[pa⸢goː⸣saŋ],パゴーサン,形
[pa⸢goː⸣saŋ],パゴーサン,形
[pa⸢goː⸣saŋ],パゴーサン,形
[pa⸢goː⸣saŋ],パゴーサン,形
[pa⸢goː⸣saŋ],パゴーサン,形
[pa⸢goː⸣saŋ],パゴーサン,形
[ba⸢koːʃiŋ⸣ka],バコーシンカ,名
[ba⸢koːʃiŋ⸣ka],バコーシンカ,名
[ba⸢koː⸣pu̥su],バコープス,名
[ba⸢koː⸣pu̥su],バコープス,名
[pḁ⸢koː⸣ma],パコーマ,名
[pḁ⸢koː⸣ma],パコーマ,名
[pa⸢goː⸣muni],パゴームニ,名
[pa⸢goː⸣muni],パゴームニ,名
[pa⸢goː⸣munu],パゴームヌ,名
[pa⸢goː⸣munu],パゴームヌ,名
[ba⸢koː⸣jaː],バコーヤー,名
[ba⸢koː⸣jaː],バコーヤー,名
[⸣basa],バサ,名
[ba⸢sa],バサ,名
[⸣basa],バサ,名
[ba⸢sa],バサ,名
[⸣basaːgi],バサーギ,助
[⸣basaːgi],バサーギ,助
[⸣basaːgiru],バサーギル,助
[⸣basaːgiru],バサーギル,助
[ba⸢ʣaːruŋ],バザールン,自動
[ba⸢ʣaːruŋ],バザールン,自動
[ba⸢ʣauŋ],バザウン,他動
[ba⸢ʣauŋ],バザウン,他動
[pa⸢ʣakiruŋ],パザキルン,他動
[pa⸢ʣakiruŋ],パザキルン,他動
[⸣basakiŋ],バサキン,名
[⸣basakiŋ],バサキン,名
[pa⸢ʣakuŋ],パザクン,他動
[pa⸢ʣakuŋ],パザクン,他動
[pa⸢ʣakuŋ],パザクン,他動
[pa⸢ʣakuŋ],パザクン,他動
[pḁ⸢sa⸣ʃi],パサシ,名
[pḁ⸢sa⸣ʃi],パサシ,名
[pa⸢ʣa⸣suŋ],パザスン,他動
[pa⸢ʣa⸣suŋ],パザスン,他動
[ba⸢sa⸣nu ⸣ʔudi],バサヌウディ,連
[ba⸢sa⸣nu ⸣ʔudi],バサヌウディ,連
[ba⸢sa⸣nu ⸣kaː],バサヌカー,連
[ba⸢sa⸣nu ⸣kaː],バサヌカー,連
[ba⸢sa⸣nu su⸢bu],バサヌスブ,連
[ba⸢sa⸣nu su⸢bu],バサヌスブ,連
[pḁ⸢sapasa suŋ],パサパサスン,連
[pḁ⸢sapasa suŋ],パサパサスン,連
[ba⸢samuʧi],バサムチ,名
[ba⸢samuʧi],バサムチ,名
[pḁ⸢sa⸣muŋ],パサムン,他動
[pḁ⸢sa⸣muŋ],パサムン,他動
[baʣa⸢raː],バザラー,副
[baʣa⸢raː],バザラー,副
[ba⸢ʣarabaʣara],バザラバザラ,副
[ba⸢ʣarabaʣara],バザラバザラ,副
[ba⸢ʣarabaʣara],バザラバザラ,副
[ba⸢ʣarabaʣara],バザラバザラ,副
[⸣pasaŋ],パサン,名
[⸣pasaŋ],パサン,名
[ba⸢san⸣naru],バサンナル,名
[ba⸢san⸣naru],バサンナル,名
[ba⸢sam⸣paːmuʧi],バサンパームチ,名
[ba⸢sam⸣paːmuʧi],バサンパームチ,名
[⸣paʃi],パシ,名
[pa⸢ʃi],パシ,名
[pa⸢ʃi],パシ,名
[pḁ⸢ʃi],パシ,名
[pḁ⸢ʃi],パシ,名
[⸣paʤi],パジ,名
[⸣paʤi],パジ,名
[⸣paʤi],パジ,名
[⸣paʤi],パジ,名
[⸣paʃi],パシ,名
[pa⸢ʃi],パシ,名
[pa⸢ʃi],パシ,名
[pḁ⸢ʃi],パシ,名
[pḁ⸢ʃi],パシ,名
[⸣paʤi],パジ,名
[⸣paʤi],パジ,名
[⸣paʤi],パジ,名
[⸣paʤi],パジ,名
[pa⸢ʤiʔaːra⸣suŋ],パジアーラスン,他動
[pa⸢ʤiʔaːra⸣suŋ],パジアーラスン,他動
[⸢pasï̥ka],パシゥカ,名
[⸢pasï̥ka],パシゥカ,名
[⸢pasï̥kasoːʤi],パシゥカソージ,名
[⸢pasï̥kasoːʤi],パシゥカソージ,名
[⸢pasï̥kajoːŋ],パシゥカヨーン,名
[⸢pasï̥kajoːŋ],パシゥカヨーン,名
[⸢paʃi̥⸣ka],パシカ,名
[⸢paʃi̥⸣ka],パシカ,名
[⸣paʤi kḁ⸢ka⸣suŋ],パジカカスン,連
[⸣paʤi kḁ⸢ka⸣suŋ],パジカカスン,連
[pḁ⸢ʃi⸣ kḁ⸢ki⸣ruŋ],パシカキルン,連
[pḁ⸢ʃi⸣ kḁ⸢ki⸣ruŋ],パシカキルン,連
[pḁ⸢ʃi⸣ kḁ⸢ki⸣ruŋ],パシカキルン,連
[pḁ⸢ʃi⸣ kḁ⸢ki⸣ruŋ],パシカキルン,連
[⸣paʤi ⸣kḁkuŋ],パジカクン,連
[⸣paʤi ⸣kḁkuŋ],パジカクン,連
[⸢pḁʃika⸣nu pi̥⸢kik⸣kumi],パシカヌピキックミ,連
[⸢pḁʃika⸣nu pi̥⸢kik⸣kumi],パシカヌピキックミ,連
[⸢baʃikikaːruŋ],バシキカールン,自動
[⸢baʃikikaːruŋ],バシキカールン,自動
[⸢baʃi̥kiguri⸣saŋ],バシキグリサン,連
[⸢baʃi̥kiguri⸣saŋ],バシキグリサン,連
[⸣paʤiki̥saː],パジキサー,名
[⸣paʤiki̥saː],パジキサー,名
[pa⸢ʤikiʃi⸣munu],パジキシムヌ,名
[pa⸢ʤikiʃi⸣munu],パジキシムヌ,名
[⸢baʃi̥kipajaː⸣ŋ],バシキパヤーン,連
[⸢baʃi̥kipajaː⸣ŋ],バシキパヤーン,連
[⸢baʃi̥kimunu],バシキムヌ,名
[⸢baʃi̥kimunu],バシキムヌ,名
[⸢baʃi̥kiruŋ],バシキルン,他動
[⸢baʃi̥kiruŋ],バシキルン,他動
[pḁ⸢ʃi⸣gu],パシグ,名
[pḁ⸢ʃi⸣gu],パシグ,名
[⸢paʃi̥keː],パシケー,名
[⸢paʃi̥keː],パシケー,名
[pa⸢ʃi⸣ʃi],パシシ,名
[pa⸢ʃi⸣ʃi],パシシ,名
[pḁ⸢ʃittu],パシットゥ,副
[pḁ⸢ʃittu],パシットゥ,副
[pa⸢ʃi⸣naː],パシナー,名
[pa⸢ʃi⸣naː],パシナー,名
[ba⸢ʃinu⸣turu],バシヌトゥル,名
[ba⸢ʃinu⸣turu],バシヌトゥル,名
[pa⸢ʤimaki],パジマキ,名
[pa⸢ʤimaki],パジマキ,名
[pa⸢ʤimari],パジマリ,名
[pa⸢ʤimari],パジマリ,名
[pa⸢ʤimaruŋ],パジマルン,自動
[pa⸢ʤimaruŋ],パジマルン,自動
[pa⸢ʤimi],パジミ,名
[pa⸢ʤimi],パジミ,名
[pa⸢ʤimiti],パジミティ,副
[pa⸢ʤimiti],パジミティ,名
[pa⸢ʤimiti],パジミティ,副
[pa⸢ʤimiti],パジミティ,名
[pa⸢ʤimiruŋ],パジミルン,他動
[pa⸢ʤimiruŋ],パジミルン,補動
[pa⸢ʤimiruŋ],パジミルン,他動
[pa⸢ʤimiruŋ],パジミルン,補動
[pa⸢ʤimuŋ],パジムン,他動
[pa⸢ʤimuŋ],パジムン,他動
[ba⸢ʃa],バシャ,名
[ba⸢ʃa],バシャ,名
[ba⸢ʃamuʧi],バシャムチ,名
[ba⸢ʃamuʧi],バシャムチ,名
[ba⸢ʃaʔmːma],バシャンーマ,名
[ba⸢ʃaʔmːma],バシャンーマ,名
[ha⸢ʃoːɸuː],ハショーフー,名
[ha⸢ʃoːɸuː],ハショーフー,名
[pa⸢ʃi⸣ru],パシル,名
[pa⸢ʃi⸣ru],パシル,名
[pa⸢ʤiŋ],パジン,名
[pa⸢ʤiŋ],パジン,名
[pa⸢ʤiŋkiː],パジンキー,名
[pa⸢ʤiŋkiː],パジンキー,名
[pa⸢ʤinnu⸣ ʃiː],パジンヌシー,連
[pa⸢ʤinnu⸣ ʃiː],パジンヌシー,連
[⸣basu],バス,名
[⸣basu],バス,名
[⸢pasu̥kuri⸣ruŋ],パスクリルン,自動
[⸢pasu̥kuri⸣ruŋ],パスクリルン,自動
[⸢pasu̥⸣kuruŋ],パスクルン,自動
[⸢pasu̥⸣kuruŋ],パスクルン,自動
[⸢basu̥kuŋ],バスクン,他動
[⸢pasu̥⸣kuŋ],パスクン,他動
[⸢basu̥kuŋ],バスクン,他動
[⸢pasu̥⸣kuŋ],パスクン,他動
[⸢pasu̥⸣koːŋ],パスコーン,形
[⸢pasu̥⸣koːŋ],パスコーン,形
[⸣basubasu],バスバス,名
[⸣basubasu],バスバス,副
[⸣basubasu],バスバス,名
[⸣basubasu],バスバス,副
[⸣paʣuŋ],パズン,他動
[⸣paʣuŋ],パズン,他動
[⸣paʣuŋ],パズン,他動
[⸣paʣuŋ],パズン,他動
[⸣bata],バタ,名
[⸣bata],バタ,名
[⸣bata],バタ,名
[⸣bata],バタ,名
[⸣bata],バタ,名
[⸣bata],バタ,名
[pḁ⸢ta],パタ,名
[pḁ⸢ta],パタ,名
[pḁ⸢ta],パタ,名
[⸣pada],パダ,名
[⸣pada],パダ,名
[⸣bata],バタ,名
[⸣bata],バタ,名
[⸣bata],バタ,名
[⸣bata],バタ,名
[⸣bata],バタ,名
[⸣bata],バタ,名
[pḁ⸢ta],パタ,名
[pḁ⸢ta],パタ,名
[pḁ⸢ta],パタ,名
[⸣pada],パダ,名
[⸣pada],パダ,名
[⸣bataː ⸢ʔui⸣ nasuŋ],バターウイナスン,連
[⸣bataː ⸢ʔui⸣ nasuŋ],バターウイナスン,連
[⸣bataː ⸢naːruŋ],バターナールン,連
[⸣bataː ⸢naːruŋ],バターナールン,連
[⸣padaː ⸢naːm⸣ munu],パダーナーンムヌ,連
[⸣padaː ⸢naːm⸣ munu],パダーナーンムヌ,連
[⸣bataː ɸu̥⸢ʦuruŋkeː⸣ri],バターフツルンケーリ,副
[⸣bataː ɸu̥⸢ʦuruŋkeː⸣ri],バターフツルンケーリ,副
[ba⸢taː⸣ma],バターマ,名
[ba⸢taː⸣ma],バターマ,名
[⸣bata ⸢ʔauni buː],バタアウニブー,連
[⸣bata ⸢ʔauni buː],バタアウニブー,連
[⸣bata ⸢ʔasu̥⸣kuŋ],バタアスクン,連
[⸣bata ⸢ʔasu̥⸣kuŋ],バタアスクン,連
[ba⸢ta⸣ʔiʃi],バタイシ,名
[ba⸢ta⸣ʔiʃi],バタイシ,名
[ba⸢ta⸣ʔiri],バタイリ,名
[ba⸢ta⸣ʔiri],バタイリ,名
[ba⸢taʔiri⸣muʧi],バタイリムチ,名
[ba⸢taʔiri⸣muʧi],バタイリムチ,名
[ba⸢ta⸣ʔuʧi],バタウチ,名
[ba⸢ta⸣ʔuʧi],バタウチ,名
[pa⸢da⸣ka],パダカ,名
[pa⸢da⸣ka],パダカ,名
[ba⸢ta⸣gaː],バタガー,名
[pḁ⸢tagaː],パタガー,名
[ba⸢ta⸣gaː],バタガー,名
[pḁ⸢tagaː],パタガー,名
[⸣bata ⸢kaːra⸣suŋ],バタカーラスン,連
[⸣bata ⸢kaːra⸣suŋ],バタカーラスン,連
[⸣bata ⸢kai⸣jaŋ],バタカイヤン,連
[⸣pada ⸢kai⸣jaŋ],パダカイヤン,連
[⸣bata ⸢kai⸣jaŋ],バタカイヤン,連
[⸣pada ⸢kai⸣jaŋ],パダカイヤン,連
[pa⸢dakau⸣waŋ],パダカウワン,形
[pa⸢dakau⸣waŋ],パダカウワン,形
[pḁ⸢takakimunu],パタカキムヌ,名
[pḁ⸢takakimunu],パタカキムヌ,名
[pa⸢daka⸣muŋ],パダカムン,名
[pa⸢daka⸣muŋ],パダカムン,名
[⸣bata ka⸢ruŋ],バタカルン,連
[⸣bata ka⸢ruŋ],バタカルン,連
[⸣bata ka⸢roː⸣ŋ],バタカローン,連
[⸣bata ka⸢roː⸣ŋ],バタカローン,連
[⸣bata ka⸢roː⸣ŋ],バタカローン,連
[⸣bata ka⸢roː⸣ŋ],バタカローン,連
[pḁ⸢ta⸣ki],パタキ,名
[pa⸢da⸣gi],パダギ,名
[pḁ⸢ta⸣ki],パタキ,名
[pa⸢da⸣gi],パダギ,名
[pḁ⸢takiʔuja⸣ʣa],パタキウヤザ,名
[pḁ⸢takiʔuja⸣ʣa],パタキウヤザ,名
[ba⸢takikut⸣ʦaːŋ],バタキクッツァーン,形
[pa⸢dakikut⸣ʦaːŋ],パダキクッツァーン,形
[ba⸢takikut⸣ʦaːŋ],バタキクッツァーン,形
[pa⸢dakikut⸣ʦaːŋ],パダキクッツァーン,形
[pḁ⸢takiʃigu⸣tu],パタキシグトゥ,名
[pḁ⸢takiʃigu⸣tu],パタキシグトゥ,名
[pḁ⸢takisu̥kuri⸣pu̥su],パタキスクリプス,名
[pḁ⸢takisu̥kuri⸣pu̥su],パタキスクリプス,名
[pḁ⸢takituna⸣ru],パタキトゥナル,名
[pḁ⸢takituna⸣ru],パタキトゥナル,名
[pḁ⸢takidoŋ⸣gu],パタキドング,名
[pḁ⸢takidoŋ⸣gu],パタキドング,名
[pḁ⸢taki⸣nu ⸣ssa ⸢soːruŋ],パタキヌッサソールン,連
[pḁ⸢taki⸣nu ⸣ssa ⸢soːruŋ],パタキヌッサソールン,連
[pa⸢dakineː⸣ŋ],パダキネーン,形
[pa⸢dakineː⸣ŋ],パダキネーン,形
[pḁ⸢takimaː⸣ru],パタキマール,名
[pḁ⸢takimaː⸣ru],パタキマール,名
[pḁ⸢taki⸣mai],パタキマイ,名
[pḁ⸢taki⸣mai],パタキマイ,名
[pḁ⸢takijaː⸣ma],パタキヤーマ,名
[pḁ⸢takijaː⸣ma],パタキヤーマ,名
[pa⸢da⸣kiŋ],パダキン,名
[pa⸢da⸣kiŋ],パダキン,名
[pḁ⸢takiʔŋga⸣na],パタキンガナ,名
[pḁ⸢takiʔŋga⸣na],パタキンガナ,名
[ba⸢takuku⸣ʧi],バタククチ,名
[ba⸢takuku⸣ʧi],バタククチ,名
[ba⸢ta⸣ku̥saː],バタクサー,名
[ba⸢ta⸣ku̥saː],バタクサー,名
[ba⸢tagusu̥⸣ku],バタグスク,名
[ba⸢tagusu̥⸣ku],バタグスク,名
[⸣bata ku⸢dasuŋ],バタクダスン,連
[⸣bata ku⸢dasuŋ],バタクダスン,連
[⸣bata ⸢guf⸣faŋ],バタグッふァン,連
[⸣bata ⸢guf⸣faŋ],バタグッふァン,連
[⸣bataguruguruː],バタグルグルー,名
[⸣bataguruguruː],バタグルグルー,名
[ba⸢ta⸣guru ⸢suŋ],バタグルスン,連
[ba⸢ta⸣guru ⸢suŋ],バタグルスン,連
[ba⸢taguroː⸣ŋ],バタグローン,形
[ba⸢taguroː⸣ŋ],バタグローン,形
[⸣bata ⸢koː⸣ruŋ],バタコールン,連
[⸣bata ⸢koː⸣ruŋ],バタコールン,連
[⸣bata ⸢koː⸣ruŋ],バタコールン,連
[⸣pada ⸢koː⸣ruŋ],パダコールン,連
[⸣bata ⸢koː⸣ruŋ],バタコールン,連
[⸣bata ⸢koː⸣ruŋ],バタコールン,連
[⸣bata ⸢koː⸣ruŋ],バタコールン,連
[⸣pada ⸢koː⸣ruŋ],パダコールン,連
[ha⸢da⸣ʃi],ハダシ,名
[ba⸢ta⸣ʃi],バタシ,名
[ba⸢taʃi],バタシ,名
[pa⸢da⸣ʃi],パダシ,名
[ha⸢da⸣ʃi],ハダシ,名
[ba⸢ta⸣ʃi],バタシ,名
[ba⸢taʃi],バタシ,名
[pa⸢da⸣ʃi],パダシ,名
[⸣pada ʃi⸢ʣu⸣maruŋ],パダシズマルン,連
[⸣pada ʃi⸢ʣu⸣maruŋ],パダシズマルン,連
[ba⸢taʃi⸣buni],バタシブニ,名
[ba⸢taʃi⸣buni],バタシブニ,名
[⸣pada ʃi⸢ma⸣ruŋ],パダシマルン,連
[⸣pada ʃi⸢ma⸣ruŋ],パダシマルン,連
[ba⸢ta⸣ʤiru ⸢koː⸣ruŋ],バタジルコールン,連
[ba⸢ta⸣ʤiru ⸢koː⸣ruŋ],バタジルコールン,連
[ba⸢taʣuː⸣waŋ],バタズーワン,形
[ba⸢taʣuː⸣waŋ],バタズーワン,形
[⸣pada su̥⸢ku⸣maruŋ],パダスクマルン,連
[⸣pada su̥⸢ku⸣maruŋ],パダスクマルン,連
[⸣bata su̥⸢ku⸣muŋ],バタスクムン,連
[⸣bata su̥⸢ku⸣muŋ],バタスクムン,連
[ba⸢tasuku⸣rai],バタスクライ,名
[ba⸢tasuku⸣rai],バタスクライ,名
[ba⸢tasuŋ],バタスン,他動
[pa⸢ta⸣suŋ],パタスン,他動
[ba⸢tasuŋ],バタスン,他動
[pa⸢ta⸣suŋ],パタスン,他動
[ba⸢ta⸣dai],バタダイ,名
[ba⸢ta⸣dai],バタダイ,名
[ba⸢ta⸣taja],バタタヤ,名
[ba⸢ta⸣taja],バタタヤ,名
[pḁ⸢taʧi],パタチ,名
[pḁ⸢taʧi],パタチ,名
[ba⸢taʧiga⸣i],バタチガイ,名
[ba⸢taʧiga⸣i],バタチガイ,名
[pḁ⸢takkaru],パタッカルン,他動
[pḁ⸢takkaru],パタッカルン,他動
[pa⸢dakkaruŋ],パダッカルン,自動
[pḁ⸢takkaru],パタッカルン,他動
[pḁ⸢takkaru],パタッカルン,他動
[pa⸢dakkaruŋ],パダッカルン,自動
[pḁ⸢takkiruŋ],パタッキルン,他動
[pḁ⸢takkiruŋ],パタッキルン,他動
[pḁ⸢takkuŋ],パタックン,自動
[pḁ⸢takkuŋ],パタックン,自動
[⸣batassaraː],バタッサラー,名
[⸣batassaraː],バタッサラー,名
[ba⸢tassari⸣muni],バタッサリムニ,名
[ba⸢tassari⸣muni],バタッサリムニ,名
[ba⸢tassari⸣munu],バタッサリムヌ,名
[ba⸢tassari⸣munu],バタッサリムヌ,名
[⸣bata ⸣ssaruŋ],バタッサルン,連
[⸣bata ⸣ssaruŋ],バタッサルン,連
[⸣pada s⸢soː⸣ŋ],パダッソーン,連
[⸣pada s⸢soː⸣ŋ],パダッソーン,連
[ba⸢taf⸣faː],バタッふァー,名
[ba⸢taf⸣faː],バタッふァー,名
[ba⸢taf⸣faːŋ],バタッふァーン,形
[ba⸢taf⸣faːŋ],バタッふァーン,形
[pa⸢danaː⸣ŋ],パダナーン,形
[pa⸢danaː⸣ŋ],パダナーン,形
[ba⸢tanaka⸣ra],バタナカラ,名
[ba⸢tanaka⸣ra],バタナカラ,名
[ba⸢ta⸣niʤi],バタニジ,名
[ba⸢ta⸣niʤi],バタニジ,名
[ba⸢ta⸣nu ⸣kaː],バタヌカー,連
[ba⸢ta⸣nu ⸣kaː],バタヌカー,連
[ba⸢ta⸣nu ⸢saːruŋ],バタヌサールン,連
[ba⸢ta⸣nu ⸢saːruŋ],バタヌサールン,連
[ba⸢ta⸣nu ⸢ʃiːmunu],バタヌシームヌ,連
[ba⸢ta⸣nu ⸢ʃiːmunu],バタヌシームヌ,連
[ba⸢ta⸣nu sï̥⸢kairuŋ],バタヌシゥカイルン,連
[ba⸢ta⸣nu sï̥⸢kairuŋ],バタヌシゥカイルン,連
[ba⸢ta⸣nu ⸢pit⸣ʧiŋ],バタヌピッチン,連
[ba⸢ta⸣nu ⸢pit⸣ʧiŋ],バタヌピッチン,連
[pa⸢danubi⸣munu],パダヌビムヌ,名
[pa⸢danubi⸣munu],パダヌビムヌ,名
[ba⸢ta⸣nu ɸu̥⸢ʧi⸣ru],バタヌフチル,連
[ba⸢ta⸣nu ɸu̥⸢ʧi⸣ru],バタヌフチル,連
[⸣pada ⸣nubuŋ],パダヌブン,連
[⸣pada ⸣nubuŋ],パダヌブン,連
[pa⸢danubeː⸣ŋ],パダヌベーン,形
[pa⸢danubeː⸣ŋ],パダヌベーン,形
[ba⸢ta⸣nu mu⸢ʃi],バタヌムシ,連
[ba⸢ta⸣nu mu⸢ʃi],バタヌムシ,連
[ba⸢ta⸣nu mu⸢ʃi],バタヌムシ,連
[ba⸢ta⸣nu mu⸢ʃi],バタヌムシ,連
[ba⸢tabata],バタバタ,副
[pḁ⸢tapata],パタパタ,副
[ba⸢tabata],バタバタ,副
[pḁ⸢tapata],パタパタ,副
[ba⸢tapiː⸣ʧi],バタピーチ,名
[ba⸢tapiː⸣ʧi],バタピーチ,名
[⸣bata pi⸢narasuŋ],バタピナラスン,連
[⸣bata pi⸢narasuŋ],バタピナラスン,連
[⸣bata pi⸢naruŋ],バタピナルン,連
[⸣bata pi⸢naruŋ],バタピナルン,連
[ba⸢taɸuku⸣bi],バタフクビ,名
[ba⸢taɸuku⸣bi],バタフクビ,名
[ba⸢taɸu̥ku⸣raː],バタフクラー,名
[ba⸢taɸu̥ku⸣raː],バタフクラー,名
[ba⸢taɸu̥ku⸣ri],バタフクリ,名
[ba⸢taɸu̥ku⸣ri],バタフクリ,名
[ba⸢taɸu̥ku⸣ru],バタフクル,名
[ba⸢taɸu̥ku⸣ru],バタフクル,名
[ba⸢taɸu̥ku⸣ru],バタフクル,名
[ba⸢taɸu̥ku⸣ru],バタフクル,名
[ba⸢taɸuʤi⸣muni],バタフジムニ,名
[ba⸢taɸuʤi⸣muni],バタフジムニ,名
[ba⸢ta⸣ɸuʣuŋ],バタフズン,他動
[ba⸢ta⸣ɸuʣuŋ],バタフズン,他動
[⸣batabutaː],バタブター,名
[⸣batabutaː],バタブター,名
[ba⸢tamaː⸣ruŋ],バタマールン,自動
[ba⸢tamaː⸣ruŋ],バタマールン,自動
[⸣bata ⸢mai⸣jaŋ],バタマイヤン,連
[⸣bata ⸢mai⸣jaŋ],バタマイヤン,連
[pa⸢da⸣miː],パダミー,名
[pa⸢da⸣miː],パダミー,名
[ba⸢ta⸣miʧi],バタミチ,副
[ba⸢ta⸣miʧi],バタミチ,副
[ba⸢tamiʧisoː⸣ʤi],バタミチソージ,名
[ba⸢tamiʧisoː⸣ʤi],バタミチソージ,名
[ba⸢ta⸣miʦuŋ],バタミツン,自動
[ba⸢ta⸣miʦuŋ],バタミツン,自動
[ba⸢tamiŋ⸣guru],バタミングル,名
[ba⸢tamiŋ⸣guru],バタミングル,名
[⸣bata ⸢muːŋ],バタムーン,連
[⸣bata ⸢muːŋ],バタムーン,連
[⸣bata ⸢muiruŋ],バタムイルン,連
[⸣bata ⸢muiruŋ],バタムイルン,連
[⸣bata mu⸢geːruŋ],バタムゲールン,連
[⸣bata mu⸢geːruŋ],バタムゲールン,連
[pa⸢da⸣musu],パダムス,名
[pa⸢da⸣musu],パダムス,名
[ba⸢ta⸣muʧi],バタムチ,名
[pa⸢damu⸣ʧi],パダムチ,名
[ba⸢ta⸣muʧi],バタムチ,名
[pa⸢damu⸣ʧi],パダムチ,名
[⸣bata ⸣mutuŋ],バタムトゥン,連
[⸣bata ⸣mutuŋ],バタムトゥン,連
[ba⸢ta⸣jabi],バタヤビ,名
[ba⸢ta⸣jabi],バタヤビ,名
[pa⸢dajabi⸣pu̥su],パダヤビプス,名
[pa⸢dajabi⸣pu̥su],パダヤビプス,名
[pa⸢dajabi⸣jaŋ],パダヤビヤン,名
[pa⸢dajabi⸣jaŋ],パダヤビヤン,名
[⸣bata ja⸢bu⸣ruŋ],バタヤブルン,連
[⸣bata ja⸢bu⸣ruŋ],バタヤブルン,連
[ba⸢ta⸣ jabuŋ],バタヤブン,連
[ba⸢ta⸣ jabuŋ],バタヤブン,連
[ba⸢ta⸣ jamuŋ],バタヤムン,連
[ba⸢ta⸣ jamuŋ],バタヤムン,連
[ba⸢ta⸣jaŋ],バタヤン,名
[ba⸢ta⸣jaŋ],バタヤン,名
[ba⸢tajoː⸣ŋ],バタヨーン,形
[ba⸢tajoː⸣ŋ],バタヨーン,形
[pa⸢da⸣ra],パダラ,名
[pa⸢da⸣ra],パダラ,名
[pata⸢raːtti],パタラーッティ,副
[pata⸢raːtti],パタラーッティ,副
[pata⸢raːtti],パタラーッティ,副
[pata⸢raːtti],パタラーッティ,副
[pa⸢daraː⸣ŋ],パダラーン,形
[pa⸢daraː⸣ŋ],パダラーン,形
[pḁ⸢tarakaː],パタラカー,名
[pḁ⸢tarakaː],パタラカー,名
[pḁ⸢tarakiʤibuŋ],パタラキジブン,名
[pḁ⸢tarakiʤibuŋ],パタラキジブン,名
[pḁ⸢tarakibana],パタラキバナ,名
[pḁ⸢tarakibana],パタラキバナ,名
[pḁ⸢tarakimunu],パタラキムヌ,名
[pḁ⸢tarakimunu],パタラキムヌ,名
[pḁ⸢tarakuŋ],パタラクン,自動
[pḁ⸢tarakuŋ],パタラクン,自動
[pḁta⸢ratti],パタラッティ,副
[pḁta⸢ratti],パタラッティ,副
[pa⸢daramuŋ],パダラムン,名
[pa⸢daramuŋ],パダラムン,名
[pḁ⸢taraŋkeː⸣ri],パタランケーリ,副
[pḁ⸢taraŋkeː⸣ri],パタランケーリ,副
[ba⸢taruŋ],バタルン,他動
[ba⸢taruŋ],バタルン,他動
[ba⸢taruŋ],バタルン,他動
[ba⸢taruŋ],バタルン,他動
[ba⸢tambataŋ],バタンバタンシ,副
[ba⸢tambataŋ],バタンバタンシ,副
[⸣haʧi],ハチ,名
[ba⸢ʧi],バチ,名
[⸣baʧi],バチ,名
[⸣baʧi],バチ,名
[pḁ⸢ʧi],パチ,名
[pḁ⸢ʧi],パチ,接頭
[pḁ⸢ʧi],パチ,名
[⸣haʧi],ハチ,名
[ba⸢ʧi],バチ,名
[⸣baʧi],バチ,名
[⸣baʧi],バチ,名
[pḁ⸢ʧi],パチ,名
[pḁ⸢ʧi],パチ,接頭
[pḁ⸢ʧi],パチ,名
[pḁ⸢ʧiʔimi],パチイミ,名
[pḁ⸢ʧiʔimi],パチイミ,名
[pḁ⸢ʧiʔukuʃi],パチウクシ,名
[pḁ⸢ʧiʔukuʃi],パチウクシ,名
[pḁ⸢ʧi⸣ ʔu⸢ku⸣suŋ],パチウクスン,連
[pḁ⸢ʧi⸣ ʔu⸢ku⸣suŋ],パチウクスン,連
[ba⸢ʧikabi⸣munu],バチカビムヌ,名
[ba⸢ʧikabi⸣munu],バチカビムヌ,名
[ba⸢ʧi⸣ kabuŋ],バチカブン,連
[ba⸢ʧi⸣ kabuŋ],バチカブン,連
[pḁ⸢ʧikannaːru],パチカンナール,名
[pḁ⸢ʧikannaːru],パチカンナール,名
[ba⸢ʧikwaːsuŋ],バチクヮースン,自動
[ba⸢ʧikwaːsuŋ],バチクヮースン,自動
[ba⸢ʧikwai],バチクヮイ,感
[ba⸢ʧikwai],バチクヮイ,感
[pa⸢ʧisoːraŋ],パチソーラン,名
[pa⸢ʧisoːraŋ],パチソーラン,名
[pḁ⸢ʧi⸣soŋgaʧi],パチソンガチ,名
[pḁ⸢ʧi⸣soŋgaʧi],パチソンガチ,名
[pa⸢ʧitabi],パチタビ,名
[pa⸢ʧitabi],パチタビ,名
[pa⸢ʧitajuru],パチタユル,名
[pa⸢ʧitajuru],パチタユル,名
[pḁ⸢ʧiffa],パチッふァ,名
[pḁ⸢ʧiffa],パチッふァ,名
[pa⸢ʧinaʃi],パチナシ,名
[pa⸢ʧinaʃi],パチナシ,名
[pḁ⸢ʧinaru],パチナル,名
[pḁ⸢ʧinaru],パチナル,名
[pḁ⸢ʧinaŋka],パチナンカ,名
[pḁ⸢ʧinaŋka],パチナンカ,名
[pḁ⸢ʧinu⸣ f⸢fa],パチヌッふァ,連
[pḁ⸢ʧinu⸣ f⸢fa],パチヌッふァ,連
[pḁ⸢ʧipaʧi],パチパチ,名
[pḁ⸢ʧipaʧi],パチパチ,副
[pḁ⸢ʧipaʧi],パチパチ,名
[pḁ⸢ʧipaʧi],パチパチ,副
[hḁ⸢ʧibaŋ⸣ʃeŋ],ハチバンシェン,名
[hḁ⸢ʧibaŋ⸣ʃeŋ],ハチバンシェン,名
[hḁ⸢ʧibu⸣rampu],ハチブランプ,名
[hḁ⸢ʧibu⸣rampu],ハチブランプ,名
[pḁ⸢ʧimaː],パチマー,名
[pḁ⸢ʧimaː],パチマー,名
[ha⸢ʧima⸣ki],ハチマキ,名
[ha⸢ʧima⸣ki],ハチマキ,名
[pḁ⸢ʧimika⸣suŋ],パチミカスン,他動
[pḁ⸢ʧimika⸣suŋ],パチミカスン,他動
[pḁ⸢ʧimiŋgura⸣suŋ],パチミングラスン,他動
[pḁ⸢ʧimiŋgura⸣suŋ],パチミングラスン,他動
[pḁ⸢ʧijuː],パチユー,副
[pḁ⸢ʧijuː],パチユー,副
[hḁ⸢ʧoːɸu],ハチョーフ,名
[hḁ⸢ʧoːɸu],ハチョーフ,名
[pa⸢ʧiŋgakaː],パチンガカー,固
[pa⸢ʧiŋgakaː],パチンガカー,固
[pḁ⸢ʧiŋgwa⸣ʧi],パチングヮチ,名
[pḁ⸢ʧiŋgwa⸣ʧi],パチングヮチ,名
[pḁ⸢ʧiŋgwaʧi⸣ʃi̥ki],パチングヮチシキ,名
[pḁ⸢ʧiŋgwaʧi⸣ʃi̥ki],パチングヮチシキ,名
[pḁ⸢ʧiʔnʤi],パチンジ,名
[pḁ⸢ʧiʔnʤi],パチンジ,名
[pḁ⸢ʧiʔnʤi],パチンジ,名
[pḁ⸢ʧiʔnʤi],パチンジ,名
[pḁ⸢ʧaː⸣ŋ],パツァーン,形
[pḁ⸢ʧaː⸣ŋ],パツァーン,形
[pḁ⸢ʦaːmpaʦaːŋ],パツァーンパツァーン,副
[pḁ⸢ʦaːmpaʦaːŋ],パツァーンパツァーン,副
[pḁ⸢ʦa⸣gumi],パツァグミ,名
[pḁ⸢ʦa⸣gumi],パツァグミ,名
[ba⸢ʦami⸣ruŋ],バツァミルン,他動
[ba⸢ʦami⸣ruŋ],バツァミルン,他動
[ba⸢ʦa⸣muŋ],バツァムン,他動
[ba⸢ʦa⸣muŋ],バツァムン,他動
[pa⸢ʦarapaʦara],パツァラパツァラ,副
[pa⸢ʦarapaʦara],パツァラパツァラ,副
[pa⸢ʦarapaʦara],パツァラパツァラ,副
[pa⸢ʦarapaʦara],パツァラパツァラ,副
[pḁ⸢ʦarapaʦara⸣ʃi],パツァラパツァラシ,副
[pḁ⸢ʦarapaʦara⸣ʃi],パツァラパツァラシ,副
[pḁʦan⸢ti],パツァンティ,副
[pḁʦan⸢ti],パツァンティ,副
[⸢hak⸣ka],ハッカ,名
[⸢hak⸣ka],ハッカ,名
[⸣hakkaku],ハッカク,名
[⸣hakkaku],ハッカク,名
[⸢pakkiruŋ],パッキルン,自動
[⸢pakkiruŋ],パッキルン,自動
[⸢bakkiŋ],バッキン,名
[⸢bakkiŋ],バッキン,名
[⸢bakkurasuŋ],バックラスン,他動
[⸢bakkurasuŋ],バックラスン,他動
[⸢bakkuriruŋ],バックリルン,自動
[⸢bakkuriruŋ],バックリルン,自動
[⸢bakkuruŋ],バックルン,自動
[⸢bakkuruŋ],バックルン,自動
[⸢bas⸣sai],バッサイ,名
[⸢bas⸣sai],バッサイ,名
[⸣hassamajoː],ハッサマヨー,感
[⸣hassamajoː],ハッサマヨー,感
[⸢badʣarabaʣara],バッザラバザラ,副
[⸢badʣarabaʣara],バッザラバザラ,副
[⸢badʣarabaʣara],バッザラバザラ,副
[⸢badʣarabaʣara],バッザラバザラ,副
[⸣passaŋ],パッサン,名
[⸣passaŋ],パッサン,名
[⸢hassunʤibu⸣ku],ハッスンジブク,名
[⸢hassunʤibu⸣ku],ハッスンジブク,名
[⸢pat⸣ta ⸣ʃi̥ki],パッタシキ,連
[⸢pat⸣ta ⸣ʃi̥ki],パッタシキ,連
[⸢pat⸣tantiŋ],パッタンティン,連
[⸢pat⸣tantiŋ],パッタンティン,連
[⸢pat⸣ʧiː],パッチー,名
[⸢pat⸣ʧiː],パッチー,名
[⸢patʧima⸣ruŋ],パッチマルン,自動
[⸢patʧima⸣ruŋ],パッチマルン,自動
[⸢hatʧoː⸣ruː],ハッチョールー,名
[⸢hatʧoː⸣ruː],ハッチョールー,名
[⸢batʦaːsuŋ],バッツァースン,他動
[⸢patʦaː⸣suŋ],パッツァースン,自動
[⸢batʦaːsuŋ],バッツァースン,他動
[⸢patʦaː⸣suŋ],パッツァースン,自動
[⸢batʦaːruŋ],バッツァールン,自動
[⸢batʦaːruŋ],バッツァールン,自動
[⸢patʦoː⸣ruŋ],パッツォールン,自動
[⸢patʦoː⸣ruŋ],パッツォールン,自動
[⸢pattu],パットゥ,名
[⸢pattu],パットゥ,名
[⸢hap⸣pa],ハッパ,名
[⸢hap⸣pa],ハッパ,名
[⸢bappaː],バッパー,名
[⸢bappaː],バッパー,名
[⸢bap⸣pai],バッパイ,名
[⸢bap⸣pai],バッパイ,名
[⸢bappai⸣ruŋ],バッパイルン,他動
[⸢bappai⸣ruŋ],バッパイルン,他動
[⸢bap⸣pauŋ],バッパウン,他動
[⸢bap⸣pauŋ],バッパウン,他動
[⸢bap⸣puː],バップー,名
[⸢bap⸣puː],バップー,名
[⸢pappugasuŋ],パップガスン,他動
[⸢pappugasuŋ],パップガスン,他動
[⸢pappugiruŋ],パップギルン,自動
[⸢pappugiruŋ],パップギルン,自動
[⸣happoː],ハッポー,名
[⸣happoː],ハッポー,名
[hḁ⸢ʦuri],ハツリ,名
[hḁ⸢ʦuri],ハツリ,名
[hḁ⸢ʦuruŋ],ハツルン,他動
[hḁ⸢ʦuruŋ],ハツルン,他動
[pḁ⸢ti],パティ,名
[pḁ⸢ti],パティ,名
[pa⸢ti⸣muni],パティムニ,名
[pa⸢ti⸣muni],パティムニ,名
[pḁ⸢ti⸣munu],パティムヌ,名
[pḁ⸢ti⸣munu],パティムヌ,名
[pḁ⸢tijoː⸣ʣoː],パティヨーゾー,名
[pḁ⸢tijoː⸣ʣoː],パティヨーゾー,名
[pa⸢tiruma],パティルマ,名
[pa⸢tiruma],パティルマ,名
[pa⸢tirumapusu],パティルマプス,名
[pa⸢tirumapusu],パティルマプス,名
[pa⸢tirumamuru],パティルマムル,名
[pa⸢tirumamuru],パティルマムル,名
[pḁ⸢ti⸣ruŋ],パティルン,自動
[pḁ⸢ti⸣ruŋ],パティルン,自動
[pa⸢ti⸣waʣa],パティワザ,名
[pa⸢ti⸣waʣa],パティワザ,名
[⸣patuguʣa],パトゥグザ,名
[⸣patuguʣa],パトゥグザ,名
[⸣pḁtuʣa],パトゥザ,名
[⸣pḁtuʣa],パトゥザ,名
[pḁ⸢tuʣaː⸣gukku],パトゥザーグック,名
[pḁ⸢tuʣaː⸣gukku],パトゥザーグック,名
[pḁ⸢tu⸣ma],パトゥマ,名
[pḁ⸢tu⸣ma],パトゥマ,名
[pḁ⸢tuma⸣nakamuri],パトゥマナカムリ,名
[pḁ⸢tuma⸣nakamuri],パトゥマナカムリ,名
[pḁ⸢tu⸣manaʦaːra],パトゥマナツァーラ,名
[pḁ⸢tu⸣manaʦaːra],パトゥマナツァーラ,名
[pḁ⸢tu⸣mabuʃi],パトゥマブシ,名
[pḁ⸢tu⸣mabuʃi],パトゥマブシ,名
[pḁ⸢tu⸣mamuni],パトゥマムニ,名
[pḁ⸢tu⸣mamuni],パトゥマムニ,名
[pḁ⸢tu⸣mareː],パトゥマレー,名
[pḁ⸢tu⸣mareː],パトゥマレー,名
[pḁ⸢tu⸣munu],パトゥムヌ,名
[pḁ⸢tu⸣munu],パトゥムヌ,名
[pḁ⸢tu⸣meː],パトゥメー,名
[pḁ⸢tu⸣meː],パトゥメー,名
[pḁ⸢tu⸣menu ka⸢butʧiteː],パトゥメーヌカブッチテー,連
[pḁ⸢tu⸣menu ka⸢butʧiteː],パトゥメーヌカブッチテー,連
[⸣-patuŋ],パトゥン,補動
[⸣-patuŋ],パトゥン,補動
[⸣bana],バナ,名
[⸣pana],パナ,名
[⸣pana],パナ,名
[⸣pana],パナ,名
[⸣pana],パナ,名
[pa⸢na],パナ,名
[pa⸢na],パナ,名
[pa⸢na],パナ,名
[⸣pana],パナ,名
[⸣pana],パナ,接尾
[⸣bana],バナ,名
[⸣pana],パナ,名
[⸣pana],パナ,名
[⸣pana],パナ,名
[⸣pana],パナ,名
[pa⸢na],パナ,名
[pa⸢na],パナ,名
[pa⸢na],パナ,名
[⸣pana],パナ,名
[⸣pana],パナ,接尾
[pa⸢naː⸣suŋ],パナースン,他動
[pa⸢naː⸣suŋ],パナースン,他動
[pa⸢naː⸣ma],パナーマ,名
[pa⸢naː⸣ma],パナーマ,名
[pa⸢naːra⸣suŋ],パナーラスン,他動
[pa⸢naːra⸣suŋ],パナーラスン,他動
[pa⸢naːri⸣ruŋ],パナーリルン,自動
[pa⸢naːri⸣ruŋ],パナーリルン,自動
[pa⸢naːri⸣ruŋ],パナーリルン,自動
[pa⸢naːri⸣ruŋ],パナーリルン,自動
[pa⸢naː⸣ruŋ],パナールン,自動
[pa⸢naː⸣ruŋ],パナールン,自動
[pa⸢nai],パナイ,名
[pa⸢nai],パナイ,名
[pa⸢na⸣ʔika],パナイカ,名
[pa⸢na⸣ʔika],パナイカ,名
[pa⸢najiki],パナイキ,名
[pa⸢na⸣ʔiki],パナイキ,名
[pa⸢najiki],パナイキ,名
[pa⸢na⸣ʔiki],パナイキ,名
[pa⸢naikigari⸣munu],パナイキガリムヌ,名
[pa⸢naikigari⸣munu],パナイキガリムヌ,名
[pa⸢najiki⸣garuŋ],パナイキガルン,自動
[pa⸢najiki⸣garuŋ],パナイキガルン,自動
[pa⸢naisaki],パナイサキ,名
[pa⸢naisaki],パナイサキ,名
[pa⸢na⸣ʔutuŋ],パナウトゥン,他動
[pa⸢na⸣ʔutuŋ],パナウトゥン,他動
[pa⸢nagaː⸣ra],パナガーラ,名
[pa⸢nagaː⸣ra],パナガーラ,名
[pa⸢nakakaː],パナカカー,名
[pa⸢nakakaː],パナカカー,名
[pa⸢nakaki⸣munu],パナカキムヌ,名
[pa⸢nakaki⸣munu],パナカキムヌ,名
[pa⸢naga⸣sa],パナガサ,名
[pa⸢naga⸣sa],パナガサ,名
[pa⸢na⸣gara],パナガラ,名
[pa⸢na⸣gara],パナガラ,名
[pa⸢na⸣gi],パナギ,名
[pa⸢na⸣gi],パナギ,名
[pa⸢nagiː],パナギー,名
[pa⸢nagiː],パナギー,名
[pa⸢nagita],パナギタ,名
[pa⸢nagita],パナギタ,名
[pa⸢nakura⸣gaː],パナクラガー,名
[pa⸢nakura⸣gaː],パナクラガー,名
[pa⸢na⸣goʣa],パナゴザ,名
[pa⸢na⸣goʣa],パナゴザ,名
[pa⸢naʣa⸣ki],パナザキ,名
[pa⸢naʣa⸣ki],パナザキ,名
[pa⸢na⸣ʃi],パナシ,名
[pa⸢na⸣ʃi],パナシ,名
[pa⸢na⸣ʃi],パナシ,名
[pa⸢na⸣ʃi],パナシ,名
[pa⸢naʤiː],パナジー,名
[pa⸢naʤiː],パナジー,名
[pa⸢naʃiʔaː⸣suŋ],パナシアースン,他動
[pa⸢naʃiʔaː⸣suŋ],パナシアースン,他動
[pa⸢naʃi̥ki],パナシキ,名
[pa⸢naʃi̥ki],パナシキ,名
[pa⸢naʃi̥ki⸣ ʔu⸢ʦa⸣suŋ],パナシキウツァスン,連
[pa⸢naʃi̥ki⸣ ʔu⸢ʦa⸣suŋ],パナシキウツァスン,連
[pa⸢naʃi̥ki⸣ kḁ⸢kariŋ⸣gisaŋ],パナシキカカリンギサン,連
[pa⸢naʃi̥ki⸣ kḁ⸢kariŋ⸣gisaŋ],パナシキカカリンギサン,連
[pa⸢naʃi̥ki⸣ kḁ⸢ka⸣ruŋ],パナシキカカルン,連
[pa⸢naʃi̥ki⸣ kḁ⸢ka⸣ruŋ],パナシキカカルン,連
[pa⸢naʃi̥ki⸣ ga⸢maːra⸣saŋ],パナシキガマーラサン,連
[pa⸢naʃi̥ki⸣ ga⸢maːra⸣saŋ],パナシキガマーラサン,連
[pa⸢naʃi̥kinu niŋ⸣gai],パナシキヌニンガイ,連
[pa⸢naʃi̥kinu niŋ⸣gai],パナシキヌニンガイ,連
[pa⸢naʃi̥kinu⸣ ɸu̥⸢ʧi⸣ru],パナシキヌフチル,連
[pa⸢naʃi̥kinu⸣ ɸu̥⸢ʧi⸣ru],パナシキヌフチル,連
[pa⸢naʃi̥ki ɸusi̥⸣karuŋ],パナシキフシゥカルン,連
[pa⸢naʃi̥ki ɸusi̥⸣karuŋ],パナシキフシゥカルン,連
[pa⸢naʃi̥ki⸣ ma⸢maruŋ],パナシキママルン,連
[pa⸢naʃi̥ki⸣ ma⸢maruŋ],パナシキママルン,連
[pa⸢naʃi̥keː],パナシケー,固
[pa⸢naʃi̥keː],パナシケー,固
[pa⸢naʃi̥keːnu ʔaː⸣nijaːteː],パナシケーヌアーニヤーテー,連
[pa⸢naʃi̥keːnu ʔaː⸣nijaːteː],パナシケーヌアーニヤーテー,連
[pa⸢naʃiʤi],パナシジ,名
[pa⸢naʃiʤi],パナシジ,名
[pa⸢na⸣ʃiʣoːʤi],パナシゾージ,名
[pa⸢na⸣ʃiʣoːʤi],パナシゾージ,名
[pa⸢naʤina],パナジナ,名
[pa⸢naʤina],パナジナ,名
[pa⸢na⸣ʃi na⸢ra⸣nu],パナシナラヌ,連
[pa⸢na⸣ʃi na⸢ra⸣nu],パナシナラヌ,連
[pa⸢na⸣ ʃi⸢ma⸣ruŋ],パナシマルン,連
[pa⸢na⸣ ʃi⸢ma⸣ruŋ],パナシマルン,連
[pa⸢na⸣ʃimuʧi],パナシムチ,名
[pa⸢na⸣ʃimuʧi],パナシムチ,名
[pa⸢naʃi⸣munu],パナシムヌ,名
[pa⸢naʃi⸣munu],パナシムヌ,名
[pa⸢naʃi⸣joː],パナシヨー,名
[pa⸢naʃi⸣joː],パナシヨー,名
[pa⸢naʤiru],パナジル,名
[pa⸢naʤiru],パナジル,名
[pa⸢naʃiŋ⸣gui],パナシングイ,名
[pa⸢naʃiŋ⸣gui],パナシングイ,名
[pa⸢na⸣ʣumitisaʤi],パナズミティサジ,名
[pa⸢na⸣ʣumitisaʤi],パナズミティサジ,名
[pa⸢na⸣suŋ],パナスン,他動
[pa⸢na⸣suŋ],パナスン,他動
[pa⸢na⸣suŋ],パナスン,他動
[pa⸢na⸣suŋ],パナスン,他動
[pa⸢na⸣suŋ],パナスン,他動
[pa⸢na⸣suŋ],パナスン,他動
[pa⸢nadajaː],パナダヤー,名
[pa⸢nadajaː],パナダヤー,名
[pa⸢nadari⸣munu],パナダリムヌ,名
[pa⸢nadari⸣munu],パナダリムヌ,名
[pa⸢nadaru],パナダル,名
[pa⸢nadaru],パナダル,名
[pa⸢nadarutari⸣munu],パナダルタリムヌ,名
[pa⸢nadarutari⸣munu],パナダルタリムヌ,名
[pa⸢na⸣ ssuŋ],パナッスン,連
[pa⸢na⸣ ssuŋ],パナッスン,連
[pa⸢natoːraː],パナトーラー,名
[pa⸢natoːraː],パナトーラー,名
[pa⸢natoːri⸣munu],パナトーリムヌ,名
[pa⸢natoːri⸣munu],パナトーリムヌ,名
[pa⸢naduru],パナドゥル,名
[pa⸢naduru],パナドゥル,名
[pa⸢na⸣nuki],パナヌキ,名
[pa⸢na⸣nuki],パナヌキ,名
[pa⸢nanu kiː],パナヌキー,連
[pa⸢nanu kiː],パナヌキー,連
[pa⸢nanu⸣ sḁ⸢ki],パナヌサキ,連
[pa⸢nanu⸣ sḁ⸢ki],パナヌサキ,連
[pa⸢na⸣nu ⸣ʤitʧi],パナヌジッチ,連
[pa⸢na⸣nu ⸣ʤitʧi],パナヌジッチ,連
[pa⸢nanu⸣ ssu],パナヌッス,連
[pa⸢nanu⸣ ssu],パナヌッス,連
[pa⸢nanu⸣ miː],パナヌミー,連
[pa⸢nanu⸣ miː],パナヌミー,連
[pa⸢na pasu̥⸣kuŋ],パナパスクン,連
[pa⸢na pasu̥⸣kuŋ],パナパスクン,連
[pa⸢naba⸣ʧi],パナバチ,名
[pa⸢naba⸣ʧi],パナバチ,名
[pa⸢na⸣pana],パナパナ,名
[pa⸢na⸣pana],パナパナ,名
[pa⸢napaŋki⸣kaʣa],パナパンキカザ,名
[pa⸢napaŋki⸣kaʣa],パナパンキカザ,名
[pa⸢na paŋ⸣kuŋ],パナパンクン,連
[pa⸢na paŋ⸣kuŋ],パナパンクン,連
[pa⸢napiːpiː],パナピーピー,名
[pa⸢napiːpiː],パナピーピー,名
[pa⸢nabiraː],パナビラー,名
[pa⸢nabiraː],パナビラー,名
[pa⸢nabuː],パナブー,名
[pa⸢nabuː],パナブー,名
[pa⸢nabuː],パナブー,名
[pa⸢nabuː],パナブー,名
[⸣pana ⸣ɸuːŋ],パナフーン,連
[⸣pana ⸣ɸuːŋ],パナフーン,連
[pa⸢naɸui⸣kaʣa],パナフイカザ,名
[pa⸢naɸui⸣kaʣa],パナフイカザ,名
[pa⸢na⸣ɸu̥ki],パナフキ,名
[pa⸢na⸣ɸu̥ki],パナフキ,名
[pa⸢naɸu̥kuru],パナフクル,名
[pa⸢naɸu̥kuru],パナフクル,名
[pa⸢na⸣ ɸu̥kuŋ],パナフクン,連
[pa⸢na⸣ɸu̥kuŋ],パナフクン,他動
[pa⸢na⸣ɸu̥kuŋ],パナフクン,他動
[pa⸢na⸣ ɸu̥kuŋ],パナフクン,連
[pa⸢na⸣ɸu̥kuŋ],パナフクン,他動
[pa⸢na⸣ɸu̥kuŋ],パナフクン,他動
[pa⸢na⸣puʃi],パナプシ,名
[pa⸢na⸣puʃi],パナプシ,名
[pa⸢na⸣pusuŋ],パナプスン,自動
[pa⸢na⸣pusuŋ],パナプスン,自動
[pa⸢nabuni],パナブニ,名
[pa⸢nabuni],パナブニ,名
[pa⸢na⸣ buruŋ],パナブルン,連
[pa⸢na⸣ buruŋ],パナブルン,連
[⸣pana ⸢hoːʃi⸣jama],パナホーシヤマ,連
[⸣pana ⸢hoːʃi⸣jama],パナホーシヤマ,連
[ha⸢naboː⸣ru],ハナボール,名
[ha⸢naboː⸣ru],ハナボール,名
[pa⸢namiʤi],パナミジ,名
[pa⸢namiʤi],パナミジ,名
[pa⸢na⸣musu],パナムス,名
[pa⸢na⸣musu],パナムス,名
[pa⸢namuni],パナムニ,名
[pa⸢namuni],パナムニ,名
[pa⸢namoː⸣moː],パナモーモー,名
[pa⸢namoː⸣moː],パナモーモー,名
[pa⸢naja⸣ka],パナヤカ,名
[pa⸢naja⸣ka],パナヤカ,名
[pa⸢na⸣ri],パナリ,固
[pa⸢na⸣ri],パナリ,固
[pa⸢na⸣ri ⸣ʔakamataː],パナリアカマター,連
[pa⸢na⸣ri ⸣ʔakamataː],パナリアカマター,連
[pa⸢na⸣riʣaŋkami],パナリザンカミ,名
[pa⸢na⸣riʣaŋkami],パナリザンカミ,名
[pa⸢nari⸣ʤima],パナリジマ,名
[pa⸢nari⸣ʤima],パナリジマ,名
[pa⸢nari⸣jaki],パナリヤキ,名
[pa⸢nari⸣jaki],パナリヤキ,名
[pa⸢naŋ⸣gi],パナンギ,名
[pa⸢naŋ⸣gi],パナンギ,名
[pa⸢naŋgita],パナンギタ,名
[pa⸢naŋgita],パナンギタ,名
[pa⸢naŋgi⸣muni],パナンギムニ,名
[pa⸢naŋgi⸣muni],パナンギムニ,名
[pa⸢naŋ⸣gumi],パナングミ,名
[pa⸢naŋ⸣gumi],パナングミ,名
[pa⸢ni],パニ,名
[pa⸢ni],パニ,名
[pa⸢ni],パニ,名
[pa⸢ni],パニ,名
[pa⸢ni],パニ,名
[pa⸢ni],パニ,名
[pa⸢niʔaki],パニアキ,名
[pa⸢niʔaki],パニアキ,名
[pa⸢niutu],パニウトゥ,名
[pa⸢niutu],パニウトゥ,名
[pa⸢niʤikuruː],パニジクルー,名
[pa⸢niʤikuruː],パニジクルー,名
[pa⸢nidari⸣munu],パニダリムヌ,名
[pa⸢nidari⸣munu],パニダリムヌ,名
[pa⸢nikkai⸣suŋ],パニッカイスン,他動
[pa⸢nikkai⸣suŋ],パニッカイスン,他動
[pa⸢nik⸣kuruŋ],パニックルン,自動
[pa⸢nik⸣kuruŋ],パニックルン,自動
[pa⸢nikkeː⸣ruŋ],パニッケールン,自動
[pa⸢nikkeː⸣ruŋ],パニッケールン,自動
[pa⸢nikkeː⸣ruŋ],パニッケールン,自動
[pa⸢nikkeː⸣ruŋ],パニッケールン,自動
[pa⸢nittuba⸣suŋ],パニットゥバスン,他動
[pa⸢nittuba⸣suŋ],パニットゥバスン,他動
[pa⸢ninuki⸣ruŋ],パニヌキルン,他動
[pa⸢ninuki⸣ruŋ],パニヌキルン,他動
[pa⸢ni nuba⸣suŋ],パニヌバスン,連
[pa⸢ni nuba⸣suŋ],パニヌバスン,連
[pa⸢nibiki],パニビキ,名
[pa⸢nibiki],パニビキ,名
[pa⸢nipoːki],パニポーキ,名
[pa⸢nipoːki],パニポーキ,名
[pa⸢nipoː⸣ruŋ],パニポールン,他動
[pa⸢nipoː⸣ruŋ],パニポールン,他動
[pa⸢ni⸣ruŋ],パニルン,自動
[pa⸢ni⸣ruŋ],パニルン,他動
[pa⸢ni⸣ruŋ],パニルン,自動
[pa⸢ni⸣ruŋ],パニルン,他動
[pa⸢niŋgaːri],パニンガーリ,名
[pa⸢niŋgaːri],パニンガーリ,名
[pa⸢neːka⸣suŋ],パネーカスン,他動
[pa⸢neːka⸣suŋ],パネーカスン,他動
[pa⸢neː⸣ʣa],パネーザ,名
[pa⸢neː⸣ʣa],パネーザ,名
[pa⸢neːra],パネーラ,名
[pa⸢neːra],パネーラ,名
[pa⸢noː⸣ru],パノール,名
[pa⸢noː⸣ru],パノール,名
[pa⸢ba],パバ,名
[pa⸢ba],パバ,名
[pa⸢ba⸣kaː],パバカー,名
[pa⸢ba⸣kaː],パバカー,名
[pa⸢ba⸣kuŋ],パバクン,他動
[pa⸢ba⸣kuŋ],パバクン,他動
[pa⸢ba⸣kuŋ],パバクン,他動
[pa⸢ba⸣kuŋ],パバクン,他動
[pa⸢ba⸣kuŋ],パバクン,他動
[pa⸢ba⸣kuŋ],パバクン,他動
[pa⸢bi⸣ru],パビル,名
[pa⸢bi⸣ru],パビル,名
[pa⸢bu],パブ,名
[pa⸢bu],パブ,名
[pa⸢bukakuʧi],パブカクチ,名
[pa⸢bukakuʧi],パブカクチ,名
[ha⸢buʧaː],ハブチャー,名
[ha⸢buʧaː],ハブチャー,名
[pa⸢ma],パマ,名
[pa⸢ma],パマ,名
[pa⸢mai],パマイ,名
[pa⸢mai],パマイ,名
[pa⸢ma⸣ʔuri],パマウリ,名
[pa⸢ma⸣ʔuri],パマウリ,名
[pa⸢maʔurisoː⸣ʤi],パマウリソージ,名
[pa⸢maʔurisoː⸣ʤi],パマウリソージ,名
[pa⸢ma⸣kaʣa],パマカザ,名
[pa⸢ma⸣kaʣa],パマカザ,名
[pa⸢ma⸣kaʤi],パマカジ,名
[pa⸢ma⸣kaʤi],パマカジ,名
[pa⸢maʣa⸣ki],パマザキ,名
[pa⸢maʣa⸣ki],パマザキ,名
[pa⸢maʣara⸣ʃi],パマザラシ,名
[pa⸢maʣara⸣ʃi],パマザラシ,名
[pa⸢madaː⸣ʧi],パマダーチ,連
[pa⸢madaː⸣ʧi],パマダーチ,連
[pa⸢maʧiʤu⸣jaː],パマチジュヤー,名
[pa⸢maʧiʤu⸣jaː],パマチジュヤー,名
[pa⸢maba⸣ta],パマバタ,名
[pa⸢maba⸣ta],パマバタ,名
[pa⸢ma⸣jaː],パマヤー,名
[pa⸢ma⸣jaː],パマヤー,名
[pa⸢ma⸣ru],パマル,名
[pa⸢ma⸣ru],パマル,名
[pa⸢ma⸣ruŋ],パマルン,自動
[pa⸢ma⸣ruŋ],パマルン,自動
[pa⸢mam⸣ pḁta],パマンパタ,連
[pa⸢mam⸣ pḁta],パマンパタ,連
[pa⸢mam⸣pḁtajaː],パマンパタヤー,名
[pa⸢mam⸣pḁtajaː],パマンパタヤー,名
[pa⸢mi⸣ruŋ],パミルン,他動
[pa⸢mi⸣ruŋ],パミルン,他動
[pa⸢moː⸣ru],パモール,名
[pa⸢moː⸣ru],パモール,名
[pa⸢jaː⸣ki],パヤーキ,名
[pa⸢jaː⸣ki],パヤーキ,名
[pa⸢jaːpaja],パヤーパヤ,副
[pa⸢jaːpaja],パヤーパヤ,副
[pa⸢jaːpajaː⸣ʃi],パヤーパヤーシ,副
[pa⸢jaːpajaː⸣ʃi],パヤーパヤーシ,副
[pa⸢jaːra⸣suŋ],パヤーラスン,他動
[pa⸢jaːra⸣suŋ],パヤーラスン,他動
[pa⸢jaːri⸣ʔuta],パヤーリウタ,名
[pa⸢jaːri⸣ʔuta],パヤーリウタ,名
[pa⸢jaːri⸣miː],パヤーリミー,名
[pa⸢jaːri⸣miː],パヤーリミー,名
[pa⸢jaːri⸣jaŋ],パヤーリヤン,名
[pa⸢jaːri⸣jaŋ],パヤーリヤン,名
[pa⸢jaː⸣ru],パヤール,名
[pa⸢jaː⸣ru],パヤール,名
[pa⸢jaː⸣ru],パヤール,名
[pa⸢jaː⸣ru],パヤール,名
[pa⸢jaː⸣ruŋ],パヤールン,自動
[pa⸢jaː⸣ruŋ],パヤールン,自動
[pa⸢jaː⸣ŋ],パヤーン,形
[pa⸢jaː⸣ŋ],パヤーン,形
[pa⸢jaʔaga⸣ri],パヤアガリ,名
[pa⸢jaʔaga⸣ri],パヤアガリ,名
[pa⸢ja⸣ʔaʃi],パヤアシ,名
[pa⸢ja⸣ʔaʃi],パヤアシ,名
[pa⸢ja⸣ʔiki],パヤイキ,名
[pa⸢ja⸣ʔiki],パヤイキ,名
[pa⸢ja⸣ʔuki],パヤウキ,名
[pa⸢ja⸣ʔuki],パヤウキ,名
[pa⸢ja⸣ʔuta],パヤウタ,名
[pa⸢ja⸣ʔuta],パヤウタ,名
[pa⸢ja⸣kaʤi],パヤカジ,名
[pa⸢ja⸣kaʤi],パヤカジ,名
[pa⸢jagat⸣tiŋ],パヤガッティン,名
[pa⸢jagat⸣tiŋ],パヤガッティン,名
[pa⸢ja⸣ʃi],パヤシ,名
[pa⸢ja⸣ʃi],パヤシ,名
[pa⸢jaʃiga⸣ki],パヤシガキ,名
[pa⸢jaʃiga⸣ki],パヤシガキ,名
[pa⸢ja⸣ʃini],パヤシニ,名
[pa⸢ja⸣ʃini],パヤシニ,名
[pa⸢jasuː⸣ri],パヤスーリ,名
[pa⸢jasuː⸣ri],パヤスーリ,名
[pa⸢jasuː⸣ri],パヤスーリ,名
[pa⸢jasuː⸣ri],パヤスーリ,名
[pa⸢jasu̥kuri⸣munu],パヤスクリムヌ,名
[pa⸢jasu̥kuri⸣munu],パヤスクリムヌ,名
[pa⸢ja⸣duːmuti],パヤドゥームティ,名
[pa⸢ja⸣duːmuti],パヤドゥームティ,名
[pa⸢ja⸣nai],パヤナイ,名
[pa⸢ja⸣nai],パヤナイ,名
[pa⸢ja⸣nibi],パヤニビ,名
[pa⸢ja⸣nibi],パヤニビ,名
[pa⸢janoː⸣ri],パヤノーリ,名
[pa⸢janoː⸣ri],パヤノーリ,名
[pa⸢ja⸣paŋ],パヤパン,名
[pa⸢ja⸣paŋ],パヤパン,名
[pa⸢ja⸣buʃi],パヤブシ,名
[pa⸢ja⸣buʃi],パヤブシ,名
[pa⸢ja⸣ɸu̥ʧi],パヤフチ,名
[pa⸢ja⸣ɸu̥ʧi],パヤフチ,名
[pa⸢ja⸣ɸu̥ʧi],パヤフチ,名
[pa⸢ja⸣ɸu̥ʧi],パヤフチ,名
[pa⸢ja⸣ɸuni],パヤフニ,名
[pa⸢ja⸣ɸuni],パヤフニ,名
[pa⸢jamaːra⸣ʃi],パヤマーラシ,名
[pa⸢jamaːra⸣ʃi],パヤマーラシ,名
[pa⸢ja⸣mai],パヤマイ,名
[pa⸢ja⸣mai],パヤマイ,名
[pa⸢ja⸣mari],パヤマリ,名
[pa⸢ja⸣mari],パヤマリ,名
[pa⸢ja⸣maruŋ],パヤマルン,自動
[pa⸢ja⸣maruŋ],パヤマルン,自動
[pa⸢ja⸣maruŋ],パヤマルン,自動
[pa⸢ja⸣maruŋ],パヤマルン,自動
[ha⸢jami⸣ku],ハヤミク,名
[ha⸢jami⸣ku],ハヤミク,名
[pa⸢jami⸣ruŋ],パヤミルン,他動
[pa⸢jami⸣ruŋ],パヤミルン,他動
[pa⸢ja⸣muti],パヤムティ,名
[pa⸢ja⸣muti],パヤムティ,名
[pa⸢ja⸣muŋ],パヤムン,他動
[pa⸢ja⸣muŋ],パヤムン,他動
[pa⸢jariʃ⸣ʃiŋ],パヤリッシン,名
[pa⸢jariʃ⸣ʃiŋ],パヤリッシン,名
[pa⸢ja⸣waʣa],パヤワザ,名
[pa⸢ja⸣waʣa],パヤワザ,名
[pa⸢jaʔm⸣ma],パヤンマ,名
[pa⸢jaʔm⸣ma],パヤンマ,名
[ha⸢joː],ハヨー,名
[ha⸢joː],ハヨー,名
[⸣para],パラ,助数
[⸣para],パラ,助数
[⸣paraː],パラー,名
[⸣paraː],パラー,名
[ba⸢raːsuŋ],バラースン,他動
[ba⸢raːsuŋ],バラースン,他動
[pa⸢raːtati⸣miː],パラータティミー,名
[pa⸢raːtati⸣miː],パラータティミー,名
[pa⸢raː⸣nu],パラーヌアナ,名
[pa⸢raː⸣nu],パラーヌアナ,名
[ba⸢rai],バライ,名
[⸣parai],パライ,名
[ba⸢rai],バライ,名
[⸣parai],パライ,名
[⸣parai ʔu⸢ta⸣suŋ],パライウタスン,連
[⸣parai ʔu⸢ta⸣suŋ],パライウタスン,連
[ba⸢raigui],バライグイ,名
[ba⸢raigui],バライグイ,名
[ba⸢raigutu],バライグトゥ,名
[ba⸢raigutu],バライグトゥ,名
[ba⸢raiʤira],バライジラ,名
[ba⸢raiʤira],バライジラ,名
[ba⸢raiʦoːruŋ],バライツォールン,自動
[ba⸢raiʦoːruŋ],バライツォールン,自動
[ba⸢raikkunaː],バライックナー,名
[ba⸢raikkunaː],バライックナー,名
[ba⸢raitʦoːruŋ],バライッツォールン,自動
[ba⸢raitʦoːruŋ],バライッツォールン,自動
[pa⸢rainuki⸣ruŋ],パライヌキルン,他動
[pa⸢rainuki⸣ruŋ],パライヌキルン,他動
[ba⸢raipada],バライパダ,名
[ba⸢raipada],バライパダ,名
[ba⸢raipanaʃi],バライパナシ,名
[ba⸢raipanaʃi],バライパナシ,名
[pa⸢rai⸣miː],パライミー,名
[pa⸢rai⸣miː],パライミー,名
[ba⸢raimunu],バライムヌ,名
[ba⸢raimunu],バライムヌ,名
[ha⸢ra⸣ʔubi],ハラウビ,名
[ha⸢ra⸣ʔubi],ハラウビ,名
[ba⸢rauŋ],バラウン,他動
[⸣parauŋ],パラウン,他動
[⸣parauŋ],パラウン,他動
[⸣parauŋ],パラウン,他動
[ba⸢rauŋ],バラウン,他動
[⸣parauŋ],パラウン,他動
[⸣parauŋ],パラウン,他動
[⸣parauŋ],パラウン,他動
[ha⸢ra⸣gaː],ハラガー,名
[ha⸢ra⸣gaː],ハラガー,名
[ha⸢ra⸣kuri],ハラクリ,名
[ha⸢ra⸣kuri],ハラクリ,名
[ha⸢ra⸣goː],ハラゴー,名
[ha⸢ra⸣goː],ハラゴー,名
[ba⸢ra⸣sa],バラサ,名
[ba⸢ra⸣sa],バラサ,名
[ba⸢ra⸣sa ⸢suŋ],バラサスン,連
[ba⸢ra⸣sa ⸢suŋ],バラサスン,連
[ba⸢ra⸣sabinasa ⸢suŋ],バラサビナサスン,連
[ba⸢ra⸣sabinasa ⸢suŋ],バラサビナサスン,連
[ba⸢ra⸣saŋ],バラサン,形
[ba⸢ra⸣ʣaŋ],バラザン,名
[ba⸢ra⸣saŋ],バラサン,形
[ba⸢ra⸣ʣaŋ],バラザン,名
[pa⸢raʃi̥kiruŋ],パラシキルン,他動
[pa⸢raʃi̥kiruŋ],パラシキルン,他動
[pa⸢rasu̥kuŋ],パラスクン,他動
[pa⸢rasu̥kuŋ],パラスクン,他動
[pa⸢ra⸣suŋ],パラスン,他動
[pa⸢ra⸣suŋ],パラスン,他動
[pa⸢ra⸣suŋ],パラスン,他動
[pa⸢ra⸣suŋ],パラスン,他動
[pa⸢ra⸣suŋ],パラスン,他動
[pa⸢ra⸣suŋ],パラスン,他動
[pa⸢ra⸣suŋ],パラスン,他動
[pa⸢ra⸣suŋ],パラスン,他動
[pa⸢raʧi⸣buni],パラチブニ,名
[pa⸢raʧi⸣buni],パラチブニ,名
[pa⸢rakkaːsuŋ],パラッカースン,自動
[pa⸢rakkaːsuŋ],パラッカースン,自動
[pa⸢rakkauŋ],パラッカウン,自動
[pa⸢rakkauŋ],パラッカウン,自動
[pa⸢ratʦairuŋ],パラッツァイルン,他動
[pa⸢ratʦairuŋ],パラッツァイルン,他動
[pa⸢ratʦauŋ],パラッツァウン,他動
[pa⸢ratʦauŋ],パラッツァウン,他動
[ba⸢ra⸣nugi],バラヌギ,名
[ba⸢ra⸣nugi],バラヌギ,名
[ba⸢rabara],バラバラ,副
[pa⸢rapara],パラパラ,副
[ba⸢rabara],バラバラ,副
[pa⸢rapara],パラパラ,副
[pa⸢ra⸣baŋ],パラバン,連
[pa⸢ra⸣baŋ],パラバン,連
[ba⸢ra⸣bi],バラビ,名
[ba⸢ra⸣bi],バラビ,名
[ba⸢raɸu̥⸣ta],バラフタ,名
[ba⸢raɸu̥⸣ta],バラフタ,名
[ba⸢raɸu̥⸣taʤina],バラフタジナ,名
[ba⸢raɸu̥⸣taʤina],バラフタジナ,名
[ba⸢raɸu̥⸣tassuŋ],バラフタッスン,名
[ba⸢raɸu̥⸣tassuŋ],バラフタッスン,名
[ba⸢raɸu̥ta⸣nu ⸣ʃiŋ],バラフタヌシン,連
[ba⸢raɸu̥ta⸣nu ⸣ʃiŋ],バラフタヌシン,連
[ba⸢raɸu̥⸣tapiː],バラフタピー,名
[ba⸢raɸu̥⸣tapiː],バラフタピー,名
[ba⸢raɸu̥⸣taɸu̥kubi],バラフタフクビ,名
[ba⸢raɸu̥⸣taɸu̥kubi],バラフタフクビ,名
[ba⸢raɸu̥⸣taɸu̥ʧi],バラフタフチ,名
[ba⸢raɸu̥⸣taɸu̥ʧi],バラフタフチ,名
[ba⸢raɸu̥⸣tapoːki],バラフタポーキ,名
[ba⸢raɸu̥⸣tapoːki],バラフタポーキ,名
[⸣paraŋ],パラン,助数
[⸣paraŋ],パラン,助数
[pa⸢ŋ⸣kaː na⸢ra⸣nu],パランカーナラヌ,連
[pa⸢ŋ⸣kaː na⸢ra⸣nu],パランカーナラヌ,連
[pa⸢ran⸣tantiŋ],パランタンティン,連
[pa⸢ran⸣tantiŋ],パランタンティン,連
[pa⸢ram⸣paː],パランパー,連
[pa⸢ram⸣paː],パランパー,連
[bari],バリ,名
[ba⸢ri],バリ,名
[bari],バリ,名
[ba⸢ri],バリ,名
[ba⸢riʔa⸣ti],バリアティ,名
[ba⸢riʔa⸣ti],バリアティ,名
[ba⸢riʔati⸣ruŋ],バリアティルン,他動
[ba⸢riʔati⸣ruŋ],バリアティルン,他動
[ba⸢ri⸣ʔatuŋ],バリアトゥン,他動
[ba⸢ri⸣ʔatuŋ],バリアトゥン,他動
[pa⸢riʔaŋ],パリアン,名
[pa⸢riʔaŋ],パリアン,名
[ba⸢riʔiŋ],バリイン,名
[ba⸢riʔiŋ],バリイン,名
[pa⸢rikabi],パリカビ,名
[pa⸢rikabi],パリカビ,名
[ba⸢rikami],バリカミ,名
[ba⸢rikami],バリカミ,名
[ba⸢rikami],バリカミ,名
[ba⸢rikami],バリカミ,名
[pa⸢rikisuŋ],パリキスン,他動
[pa⸢rikisuŋ],パリキスン,他動
[ba⸢rikuː],バリクー,名
[ba⸢rikuː],バリクー,名
[ba⸢ri⸣ʣaŋ],バリザン,名
[ba⸢ri⸣ʣaŋ],バリザン,名
[pa⸢risugi⸣ruŋ],パリスギルン,自動
[pa⸢risugi⸣ruŋ],パリスギルン,自動
[pa⸢risugu⸣suŋ],パリスグスン,他動
[pa⸢risugu⸣suŋ],パリスグスン,他動
[pa⸢ritaku],パリタク,名
[pa⸢ritaku],パリタク,名
[pa⸢ri⸣dakeː ⸢naː⸣nu],パリダケーナーヌ,連
[pa⸢ri⸣dakeː ⸢naː⸣nu],パリダケーナーヌ,連
[ba⸢ritamunu],バリタムヌ,名
[ba⸢ritamunu],バリタムヌ,名
[pa⸢rissaːruŋ],パリッサールン,自動
[pa⸢rissaːruŋ],パリッサールン,自動
[ba⸢ritʦaːsuŋ],バリッツァースン,他動
[pa⸢ritʦaː⸣suŋ],パリッツァースン,自動
[ba⸢ritʦaːsuŋ],バリッツァースン,他動
[pa⸢ritʦaː⸣suŋ],パリッツァースン,自動
[pa⸢ri⸣du ʃi⸢rariru],パリドゥシラリル,連
[pa⸢ri⸣du ʃi⸢rariru],パリドゥシラリル,連
[ba⸢rinabi],バリナビ,名
[ba⸢rinabi],バリナビ,名
[pa⸢rinubu⸣ri],パリヌブリ,連
[pa⸢rinubu⸣ri],パリヌブリ,連
[ba⸢ripaku],バリパク,名
[ba⸢ripaku],バリパク,名
[⸣pari ⸣paruŋ],パリパルン,連
[⸣pari ⸣paruŋ],パリパルン,連
[pa⸢riɸuki⸣ruŋ],パリフキルン,自動
[pa⸢riɸuki⸣ruŋ],パリフキルン,自動
[pa⸢ri⸣ɸuʧi],パリフチ,名
[pa⸢ri⸣ɸuʧi],パリフチ,名
[pa⸢ri⸣maː],パリマー,名
[pa⸢ri⸣maː],パリマー,名
[pa⸢rimaː⸣ki],パリマーキ,名
[pa⸢rimaː⸣ki],パリマーキ,名
[pa⸢rimaː⸣bi],パリマービ,名
[pa⸢rimaː⸣bi],パリマービ,名
[pa⸢rimaː⸣ruŋ],パリマールン,自動
[pa⸢rimaː⸣ruŋ],パリマールン,自動
[ba⸢rimiː],バリミー,名
[ba⸢rimiː],バリミー,名
[ba⸢rimunu],バリムヌ,名
[pa⸢rimunu],パリムヌ,名
[ba⸢rimunu],バリムヌ,名
[pa⸢rimunu],パリムヌ,名
[pa⸢ri⸣jaɸu],パリヤフ,名
[pa⸢ri⸣jaɸu],パリヤフ,名
[ba⸢riruŋ],バリルン,自動
[pa⸢ri⸣ruŋ],パリルン,自動
[pa⸢riruŋ],パリルン,自動
[ba⸢riruŋ],バリルン,自動
[pa⸢ri⸣ruŋ],パリルン,自動
[pa⸢riruŋ],パリルン,自動
[pa⸢riŋ⸣gisaŋ],パリンギサン,連
[pa⸢riŋ⸣gisaŋ],パリンギサン,連
[pa⸢rinteː⸣na],パリンテーナ,連
[pa⸢rinteː⸣na],パリンテーナ,連
[pa⸢riʔm⸣ma],パリンマ,名
[pa⸢riʔm⸣ma],パリンマ,名
[⸣paru],パル,名
[⸣paru],パル,名
[⸣paru],パル,名
[⸣paru],パル,名
[⸣paru],パル,名
[⸣paru],パル,名
[pa⸢ruʃi̥ki⸣pu̥su],パルシキプス,名
[pa⸢ruʃi̥ki⸣pu̥su],パルシキプス,名
[pa⸢ruʃigu⸣tu],パルシグトゥ,名
[pa⸢ruʃigu⸣tu],パルシグトゥ,名
[pa⸢ru⸣ʃi̥keː],パルシケー,名
[pa⸢ru⸣ʃi̥keː],パルシケー,名
[pa⸢rusuː⸣bu],パルスーブ,名
[pa⸢rusuː⸣bu],パルスーブ,名
[pa⸢rusuː⸣bu],パルスーブ,名
[pa⸢rusuː⸣bu],パルスーブ,名
[pa⸢rusuː⸣bu],パルスーブ,名
[pa⸢rusuː⸣bu],パルスーブ,名
[pa⸢ru⸣ʃʃi],パルッシ,名
[pa⸢ru⸣ʃʃi],パルッシ,名
[pa⸢ru⸣tu ⸢ʔaːʃi],パルトゥアーシ,連
[pa⸢ru⸣tu ⸢ʔaːʃi],パルトゥアーシ,連
[pa⸢ru⸣nu ⸣ʃi̥ʧi],パルヌシチ,連
[pa⸢ru⸣nu ⸣ʃi̥ʧi],パルヌシチ,連
[pa⸢ru⸣numiː],パルヌミー,名
[pa⸢ru⸣numiː],パルヌミー,名
[pa⸢ru⸣numiː],パルヌミー,名
[pa⸢ru⸣numiː],パルヌミー,名
[pa⸢ru⸣paku],パルパク,名
[pa⸢ru⸣paku],パルパク,名
[pa⸢ruma⸣suŋ],パルマスン,他動
[pa⸢ruma⸣suŋ],パルマスン,他動
[pa⸢rumi⸣bata],パルミバタ,名
[pa⸢rumi⸣bata],パルミバタ,名
[pa⸢rumi⸣pu̥su],パルミプス,名
[pa⸢rumi⸣pu̥su],パルミプス,名
[pa⸢rumi⸣ mi⸢du⸣mu],パルミミドゥム,連
[pa⸢rumi⸣ mi⸢du⸣mu],パルミミドゥム,連
[pa⸢ru⸣muŋ],パルムン,自動
[pa⸢ru⸣muŋ],パルムン,自動
[ba⸢ruŋ],バルン,自動
[ba⸢ruŋ],バルン,他動
[ba⸢ruŋ],バルン,他動
[paruŋ],パルン,自動
[⸣paruŋ],パルン,名
[pa⸢ruŋ],パルン,他動
[pa⸢ruŋ],パルン,自動
[⸣paruŋ],パルン,自動
[⸣paruŋ],パルン,自動
[⸣paruŋ],パルン,自動
[ba⸢ruŋ],バルン,自動
[ba⸢ruŋ],バルン,他動
[ba⸢ruŋ],バルン,他動
[paruŋ],パルン,自動
[⸣paruŋ],パルン,名
[pa⸢ruŋ],パルン,他動
[pa⸢ruŋ],パルン,自動
[⸣paruŋ],パルン,自動
[⸣paruŋ],パルン,自動
[⸣paruŋ],パルン,自動
[⸣bareŋ],バレン,名
[⸣bareŋ],バレン,名
[pa⸢roː⸣bi],パロービ,名
[pa⸢roː⸣bi],パロービ,名
[pa⸢roː⸣ma],パローマ,名
[pa⸢roː⸣ma],パローマ,名
[baŋ],バン,代
[⸣baŋ],バン,名
[⸣baŋ],バン,助数
[⸣baŋ],バン,接助
[⸣baŋ],バン,終助
[⸣baŋ],バン,終助
[⸣paŋ],パン,名
[⸢paŋ],パン,接頭
[⸢paŋ],パン,接尾
[⸢paŋ],パン,名
[⸢paŋ],パン,名
[baŋ],バン,代
[⸣baŋ],バン,名
[⸣baŋ],バン,助数
[⸣baŋ],バン,接助
[⸣baŋ],バン,終助
[⸣baŋ],バン,終助
[⸣paŋ],パン,名
[⸢paŋ],パン,接頭
[⸢paŋ],パン,接尾
[⸢paŋ],パン,名
[⸢paŋ],パン,名
[⸢paŋʔukuʤi],パンウクジ,名
[⸢paŋʔukuʤi],パンウクジ,名
[⸢pan⸣ ʔu⸢suŋ],パンウスン,連
[⸢pan⸣ ʔu⸢suŋ],パンウスン,連
[⸢paŋkau⸣waŋ],パンカウワン,形
[⸢paŋkau⸣waŋ],パンカウワン,形
[⸢paŋ⸣kaki],パンカキ,名
[⸢paŋ⸣kaki],パンカキ,名
[⸢paŋgama],パンガマ,名
[⸢paŋgama],パンガマ,名
[⸢paŋgamaʔisi],パンガマイシ,名
[⸢paŋgamaʔisi],パンガマイシ,名
[⸢baŋgi],バンギ,名
[⸢baŋgi],バンギ,名
[⸢paŋkiʃi],パンキシ,名
[⸢paŋkiʃi],パンキシ,名
[⸢haŋ⸣ki̥ʧi],ハンキチ,名
[⸢haŋ⸣ki̥ʧi],ハンキチ,名
[⸢paŋ⸣kjuː],パンキュー,名
[⸢paŋ⸣kjuː],パンキュー,名
[⸢paŋgiri],パンギリ,名
[⸢paŋgiri],パンギリ,名
[⸢baŋ⸣ku],バンク,名
[⸢baŋ⸣ku],バンク,名
[⸢baŋgu⸣bari],バングバリ,名
[⸢baŋgu⸣bari],バングバリ,名
[⸢paŋkura⸣suŋ],パンクラスン,他動
[⸢paŋkura⸣suŋ],パンクラスン,他動
[⸢paŋkuri⸣mara],パンクリマラ,名
[⸢paŋkuri⸣mara],パンクリマラ,名
[⸢paŋkuri⸣ruŋ],パンクリルン,自動
[⸢paŋkuri⸣ruŋ],パンクリルン,自動
[⸢paŋkuri⸣ruŋ],パンクリルン,自動
[⸢paŋkuri⸣ruŋ],パンクリルン,自動
[⸢paŋ⸣kuruŋ],パンクルン,自動
[⸢paŋ⸣kuruŋ],パンクルン,自動
[⸢paŋ⸣kuruŋ],パンクルン,自動
[⸢paŋ⸣kuruŋ],パンクルン,自動
[⸢paŋ⸣kuŋ],パンクン,他動
[⸢paŋ⸣kuŋ],パンクン,他動
[⸢paŋ⸣kuŋ],パンクン,他動
[⸢paŋ⸣kuŋ],パンクン,他動
[⸢baŋ⸣goː],バンゴー,名
[⸢baŋ⸣goː],バンゴー,名
[⸢baŋgoː⸣ɸuda],バンゴーフダ,名
[⸢baŋgoː⸣ɸuda],バンゴーフダ,名
[baŋ⸢koː⸣ma],バンコーマ,名
[baŋ⸢koː⸣ma],バンコーマ,名
[⸣paŋ ⸢koː⸣ruŋ],パンコールン,連
[⸣paŋ ⸢koː⸣ruŋ],パンコールン,連
[⸢banʤi],バンジ,名
[⸢paŋʃi],パンシ,名
[⸢banʤi],バンジ,名
[⸢paŋʃi],パンシ,名
[⸢paŋʃikaŋ⸣ʃi],パンシカンシ,副
[⸢paŋʃikaŋ⸣ʃi],パンシカンシ,副
[⸢paŋʃi̥ki],パンシキ,名
[⸢paŋʃi̥ki],パンシキ,名
[⸢paŋ⸣ ʃi̥⸢kira⸣riŋ],パンシキラリン,連
[⸢paŋ⸣ ʃi̥⸢kira⸣riŋ],パンシキラリン,連
[⸢paŋ⸣ ʃi̥⸢kira⸣riŋ],パンシキラリン,連
[⸢paŋ⸣ ʃi̥⸢kira⸣riŋ],パンシキラリン,連
[⸢paŋ⸣ ʃi̥⸢ki⸣ruŋ],パンシキルン,連
[⸢paŋ⸣ ʃi̥⸢ki⸣ruŋ],パンシキルン,連
[⸣paŋ ʃi⸢ma⸣riŋ],パンシマリン,連
[⸣paŋ ʃi⸢ma⸣riŋ],パンシマリン,連
[⸢ban⸣ʤu],バンジュ,名
[⸢ban⸣ʤu],バンジュ,名
[⸢pan⸣ʤoː],パンジョー,名
[⸢pan⸣ʤoː],パンジョー,名
[⸢banʤiŋ],バンジン,名
[⸢banʤiŋ],バンジン,名
[⸢banʤiŋ],バンジン,名
[⸢banʤiŋ],バンジン,名
[⸢pan⸣ su̥kuŋ],パンスクン,連
[⸢pan⸣ su̥kuŋ],パンスクン,連
[⸢pan⸣sudi],パンスディ,名
[⸢pan⸣sudi],パンスディ,名
[⸢ban⸣suru],バンスル,名
[⸢ban⸣suru],バンスル,名
[⸣ban ⸢suŋ],バンスン,連
[⸣ban ⸢suŋ],バンスン,連
[⸢pansoː],パンソー,名
[⸢pansoː],パンソー,名
[⸢banʣoŋ⸣gani],バンゾンガニ,名
[⸢banʣoŋ⸣gani],バンゾンガニ,名
[⸢banʣoŋ⸣gani],バンゾンガニ,名
[⸢banʣoŋ⸣gani],バンゾンガニ,名
[⸢pan⸣ta],パンタ,名
[⸢pan⸣ta],パンタ,名
[⸣panta],パンタ,名
[⸢pan⸣ta],パンタ,名
[⸢pan⸣ta],パンタ,名
[⸣panta],パンタ,名
[⸢ban⸣taː],バンター,代
[⸢ban⸣taː],バンター,代
[pan⸢taː⸣ma],パンターマ,名
[pan⸢taː⸣ma],パンターマ,名
[⸢han⸣dai],ハンダイ,名
[⸢han⸣dai],ハンダイ,名
[⸢hantagwaː⸣teː],ハンタグヮーテー,名
[⸢hantagwaː⸣teː],ハンタグヮーテー,名
[⸣pan da⸢kuŋ],パンダクン,連
[⸣pan da⸢kuŋ],パンダクン,連
[⸢panta⸣saŋ],パンタサン,形
[⸢panta⸣saŋ],パンタサン,形
[⸢pan⸣dama],パンダマ,名
[⸢pan⸣dama],パンダマ,名
[⸢pan⸣daja],パンダヤ,名
[⸢pan⸣daja],パンダヤ,名
[⸢pantara⸣suŋ],パンタラスン,他動
[⸢pantara⸣suŋ],パンタラスン,他動
[⸢pantarissaː⸣ruŋ],パンタリッサールン,自動
[⸢pantarissaː⸣ruŋ],パンタリッサールン,自動
[⸢pantari⸣pu̥su],パンタリプス,名
[⸢pantari⸣pu̥su],パンタリプス,名
[⸢pan⸣taruŋ],パンタルン,自動
[⸢pan⸣taruŋ],パンタルン,自動
[⸣pantareː],パンタレー,名
[⸣pantareː],パンタレー,名
[⸢ban⸣ʧi],バンチ,名
[⸢ban⸣ʧi],バンチ,名
[⸢panʧikan⸣ʧi],パンチカンチ,副
[⸢panʧikan⸣ʧi],パンチカンチ,副
[⸢banʧi⸣ɸuda],バンチフダ,名
[⸢banʧi⸣ɸuda],バンチフダ,名
[⸢panʧiruŋ],パンチルン,自動
[⸢panʧiruŋ],パンチルン,自動
[⸢panʧiruŋ],パンチルン,自動
[⸢panʧiruŋ],パンチルン,自動
[⸢panʦasuŋ],パンツァスン,他動
[⸢panʦasuŋ],パンツァスン,補動
[⸢panʦasuŋ],パンツァスン,他動
[⸢panʦasuŋ],パンツァスン,補動
[⸢panssaːraʃi⸣biri],パンッサーラシビリ,名
[⸢panssaːraʃi⸣biri],パンッサーラシビリ,名
[⸢panssu⸣ru],パンッスル,名
[⸢panssu⸣ru],パンッスル,名
[⸣pan ⸣ssuŋ],パンッスン,連
[⸣pan ⸣ssuŋ],パンッスン,連
[⸢panʦuŋ],パンツン,自動
[⸢panʦuŋ],パンツン,自動
[⸢panʦuŋ],パンツン,自動
[⸢panʦuŋ],パンツン,自動
[⸢ban⸣teː],バンテー,名
[⸢ban⸣teː],バンテー,名
[⸢bandoːgami],バンドーガミ,名
[⸢bandoːgami],バンドーガミ,名
[⸢han⸣duː],ハンドゥー,名
[⸢han⸣duː],ハンドゥー,名
[⸢pantuki],パントゥキ,名
[⸢pantuki],パントゥキ,名
[⸢pantuʃi],パントゥシ,名
[⸢pantuʃi],パントゥシ,名
[⸢panniʧi],パンニチ,名
[⸢panniʧi],パンニチ,名
[⸢ban⸣niŋ],バンニン,名
[⸢panniŋ],パンニン,名
[⸢ban⸣niŋ],バンニン,名
[⸢panniŋ],パンニン,名
[⸢pannimmai],パンニンマイ,名
[⸢pannimmai],パンニンマイ,名
[⸢pan⸣nu ⸣ʔatu],パンヌアトゥ,連
[⸢pan⸣nu ⸣ʔadu],パンヌアドゥ,連
[⸢pan⸣nu ⸣ʔatu],パンヌアトゥ,連
[⸢pan⸣nu ⸣ʔadu],パンヌアドゥ,連
[⸢pan⸣nu ʔu⸢tu],パンヌウトゥ,連
[⸢pan⸣nu ʔu⸢tu],パンヌウトゥ,連
[⸢pan⸣nu ʔu⸢ja⸣bi],パンヌウヤビ,連
[⸢pan⸣nu ʔu⸢ja⸣bi],パンヌウヤビ,連
[⸢pan⸣nu ku̥⸢ʃi],パンヌクシ,連
[⸢pan⸣nu gu⸢ʤi],パンヌグジ,連
[⸢pan⸣nu ku̥⸢ʃi],パンヌクシ,連
[⸢pan⸣nu gu⸢ʤi],パンヌグジ,連
[⸢pan⸣nu sa⸢raː⸣ma],パンヌサラーマ,連
[⸢pan⸣nu sa⸢raː⸣ma],パンヌサラーマ,連
[⸢pan⸣nu ⸣ʃimi],パンヌシミ,連
[⸢pan⸣nu ⸣ʃimi],パンヌシミ,連
[⸢pan⸣nu ⸣bata],パンヌバタ,連
[⸢pan⸣nu ⸣bata],パンヌバタ,連
[⸢pan⸣nu ⸣puni],パンヌプニ,連
[⸢pan⸣nu ⸣puni],パンヌプニ,連
[⸢pan⸣nu ɸu⸢bi],パンヌフビ,連
[⸢pan⸣nu ɸu⸢bi],パンヌフビ,連
[⸢pan⸣nu ⸣peː],パンヌペー,連
[⸢pan⸣nu ⸣peː],パンヌペー,連
[⸢pan⸣nu ⸣peː],パンヌペー,連
[⸢pan⸣nu ⸣peː],パンヌペー,連
[⸢pan⸣nu ⸢juː⸣ru],パンヌユール,連
[⸢pan⸣nu ⸢juː⸣ru],パンヌユール,連
[⸢pan⸣nu ⸣waʣa],パンヌワザ,連
[⸢pan⸣nu ⸣waʣa],パンヌワザ,連
[⸢ban⸣nuŋ],バンヌン,連
[⸢ban⸣nuŋ],バンヌン,連
[⸣bampaʤi],バンパジ,名
[⸣bampaʤi],バンパジ,名
[⸢bam⸣baraː],バンバラー,名
[⸢bam⸣baraː],バンバラー,名
[⸢bambaŋ],バンバン,副
[⸢pampaŋ],パンパン,副
[⸢pampaŋ],パンパン,副
[⸢bambaŋ],バンバン,副
[⸢pampaŋ],パンパン,副
[⸢pampaŋ],パンパン,副
[⸣pampisa],パンピサ,名
[⸣pampisa],パンピサ,名
[⸢pam⸣biŋ],パンビン,名
[⸢pam⸣biŋ],パンビン,名
[⸢pam⸣buŋ],パンブン,名
[⸢pam⸣buŋ],パンブン,名
[⸢pambuŋ⸣ʃiː],パンブンシー,名
[⸢pambuŋ⸣ʃiː],パンブンシー,名
[⸢pambunssaː⸣ku],パンブンッサーク,名
[⸢pambunssaː⸣ku],パンブンッサーク,名
[⸢pambun⸣naː],パンブンナー,連
[⸢pambun⸣naː],パンブンナー,連
[⸢pambum⸣bata],パンブンバタ,名
[⸢pambum⸣bata],パンブンバタ,名
[⸢pambum⸣miʧi],パンブンミチ,名
[⸢pambum⸣miʧi],パンブンミチ,名
[⸢pammai],パンマイ,名
[⸢pammai],パンマイ,名
[⸣pam ⸢mui⸣ruŋ],パンムイルン,連
[⸣pam ⸢mui⸣ruŋ],パンムイルン,連
[⸢paŋ⸣jadu],パンヤドゥ,名
[⸢paŋ⸣jadu],パンヤドゥ,名
[⸣paŋ ⸢joː⸣ruŋ],パンヨールン,連
[⸣paŋ ⸢joː⸣ruŋ],パンヨールン,連
[⸣biː],ビー,接尾
[⸣biː],ビー,名
[⸣biː],ビー,名
[⸣biː],ビー,名
[⸣biː],ビー,名
[⸣biː],ビー,名
[⸣biː],ビー,名
[⸣biː],ビー,名
[⸢biː],ビー,名
[⸢biː],ビー,感
[⸣piː],ピー,名
[⸣piː],ピー,名
[⸣piː],ピー,名
[⸣piː],ピー,名
[⸣piː],ピー,名
[⸢piː],ピー,名
[⸢piː],ピー,名
[⸢piː],ピー,名
[⸣piː],ピー,名
[⸣biː],ビー,接尾
[⸣biː],ビー,名
[⸣biː],ビー,名
[⸣biː],ビー,名
[⸣biː],ビー,名
[⸣biː],ビー,名
[⸣biː],ビー,名
[⸣biː],ビー,名
[⸢biː],ビー,名
[⸢biː],ビー,感
[⸣piː],ピー,名
[⸣piː],ピー,名
[⸣piː],ピー,名
[⸣piː],ピー,名
[⸣piː],ピー,名
[⸢piː],ピー,名
[⸢piː],ピー,名
[⸢piː],ピー,名
[⸣piː],ピー,名
[⸢piːʔasa⸣bi],ピーアサビ,名
[⸢piːʔasa⸣bi],ピーアサビ,名
[⸢piː⸣ʔiki],ピーイキ,名
[⸢piː⸣ʔiki],ピーイキ,名
[⸢piː⸣ʔiʃi],ピーイシ,名
[⸢piː⸣ʔiʃi],ピーイシ,名
[⸢piː⸣ʔuʧi],ピーウチ,名
[⸢piː⸣ʔuʧi],ピーウチ,名
[⸢piː⸣kaː],ピーカー,名
[⸢piː⸣kaː],ピーカー,名
[⸢piː⸣kaʣa],ピーカザ,名
[⸢piː⸣kaʣa],ピーカザ,名
[⸢piː⸣kaʣa],ピーカザ,名
[⸢piː⸣kaʣa],ピーカザ,名
[⸢piː⸣kaʤi],ピーカジ,名
[⸣piːkaʤi],ピーカジ,名
[⸢piː⸣kaʤi],ピーカジ,名
[⸣piːkaʤi],ピーカジ,名
[⸢piːki],ピーキ,名
[⸢piːki],ピーキ,名
[⸢piːki],ピーキ,名
[⸢piːki],ピーキ,名
[⸢biː⸣gu],ビーグ,名
[⸢biːgu],ビーグ,名
[⸢biː⸣gu],ビーグ,名
[⸢biːgu],ビーグ,名
[⸢piː⸣gutu],ピーグトゥ,名
[⸢piː⸣gutu],ピーグトゥ,名
[⸢piːguru⸣ma],ピーグルマ,名
[⸢piːguru⸣ma],ピーグルマ,名
[⸢biː⸣goː],ビーゴー,名
[⸢biː⸣goː],ビーゴー,名
[⸢piːʣa],ピーザ,名
[⸢piːʣa],ピーザ,名
[⸢piː⸣ʣai],ピーザイ,名
[⸢piː⸣ʣai],ピーザイ,名
[⸣biːsabi],ビーサビ,名
[⸣biːsabi],ビーサビ,名
[⸣biːsabi],ビーサビ,名
[⸣biːsabi],ビーサビ,名
[⸢piːʣa⸣ɸu̥ʧi],ピーザフチ,名
[⸢piːʣa⸣ɸu̥ʧi],ピーザフチ,名
[⸢piː⸣ʣara],ピーザラ,名
[⸢piː⸣ʣara],ピーザラ,名
[⸢piːʣara⸣ʃi],ピーザラシ,名
[⸢piːʣara⸣ʃi],ピーザラシ,名
[⸢piːʤiː],ピージー,名
[⸢piːʤiː],ピージー,名
[⸢piːsï̥ka⸣suŋ],ピーシゥカスン,他動
[⸢piːsï̥ka⸣suŋ],ピーシゥカスン,他動
[⸣piː ⸣su̥kuŋ],ピーシゥクン,連
[⸣piː ⸣su̥kuŋ],ピーシゥクン,連
[⸢piːʃi̥ki⸣ʔiː],ピーシキイー,名
[⸢piːʃi̥ki⸣ʔiː],ピーシキイー,名
[⸢piːʃi̥ki⸣kaʣa],ピーシキカザ,名
[⸢piːʃi̥ki⸣kaʣa],ピーシキカザ,名
[⸢piːʃi̥ki⸣ruŋ],ピーシキルン,自動
[⸢piːʃi̥ki⸣ruŋ],ピーシキルン,自動
[⸢piː⸣ʤimi],ピージミ,名
[⸢piː⸣ʤimi],ピージミ,名
[⸢piːʤintoː],ピージントー,名
[⸢piːʤintoː],ピージントー,名
[⸢piː⸣su],ピース,名
[⸢piːʣu],ピーズ,名
[⸢piːʣu],ピーズ,名
[⸢piː⸣su],ピース,名
[⸢piːʣu],ピーズ,名
[⸢piːʣu],ピーズ,名
[⸢biːsu̥ku⸣rai],ビースクライ,名
[⸢biːsu̥ku⸣rai],ビースクライ,名
[⸢piː⸣su̥kuŋ],ピースクン,自動
[⸢piː⸣su̥kuŋ],ピースクン,自動
[piːsuŋ],ピースン,自動
[piːsuŋ],ピースン,自動
[⸢piː⸣soː],ピーソー,名
[⸢piː⸣soː],ピーソー,名
[⸢biːsoː⸣raŋ],ビーソーラン,名
[⸢biːsoː⸣raŋ],ビーソーラン,名
[⸢piː⸣soŋgaʧi],ピーソンガチ,名
[⸢piː⸣soŋgaʧi],ピーソンガチ,名
[⸢piː⸣tai],ピータイ,名
[⸢piː⸣tai],ピータイ,名
[⸣piː ⸢tasu̥kuŋ],ピータスクン,連
[⸣piː ⸢tasu̥kuŋ],ピータスクン,連
[⸢piː⸣dani],ピーダニ,名
[⸢piː⸣dani],ピーダニ,名
[⸢piː⸣dama],ピーダマ,名
[⸢piː⸣dama],ピーダマ,名
[⸢piː⸣dama],ピーダマ,名
[⸢piː⸣dama],ピーダマ,名
[⸢çiːtamara⸣saː],ヒータマラサー,名
[⸢çiːtamara⸣saː],ヒータマラサー,名
[⸢piːdamu⸣ʧi],ピーダムチ,名
[⸢piːdamu⸣ʧi],ピーダムチ,名
[⸣biː ta⸢ri⸣ruŋ],ビータリルン,連
[⸣biː ta⸢ri⸣ruŋ],ビータリルン,連
[⸣biːtaruŋ],ビータルン,自動
[⸣biːtaruŋ],ビータルン,自動
[⸢piː⸣ʧi],ピーチ,名
[⸢piː⸣ʧi],ピーチ,名
[⸢piːʧiʔira⸣bi],ピーチイラビ,名
[⸢piːʧiʔira⸣bi],ピーチイラビ,名
[⸢piːʧi⸣kai],ピーチカイ,名
[⸢piːʧi⸣kai],ピーチカイ,名
[⸢piːʧikai⸣ffa],ピーチカイッふァ,名
[⸢piːʧikai⸣ffa],ピーチカイッふァ,名
[⸢piːʧikasa⸣bi],ピーチカサビ,名
[⸢piːʧikasa⸣bi],ピーチカサビ,名
[⸢piːssa],ピーッサ,名
[⸢piːssa],ピーッサ,名
[⸢piːssaː⸣ŋ],ピーッサーン,形
[⸢piːssaː⸣ŋ],ピーッサーン,形
[⸢piːssari⸣kaʣa],ピーッサリカザ,名
[⸢piːssari⸣kaʣa],ピーッサリカザ,名
[⸢biːttabiːtta],ビーッタビーッタ,副
[⸢biːttabiːtta],ビーッタビーッタ,副
[⸢piː⸣turu],ピートゥル,名
[⸢piː⸣turu],ピートゥル,名
[⸢piːnaːsaki],ピーナーサキ,名
[⸢piːnaːsaki],ピーナーサキ,名
[⸢biː⸣naba],ビーナバ,名
[⸢biː⸣naba],ビーナバ,名
[⸣biːnabi],ビーナビ,名
[⸣biːnabi],ビーナビ,名
[⸢piː⸣nami],ピーナミ,名
[⸢piː⸣nami],ピーナミ,名
[⸢biːniː],ビーニー,名
[⸢biːniː],ビーニー,名
[⸢piːnuːru],ピーヌール,名
[⸢piːnuːru],ピーヌール,名
[⸢piː⸣nu ʔi⸢kiburu],ピーヌイキブル,連
[⸢piː⸣nu ʔi⸢kiburu],ピーヌイキブル,連
[⸢piːnu⸣kuː],ピーヌクー,名
[⸢piːnu⸣kuː],ピーヌクー,名
[⸢piːnu⸣ku̥ʃi],ピーヌクシ,名
[⸢piːnu⸣ku̥ʃi],ピーヌクシ,名
[⸢piːnuku⸣muŋ],ピーヌクムン,他動
[⸢piːnuku⸣muŋ],ピーヌクムン,他動
[⸢piːnu⸣ ʃi̥⸢taː⸣ma],ピーヌシターマ,連
[⸢piːnu⸣ ʃi̥⸢taː⸣ma],ピーヌシターマ,連
[⸢piː⸣nu ⸣tiː],ピーヌティー,連
[⸢piː⸣nu ⸣tiː],ピーヌティー,連
[⸢piː⸣nu pḁ⸢tara],ピーヌパタラ,連
[⸢piː⸣nu pḁ⸢tara],ピーヌパタラ,連
[⸢piː⸣nu ⸣baŋ],ピーヌバン,連
[⸢piː⸣nu ⸣baŋ],ピーヌバン,連
[⸢biːba⸣ki],ビーバキ,名
[⸢biːba⸣ki],ビーバキ,名
[⸢biː⸣bakuŋ],ビーバクン,自動
[⸢biː⸣bakuŋ],ビーバクン,自動
[⸢piː⸣pasaŋ],ピーパサン,名
[⸢piː⸣pasaŋ],ピーパサン,名
[⸢piːbam⸣muru],ピーバンムル,名
[⸢piːbam⸣muru],ピーバンムル,名
[⸣biːbiː],ビービー,名
[⸣biːbiː],ビービー,名
[⸢piːpiːkaːkaː⸣ʃi],ピーピーカーカーシ,副
[⸢piːpiːkaːkaː⸣ʃi],ピーピーカーカーシ,副
[⸢biːbiː⸣ʃi],ビービーシ,副
[⸢biːbiː⸣ʃi],ビービーシ,副
[⸢biːbiː⸣ʃi],ビービーシ,副
[⸢biːbiː⸣ʃi],ビービーシ,副
[⸢piːɸukida⸣ki],ピーフキダキ,名
[⸢piːɸukida⸣ki],ピーフキダキ,名
[⸢biːɸu̥ku⸣ru],ビーフクル,名
[⸢biːɸu̥ku⸣ru],ビーフクル,名
[⸣piːpusaː],ピープサー,名
[⸣piːpusaː],ピープサー,名
[⸢piː⸣ɸu̥ʃi],ピーフシ,名
[⸢piː⸣pu̥ʃi],ピープシ,名
[⸢piː⸣pu̥ʃi],ピープシ,名
[⸢piː⸣ɸu̥ʃi],ピーフシ,名
[⸢piː⸣pu̥ʃi],ピープシ,名
[⸢piː⸣pu̥ʃi],ピープシ,名
[⸢biː⸣pu̥su],ビープス,名
[⸢biː⸣pu̥su],ビープス,名
[⸢piː⸣pusui],ピープスイ,名
[⸢piː⸣pusui],ピープスイ,名
[⸢piː⸣ pu̥suŋ],ピープスン,連
[⸢piː⸣ pu̥suŋ],ピープスン,連
[⸢piː⸣buruŋ],ピーブルン,自動
[⸢piː⸣buruŋ],ピーブルン,自動
[⸢piːɸuŋʃi̥ki⸣duru],ピーフンシキドゥル,名
[⸢piːɸuŋʃi̥ki⸣duru],ピーフンシキドゥル,名
[⸢piːma],ピーマ,名
[⸢piːma],ピーマ,名
[⸢piːmakaː],ピーマカー,名
[⸢piːmakaː],ピーマカー,名
[⸢piːmaki],ピーマキ,名
[⸢piːmaki],ピーマキ,名
[⸢piːmaki ʃiːpusu],ピーマキシープス,名
[⸢piːmaki ʃiːpusu],ピーマキシープス,名
[⸢piːmaki suŋ],ピーマキスン,連
[⸢piːmaki suŋ],ピーマキスン,連
[⸢piːmakimuʧi],ピーマキムチ,名
[⸢piːmakimuʧi],ピーマキムチ,名
[⸢piːmaʧikau],ピーマチカウ,名
[⸢piːmaʧikau],ピーマチカウ,名
[⸣piː ⸢muiruŋ],ピームイルン,連
[⸣piː ⸢muiruŋ],ピームイルン,連
[⸢biː⸣musu],ビームス,名
[⸢biː⸣musu],ビームス,名
[⸢piːmuta⸣bi],ピームタビ,名
[⸢piːmuta⸣bi],ピームタビ,名
[⸢piːmuduru],ピームドゥル,名
[⸢piːmuduru],ピームドゥル,名
[⸢biː⸣muni],ビームニ,名
[⸢biː⸣muni],ビームニ,名
[⸢biː⸣munu],ビームヌ,名
[⸢biː⸣munu],ビームヌ,名
[⸣piː ⸢moːsuŋ],ピーモースン,連
[⸣piː ⸢moːsuŋ],ピーモースン,連
[⸢piː⸣ja],ピーヤ,名
[⸢piː⸣ja],ピーヤ,名
[⸢çiːja⸣sa],ヒーヤサ,感
[⸢çiːja⸣sa],ヒーヤサ,感
[⸢çiːjaçiːja⸣ʃi],ヒーヤヒーヤシ,副
[piː⸢japiːja⸣ʃi],ピーヤピーヤシ,副
[⸢çiːjaçiːja⸣ʃi],ヒーヤヒーヤシ,副
[piː⸢japiːja⸣ʃi],ピーヤピーヤシ,副
[⸢çiːja⸣hoː],ヒーヤホー,感
[⸢çiːja⸣hoː],ヒーヤホー,感
[⸢piː⸣jamuisaŋ],ピーヤムイサン,形
[⸢piː⸣jamuisaŋ],ピーヤムイサン,形
[⸢çiːjajui⸣sa],ヒーヤユイサ,感
[⸢çiːjajui⸣sa],ヒーヤユイサ,感
[⸢piː⸣jaŋ],ピーヤン,形
[⸢piː⸣jaŋ],ピーヤン,形
[⸢piː⸣juki],ピーユキ,名
[⸢piː⸣juki],ピーユキ,名
[⸢piː⸣joː],ピーヨー,名
[⸢piː⸣joː],ピーヨー,名
[⸢biː⸣joːŋ],ビーヨーン,形
[⸢biː⸣joːŋ],ビーヨーン,形
[⸢biː⸣raː],ビーラー,名
[⸢biː⸣raː],ビーラー,名
[⸢biː⸣raːŋ],ビーラーン,形
[⸢biː⸣raːŋ],ビーラーン,形
[⸢piːra⸣suŋ],ピーラスン,他動
[⸢piːra⸣suŋ],ピーラスン,他動
[⸢piːra⸣suŋ],ピーラスン,他動
[⸢piːra⸣suŋ],ピーラスン,他動
[⸢piːra⸣suŋ],ピーラスン,他動
[⸢piːra⸣suŋ],ピーラスン,他動
[⸢piːri⸣ʔiː],ピーリイー,名
[⸢piːri⸣ʔiː],ピーリイー,名
[⸢piːri⸣ s⸢saː⸣ruŋ],ピーリッサールン,連
[⸢piːri⸣ s⸢saː⸣ruŋ],ピーリッサールン,連
[⸢piːri⸣duː],ピーリドゥー,名
[⸢piːri⸣duː],ピーリドゥー,名
[⸣piːriboːru],ピーリボール,副
[⸣piːriboːru],ピーリボール,副
[⸢piːri⸣miʤi],ピーリミジ,名
[⸢piːri⸣miʤi],ピーリミジ,名
[⸢piːru],ピール,名
[⸢piːru],ピール,名
[⸢piːru],ピール,名
[⸢piːru],ピール,名
[⸢piːrukaː⸣ru],ピールカール,名
[⸢piːrukaː⸣ru],ピールカール,名
[⸢piːrupinaka],ピールピナカ,名
[⸢piːrupinaka],ピールピナカ,名
[⸢biː⸣ruŋ],ビールン,自動
[⸢biː⸣ruŋ],ビールン,自動
[⸢piː⸣ruŋ],ピールン,自動
[⸢piːruŋ],ピールン,他動
[⸢biː⸣ruŋ],ビールン,自動
[⸢biː⸣ruŋ],ビールン,自動
[⸢piː⸣ruŋ],ピールン,自動
[⸢piːruŋ],ピールン,他動
[⸢biː⸣roː],ビーロー,名
[⸢biː⸣roː],ビーロー,名
[⸢biː⸣waŋ],ビーワン,形
[⸢piː⸣waŋ],ピーワン,形
[⸢biː⸣waŋ],ビーワン,形
[⸢piː⸣waŋ],ピーワン,形
[⸣biːn ⸣sabiːŋ],ビーンサビーン,連
[⸣biːn ⸣sabiːŋ],ビーンサビーン,連
[⸢piːn⸣tiʤi],ピーンティジ,名
[⸢piːn⸣tiʤi],ピーンティジ,名
[⸢piːmpiŋ],ピーンピン,名
[⸢piːmpiŋ],ピーンピン,名
[pi̥⸢kai],ピカイ,名
[pi̥⸢kai],ピカイ,名
[pi̥⸢kaiʣuː],ピカイズー,名
[pi̥⸢kaiʣuː],ピカイズー,名
[pi̥⸢kairuŋ],ピカイルン,他動
[pi̥⸢kairuŋ],ピカイルン,他動
[pi̥⸢kairuŋ],ピカイルン,他動
[pi̥⸢kairuŋ],ピカイルン,他動
[pi̥⸢kairuŋ],ピカイルン,他動
[pi̥⸢kairuŋ],ピカイルン,他動
[pi̥⸢kauŋ],ピカウン,他動
[pi̥⸢kauŋ],ピカウン,他動
[pi̥⸢kauŋ],ピカウン,他動
[pi̥⸢kauŋ],ピカウン,他動
[pi̥⸢kauŋ],ピカウン,他動
[pi̥⸢kauŋ],ピカウン,他動
[pi̥⸢kasariŋ],ピカサリン,自動
[pi̥⸢kasariŋ],ピカサリン,自動
[pi̥⸢kasuŋ],ピカスン,他動
[pi̥⸢kasuŋ],ピカスン,他動
[pi̥⸢kara⸣suŋ],ピカラスン,他動
[pi̥⸢kara⸣suŋ],ピカラスン,他動
[pi̥⸢karapikara⸣ʃi],ピカラピカラシ,副
[pi̥⸢karapikara⸣ʃi],ピカラピカラシ,副
[pi̥⸢ka⸣ri],ピカリ,名
[pi̥⸢ka⸣ri],ピカリ,名
[pi̥⸢ka⸣ruŋ],ピカルン,自動
[pi̥⸢ka⸣ruŋ],ピカルン,自動
[bi⸢ki],ビキ,接頭
[bi⸢ki],ビキ,助動
[pi̥⸢ki],ピキ,名
[pi̥⸢ki],ピキ,名
[pi̥⸢ki],ピキ,名
[pi̥⸢ki],ピキ,名
[bi⸢ki],ビキ,接頭
[bi⸢ki],ビキ,助動
[pi̥⸢ki],ピキ,名
[pi̥⸢ki],ピキ,名
[pi̥⸢ki],ピキ,名
[pi̥⸢ki],ピキ,名
[pi̥⸢kiauŋ],ピキアウン,自動
[pi̥⸢kiauŋ],ピキアウン,自動
[pi̥⸢kiʔagiruŋ],ピキアギルン,他動
[pi̥⸢kiʔagiruŋ],ピキアギルン,他動
[pi̥⸢kiʔaŋguŋ],ピキアングン,他動
[pi̥⸢kiʔaŋguŋ],ピキアングン,他動
[pi̥⸢kiʔuki⸣ruŋ],ピキウキルン,他動
[pi̥⸢kiʔuki⸣ruŋ],ピキウキルン,他動
[bi⸢kiuʃi],ビキウシ,名
[pi̥⸢kiʔuʃi],ピキウシ,名
[bi⸢kiuʃi],ビキウシ,名
[pi̥⸢kiʔuʃi],ピキウシ,名
[pi̥⸢kiʔura⸣suŋ],ピキウラスン,他動
[pi̥⸢kiʔura⸣suŋ],ピキウラスン,他動
[bi⸢kigaː⸣ra],ビキガーラ,名
[bi⸢kigaː⸣ra],ビキガーラ,名
[pi̥⸢kikai],ピキカイ,名
[pi̥⸢kikai],ピキカイ,名
[pi̥⸢kikaisuŋ],ピキカイスン,自動
[pi̥⸢kikaisuŋ],ピキカイスン,自動
[pi̥⸢kikau],ピキカウ,名
[pi̥⸢kikau],ピキカウ,名
[pi̥⸢kikatami⸣ruŋ],ピキカタミルン,他動
[pi̥⸢kikatami⸣ruŋ],ピキカタミルン,他動
[pi̥⸢kikatamuŋ],ピキカタムン,他動
[pi̥⸢kikatamuŋ],ピキカタムン,他動
[bi⸢kikiː],ビキキー,名
[bi⸢kikiː],ビキキー,名
[pi̥⸢kikisuŋ],ピキキスン,他動
[pi̥⸢kikisuŋ],ピキキスン,他動
[pi̥⸢kikuː],ピキクー,名
[pi̥⸢kikuː],ピキクー,名
[pi̥⸢kikumaruŋ],ピキクマルン,自動
[pi̥⸢kikumaruŋ],ピキクマルン,自動
[pi̥⸢kikumaruŋ],ピキクマルン,自動
[pi̥⸢kikumaruŋ],ピキクマルン,自動
[pi̥⸢kikoːsuŋ],ピキコースン,他動
[pi̥⸢kikoːsuŋ],ピキコースン,他動
[pi̥⸢kisaːruŋ],ピキサールン,他動
[pi̥⸢kisaːruŋ],ピキサールン,他動
[pi̥⸢kisaːruŋ],ピキサールン,他動
[pi̥⸢kisaːruŋ],ピキサールン,他動
[pi̥⸢kisai⸣ruŋ],ピキサイルン,他動
[pi̥⸢kisai⸣ruŋ],ピキサイルン,他動
[pi̥⸢kisauŋ],ピキサウン,他動
[pi̥⸢kisauŋ],ピキサウン,他動
[pi̥⸢kisakuŋ],ピキサクン,他動
[pi̥⸢kisakuŋ],ピキサクン,他動
[pi̥⸢kiʣaʃi],ピキザシ,名
[pi̥⸢kiʣaʃi],ピキザシ,名
[pi̥⸢kiʣasuŋ],ピキザスン,他動
[pi̥⸢kiʣasuŋ],ピキザスン,他動
[pi̥⸢ki⸣ʣaŋ],ピキザン,名
[pi̥⸢ki⸣ʣaŋ],ピキザン,名
[pi̥⸢kisaŋguŋ],ピキサングン,他動
[pi̥⸢kisaŋguŋ],ピキサングン,他動
[pi̥⸢kiʃiːgu],ピキシーグ,名
[pi̥⸢kiʃiːgu],ピキシーグ,名
[pi̥⸢kiʃi̥kikaː⸣ʃi̥ki],ピキシキカーシキ,副
[pi̥⸢kiʃi̥kikaː⸣ʃi̥ki],ピキシキカーシキ,副
[bi⸢kiʃi̥kiru],ビキシキル,名
[bi⸢kiʃi̥kiru],ビキシキル,名
[pi̥⸢kiʃi̥kiruŋ],ピキシキルン,自動
[pi̥⸢kiʃi̥kiruŋ],ピキシキルン,他動
[pi̥⸢kiʃi̥kiruŋ],ピキシキルン,自動
[pi̥⸢kiʃi̥kiruŋ],ピキシキルン,他動
[pi̥⸢kiʃi̥tiruŋ],ピキシティルン,他動
[pi̥⸢kiʃi̥tiruŋ],ピキシティルン,他動
[pi̥⸢kiʃi̥tuŋ],ピキシトゥン,他動
[pi̥⸢kiʃi̥tuŋ],ピキシトゥン,他動
[bi⸢kiʤina],ビキジナ,名
[bi⸢kiʤina],ビキジナ,名
[pi̥⸢kiʃimiruŋ],ピキシミルン,他動
[pi̥⸢kiʃimiruŋ],ピキシミルン,他動
[pi̥⸢kiʃimuŋ],ピキシムン,他動
[pi̥⸢kiʃimuŋ],ピキシムン,他動
[pi̥⸢kisuː],ピキスー,名
[pi̥⸢kisuː],ピキスー,名
[pi̥⸢kisuː],ピキスー,名
[pi̥⸢kisuː],ピキスー,名
[pi̥⸢kisuːruŋ],ピキスールン,自動
[pi̥⸢kisuːruŋ],ピキスールン,他動
[pi̥⸢kisuːruŋ],ピキスールン,自動
[pi̥⸢kisuːruŋ],ピキスールン,他動
[pi̥⸢kisu̥kuŋ],ピキスクン,他動
[pi̥⸢kisu̥kuŋ],ピキスクン,自動
[pi̥⸢kisu̥kuŋ],ピキスクン,他動
[pi̥⸢kisu̥kuŋ],ピキスクン,自動
[pi̥⸢kisuŋguruŋ],ピキスングルン,他動
[pi̥⸢kisuŋguruŋ],ピキスングルン,他動
[pi̥⸢kidaʃi],ピキダシ,名
[pi̥⸢kidaʃi],ピキダシ,名
[pi̥⸢kitatiruŋ],ピキタティルン,他動
[pi̥⸢kitatiruŋ],ピキタティルン,他動
[pi̥⸢kitatuŋ],ピキタトゥン,他動
[pi̥⸢kitatuŋ],ピキタトゥン,他動
[pi̥⸢kidama],ピキダマ,名
[pi̥⸢kidama],ピキダマ,名
[pi̥⸢kitamiruŋ],ピキタミルン,他動
[pi̥⸢kitamiruŋ],ピキタミルン,他動
[pi̥⸢kikkumuŋ],ピキックムン,他動
[pi̥⸢kikkumuŋ],ピキックムン,他動
[pi̥⸢kikkoːsuŋ],ピキッコースン,他動
[pi̥⸢kikkoːsuŋ],ピキッコースン,他動
[bi⸢kitʦaːmidumu],ビキッツァーミドゥム,名
[bi⸢kitʦaːmidumu],ビキッツァーミドゥム,名
[pi̥⸢kitʦaiparat⸣ʦai],ピキッツァイパラッツァイ,副
[pi̥⸢kitʦaiparat⸣ʦai],ピキッツァイパラッツァイ,副
[pi̥⸢kittoːsuŋ],ピキットースン,他動
[pi̥⸢kittoːsuŋ],ピキットースン,他動
[pi̥⸢kittoːruŋ],ピキットールン,自動
[pi̥⸢kittoːruŋ],ピキットールン,他動
[pi̥⸢kittoːruŋ],ピキットールン,自動
[pi̥⸢kittoːruŋ],ピキットールン,他動
[pi̥⸢kitumiruŋ],ピキトゥミルン,他動
[pi̥⸢kitumiruŋ],ピキトゥミルン,他動
[bi⸢kidumu],ビキドゥム,名
[bi⸢kidumu],ビキドゥム,名
[bi⸢kidumudaːs⸣saŋ],ビキドゥムダーッサン,形
[bi⸢kidumudaːs⸣saŋ],ビキドゥムダーッサン,形
[bi⸢kidumumasaru],ビキドゥムマサル,名
[bi⸢kidumumasaru],ビキドゥムマサル,名
[bi⸢kiduru],ビキドゥル,名
[bi⸢kiduru],ビキドゥル,名
[pi̥⸢ki⸣turuŋ],ピキトゥルン,他動
[pi̥⸢ki⸣turuŋ],ピキトゥルン,他動
[pi̥⸢kinaː],ピキナー,名
[pi̥⸢kinaː],ピキナー,名
[pi̥⸢kinuːŋ],ピキヌーン,他動
[pi̥⸢kinuːŋ],ピキヌーン,他動
[pi̥⸢kinuba⸣suŋ],ピキヌバスン,他動
[pi̥⸢kinuba⸣suŋ],ピキヌバスン,他動
[pi̥⸢kinu⸣ ɸu⸢ru],ピキヌフル,連
[pi̥⸢kinu⸣ ɸu⸢ru],ピキヌフル,連
[pi̥⸢kinu⸣ miː],ピキヌミー,連
[pi̥⸢kinu⸣ miː],ピキヌミー,連
[pi̥⸢ki⸣ba],ピキバ,名
[pi̥⸢ki⸣ba],ピキバ,名
[pi̥⸢kibakasuŋ],ピキバカスン,他動
[pi̥⸢kipaga⸣suŋ],ピキパガスン,他動
[pi̥⸢kibakasuŋ],ピキバカスン,他動
[pi̥⸢kipaga⸣suŋ],ピキパガスン,他動
[bi⸢kipaʃinaː],ビキパシナー,名
[bi⸢kipaʃinaː],ビキパシナー,名
[bi⸢kipana],ビキパナ,名
[bi⸢kipana],ビキパナ,名
[pi̥⸢kipana⸣suŋ],ピキパナスン,他動
[pi̥⸢kipana⸣suŋ],ピキパナスン,他動
[pi̥⸢kiɸuʧiru],ピキフチル,名
[pi̥⸢kiɸuʧiru],ピキフチル,名
[pi̥⸢kiɸuʧiru],ピキフチル,名
[pi̥⸢kiɸuʧiru],ピキフチル,名
[pi̥⸢kimaː⸣saː],ピキマーサー,名
[pi̥⸢kimaː⸣saː],ピキマーサー,名
[pi̥⸢kimaːʃi],ピキマーシ,名
[pi̥⸢kimaːʃi],ピキマーシ,名
[pi̥⸢kimaːsuŋ],ピキマースン,他動
[pi̥⸢kimaːsuŋ],ピキマースン,他動
[pi̥⸢kimaːsuŋ],ピキマースン,他動
[pi̥⸢kimaːsuŋ],ピキマースン,他動
[pi̥⸢kimiʤi],ピキミジ,名
[pi̥⸢kimiʤi],ピキミジ,名
[bi⸢kimidumu],ビキミドゥム,名
[bi⸢kimidumu],ビキミドゥム,名
[bi⸢kimina],ビキミナ,名
[bi⸢kimina],ビキミナ,名
[pi̥⸢kimutai⸣ruŋ],ピキムタイルン,他動
[pi̥⸢kimutai⸣ruŋ],ピキムタイルン,他動
[pi̥⸢kimutauŋ],ピキムタウン,他動
[pi̥⸢kimutauŋ],ピキムタウン,他動
[pi̥⸢kimuʧi],ピキムチ,名
[pi̥⸢kimuʧi],ピキムチ,名
[bi⸢kimunu],ビキムヌ,名
[pi̥⸢kimunu],ピキムヌ,名
[bi⸢kimunu],ビキムヌ,名
[pi̥⸢kimunu],ピキムヌ,名
[pi̥⸢kimunujaː],ピキムヌヤー,名
[pi̥⸢kimunujaː],ピキムヌヤー,名
[pi̥⸢kijadu],ピキヤドゥ,名
[pi̥⸢kijadu],ピキヤドゥ,名
[pi̥⸢kijaruŋ],ピキヤルン,他動
[pi̥⸢kijaruŋ],ピキヤルン,他動
[pi̥⸢kijuːʃiruŋ],ピキユーシルン,他動
[pi̥⸢kijuːʃiruŋ],ピキユーシルン,他動
[pi̥⸢kijuːsuŋ],ピキユースン,他動
[pi̥⸢kijuːsuŋ],ピキユースン,他動
[bi⸢kiru],ビキル,名
[bi⸢kiru],ビキル,名
[bi⸢ki⸣re],ビキレ,名
[bi⸢ki⸣re],ビキレ,名
[pi̥⸢kiʔnʣa⸣suŋ],ピキンザスン,他動
[pi̥⸢kiʔnʣa⸣suŋ],ピキンザスン,他動
[bi⸢kiʔmma],ビキンマ,名
[bi⸢kiʔmma],ビキンマ,名
[pi̥⸢kuŋ],ピクン,他動
[pi̥⸢kuŋ],ピクン,他動
[pi̥⸢kuŋ],ピクン,他動
[pi̥⸢kuŋ],ピクン,他動
[pi̥⸢kuŋ],ピクン,他動
[pi̥⸢kuŋ],ピクン,他動
[pi̥⸢kuŋ],ピクン,他動
[pi̥⸢kuŋ],ピクン,自動
[pi̥⸢kuŋ],ピクン,他動
[⸣piguŋ],ピグン,他動
[pi̥⸢kuŋ],ピクン,他動
[pi̥⸢kuŋ],ピクン,他動
[pi̥⸢kuŋ],ピクン,他動
[pi̥⸢kuŋ],ピクン,他動
[pi̥⸢kuŋ],ピクン,他動
[pi̥⸢kuŋ],ピクン,他動
[pi̥⸢kuŋ],ピクン,他動
[pi̥⸢kuŋ],ピクン,自動
[pi̥⸢kuŋ],ピクン,他動
[⸣piguŋ],ピグン,他動
[bi⸢keː],ビケー,名
[bi⸢keː],ビケー,名
[bi⸢keːkata],ビケーカタ,名
[bi⸢keːkata],ビケーカタ,名
[bi⸢keːnu⸣ʔuja],ビケーヌウヤ,名
[bi⸢keːnu⸣ʔuja],ビケーヌウヤ,名
[pi̥⸢koː⸣ŋ],ピコーン,形
[pi̥⸢koː⸣ŋ],ピコーン,形
[bi⸢koːŋffa],ビコーンッふァ,名
[bi⸢koːŋffa],ビコーンッふァ,名
[⸣pi̥sa],ピサ,名
[⸣pi̥sa],ピサ,助数
[pi̥⸢sa],ピサ,名
[pi̥⸢sa],ピサ,名
[⸣piʣa],ピザ,名
[⸣pi̥sa],ピサ,名
[⸣pi̥sa],ピサ,助数
[pi̥⸢sa],ピサ,名
[pi̥⸢sa],ピサ,名
[⸣piʣa],ピザ,名
[bi⸢ʣaːkasuŋ],ビザーカスン,他動
[bi⸢ʣaːkasuŋ],ビザーカスン,他動
[bi⸢ʣaːkariŋ],ビザーカリン,自動
[bi⸢ʣaːkariŋ],ビザーカリン,自動
[bi⸢ʣaːkaruŋ],ビザーカルン,自動
[bi⸢ʣaːkaruŋ],ビザーカルン,自動
[bi⸢ʣaːkuŋ],ビザークン,自動
[bi⸢ʣaːkuŋ],ビザークン,自動
[bi⸢ʣaːkuŋ],ビザークン,自動
[bi⸢ʣaːkuŋ],ビザークン,自動
[pisaː⸢pisaː⸣ʃi],ピサーピサーシ,副
[pisaː⸢pisaː⸣ʃi],ピサーピサーシ,副
[pi̥⸢saːmasuŋ],ピサーマスン,他動
[pi̥⸢saːmasuŋ],ピサーマスン,他動
[pi̥⸢saːmuŋ],ピサームン,自動
[pi̥⸢saːmuŋ],ピサームン,自動
[bi⸢ʣaːripu̥su],ビザーリプス,名
[bi⸢ʣaːripu̥su],ビザーリプス,名
[bi⸢ʣaːrijaŋ],ビザーリヤン,名
[bi⸢ʣaːrijaŋ],ビザーリヤン,名
[bi⸢ʣaːruŋ],ビザールン,自動
[bi⸢ʣaːruŋ],ビザールン,自動
[bi⸢ʣaːruŋ],ビザールン,自動
[bi⸢ʣaːruŋ],ビザールン,自動
[pi̥⸢saː⸣ŋ],ピサーン,形
[pi̥⸢saː⸣ŋ],ピサーン,形
[pi̥⸢sai],ピサイ,固
[pi̥⸢sai],ピサイ,固
[pi̥⸢saʔiʣu],ピサイズ,名
[pi̥⸢saʔiʣu],ピサイズ,名
[pi̥⸢saʔiʣu],ピサイズ,名
[pi̥⸢saʔiʣu],ピサイズ,名
[pi̥⸢saipusu],ピサイプス,名
[pi̥⸢saipusu],ピサイプス,名
[pi̥⸢sa⸣ ʔu⸢koː⸣suŋ],ピサウコースン,連
[pi̥⸢sa⸣ ʔu⸢koː⸣suŋ],ピサウコースン,連
[pi⸢ʣa⸣ki],ピザキ,名
[pi⸢ʣa⸣ki],ピザキ,名
[pi̥⸢saguʤi],ピサグジ,名
[pi̥⸢saguʤi],ピサグジ,名
[pi̥⸢saʃi],ピサシ,名
[pi̥⸢saʃi],ピサシ,名
[pi̥⸢saʃi⸣ʔiː],ピサシイー,名
[pi̥⸢saʃi⸣ʔiː],ピサシイー,名
[pi̥⸢saʃiʣuː⸣ʃi],ピサシズーシ,名
[pi̥⸢saʃiʣuː⸣ʃi],ピサシズーシ,名
[pi̥⸢saʃima],ピサシマ,名
[pi̥⸢saʃima],ピサシマ,名
[pi̥⸢saʤiŋ],ピサジン,名
[pi̥⸢saʤiŋ],ピサジン,名
[pi̥⸢sasuburu],ピサスブル,名
[pi̥⸢sasuburu],ピサスブル,名
[pi̥⸢sa⸣suŋ],ピサスン,他動
[pi̥⸢sa⸣suŋ],ピサスン,他動
[pi̥⸢sa⸣suŋ],ピサスン,他動
[pi̥⸢sa⸣suŋ],ピサスン,他動
[pi̥⸢sadaː],ピサダー,固
[pi̥⸢sadaː],ピサダー,固
[bi⸢ʣakkaruŋ],ビザッカルン,自動
[bi⸢ʣakkaruŋ],ビザッカルン,自動
[pi̥⸢sanuŋ],ピサヌン,名
[pi̥⸢sanuŋ],ピサヌン,名
[pi̥⸢sapana],ピサパナ,名
[pi̥⸢sapana],ピサパナ,名
[pi̥⸢sa⸣bi],ピサビ,名
[pi̥⸢sa⸣bi],ピサビ,名
[pi̥⸢saɸutai],ピサフタイ,名
[pi̥⸢saɸutai],ピサフタイ,名
[pi̥⸢saɸuʧi],ピサフチ,名
[pi⸢ʣa⸣ɸu̥ʧi],ピザフチ,名
[pi̥⸢saɸuʧi],ピサフチ,名
[pi⸢ʣa⸣ɸu̥ʧi],ピザフチ,名
[bi⸢ʣaruŋ],ビザルン,自動
[bi⸢ʣaruŋ],ビザルン,自動
[⸣pi̥saŋ],ピサン,形
[⸣pi̥saŋ],ピサン,形
[⸣pi̥saŋ],ピサン,形
[⸣pi̥saŋ],ピサン,形
[pi̥⸢saŋkasuŋ],ピサンカスン,他動
[pi̥⸢saŋkasuŋ],ピサンカスン,他動
[⸣pi̥saŋgoː],ピサンゴー,名
[⸣pi̥saŋgoː],ピサンゴー,名
[⸣pi̥santaː],ピサンター,名
[⸣pi̥santaː],ピサンター,名
[pi⸢ʤi],ピジ,名
[pi⸢ʤi],ピジ,名
[pi⸢ʤi],ピジ,名
[pi⸢ʤi],ピジ,名
[pi̥⸢ʃiːpiʃiː],ピシーピシー,副
[pi̥⸢ʃiːpiʃiː],ピシーピシー,副
[⸣pi̥ʃeː],ピシェー,名
[⸣pi̥ʃeː],ピシェー,名
[pi⸢ʃeː⸣ma],ピシェーマ,名
[pi⸢ʃeː⸣ma],ピシェーマ,名
[çi⸢ʤi⸣gara],ヒジガラ,名
[çi⸢ʤi⸣gara],ヒジガラ,名
[pi⸢ʤigaŋku],ピジガンク,名
[pi⸢ʤigaŋku],ピジガンク,名
[⸢piʃi̥⸣ki],ピシキ,名
[⸢piʃi̥⸣ki],ピシキ,名
[bi⸢ʃikoːma],ビシコーマ,名
[bi⸢ʃikoːma],ビシコーマ,名
[pi⸢ʤi⸣ sï̥⸢kauŋ],ピジシゥカウン,連
[pi⸢ʤi⸣ sï̥⸢kauŋ],ピジシゥカウン,連
[pi̥⸢ʃiʃi̥ki⸣ruŋ],ピシシキルン,自動
[pi̥⸢ʃiʃi̥ki⸣ruŋ],ピシシキルン,自動
[pi̥⸢ʃi⸣suː],ピシスー,名
[pi̥⸢ʃi⸣suː],ピシスー,名
[pi̥⸢ʃi⸣su̥kuŋ],ピシスクン,自動
[pi̥⸢ʃi⸣su̥kuŋ],ピシスクン,自動
[biʃit⸢ti],ビシッティ,副
[biʃit⸢ti],ビシッティ,副
[⸣pi̥ʃi ⸣paruŋ],ピシパルン,連
[⸣pi̥ʃi ⸣paruŋ],ピシパルン,連
[pi⸢ʤi⸣ru],ピジル,名
[pi⸢ʤi⸣ru],ピジル,名
[pi⸢ʤi⸣ru],ピジル,名
[pi⸢ʤi⸣ru],ピジル,名
[pi⸢ʤi⸣ru],ピジル,名
[pi⸢ʤi⸣ru],ピジル,名
[pi⸢ʤi⸣rukaʤiru],ピジルカジル,副
[pi⸢ʤi⸣rukaʤiru],ピジルカジル,副
[bi⸢ʃiruŋ],ビシルン,他動
[bi⸢ʃiruŋ],ビシルン,他動
[pi̥⸢ʃi⸣ruŋ],ピシルン,自動
[bi⸢ʃiruŋ],ビシルン,他動
[bi⸢ʃiruŋ],ビシルン,他動
[pi̥⸢ʃi⸣ruŋ],ピシルン,自動
[pi⸢ʤindati],ピジンダティ,名
[pi⸢ʤindati],ピジンダティ,名
[pi̥⸢su⸣ʣaː],ピスザー,名
[pi̥⸢su⸣ʣaː],ピスザー,名
[bisut⸢ti],ビスッティ,副
[bisut⸢ti],ビスッティ,副
[pi̥⸢sumi⸣ruŋ],ピスミルン,他動
[pi̥⸢sumi⸣ruŋ],ピスミルン,他動
[pi̥⸢su⸣muŋ],ピスムン,他動
[pi̥⸢su⸣muŋ],ピスムン,他動
[bi⸢suŋ],ビスン,他動
[⸣pi̥suŋ],ピスン,自動
[⸣pi̥suŋ],ピスン,他動
[bi⸢suŋ],ビスン,他動
[⸣pi̥suŋ],ピスン,自動
[⸣pi̥suŋ],ピスン,他動
[bi⸢suŋkaːriŋ],ビスンカーリン,自動
[bi⸢suŋkaːriŋ],ビスンカーリン,自動
[bi⸢suŋkasuŋ],ビスンカスン,他動
[bi⸢suŋkasuŋ],ビスンカスン,他動
[pi̥⸢soː⸣ ʃi⸢baː⸣],ピソーシバー,連
[pi̥⸢soː⸣ ʃi⸢baː⸣],ピソーシバー,連
[pi⸢soːpisoː⸣ʃi],ピソーピソーシ,副
[pi⸢soːpisoː⸣ʃi],ピソーピソーシ,副
[bi⸢soːmi],ビソーミ,名
[bi⸢soːmi],ビソーミ,名
[pi⸢soːmi⸣ruŋ],ピソーミルン,他動
[pi⸢soːmi⸣ruŋ],ピソーミルン,他動
[pi̥⸢soː⸣muŋ],ピソームン,他動
[pi̥⸢soː⸣muŋ],ピソームン,他動
[pi̥⸢soː⸣ŋ],ピソーン,形
[pi̥⸢soː⸣ŋ],ピソーン,形
[pi̥⸢soː⸣ŋ],ピソーン,形
[pi̥⸢soː⸣ŋ],ピソーン,形
[⸣pi̥ta],ピタ,名
[⸣pida],ピダ,名
[⸣pi̥ta],ピタ,名
[⸣pida],ピダ,名
[⸣pi̥taː],ピター,固
[⸣pi̥taː],ピター,固
[bi⸢daːkasuŋ],ビダーカスン,他動
[bi⸢daːkasuŋ],ビダーカスン,他動
[bi⸢daːkibiri],ビダーキビリ,名
[bi⸢daːkibiri],ビダーキビリ,名
[bi⸢daːkuŋ],ビダークン,自動
[bi⸢daːkuŋ],ビダークン,自動
[bi⸢daːkuŋ],ビダークン,自動
[bi⸢daːkuŋ],ビダークン,自動
[bi⸢daːʃi̥kibiri],ビダーシキビリ,名
[bi⸢daːʃi̥kibiri],ビダーシキビリ,名
[bitaːt⸢ti],ビターッティ,副
[bitaːt⸢ti],ビターッティ,副
[pi̥⸢taːmasuŋ],ピターマスン,他動
[pi̥⸢taːmasuŋ],ピターマスン,他動
[pi̥⸢taːmuŋ],ピタームン,自動
[pi̥⸢taːmuŋ],ピタームン,自動
[pi̥⸢taːnti],ピターンティ,副
[pi̥⸢taːnti],ピターンティ,副
[⸣pidaki],ピダキ,名
[⸣pidaki],ピダキ,名
[pi⸢dasi̥⸣ka],ピダシゥカ,名
[pi⸢dasi̥⸣ka],ピダシゥカ,名
[pi⸢da⸣ti],ピダティ,名
[pi⸢da⸣ti],ピダティ,名
[pi⸢dati⸣ruŋ],ピダティルン,他動
[pi⸢dati⸣ruŋ],ピダティルン,他動
[pi⸢da⸣tuŋ],ピダトゥン,他動
[pi⸢da⸣tuŋ],ピダトゥン,他動
[pi̥⸢tapana],ピタパナ,名
[pi̥⸢tapana],ピタパナ,名
[pi⸢daɸu̥⸣ka],ピダフカ,名
[pi⸢daɸu̥⸣ka],ピダフカ,名
[pi⸢da⸣mi],ピダミ,名
[pi⸢da⸣mi],ピダミ,名
[pi⸢dami⸣ruŋ],ピダミルン,他動
[pi⸢dami⸣ruŋ],ピダミルン,他動
[pi⸢da⸣muŋ],ピダムン,他動
[pi⸢da⸣muŋ],ピダムン,他動
[pi⸢da⸣jaː],ピダヤー,名
[pi⸢da⸣jaː],ピダヤー,名
[bi⸢daraː⸣ŋ],ビダラーン,形
[bi⸢daraː⸣ŋ],ビダラーン,形
[bi⸢darassu],ビダラッス,名
[bi⸢darassu],ビダラッス,名
[bi⸢daramuʧi],ビダラムチ,名
[bi⸢daramuʧi],ビダラムチ,名
[pi⸢da⸣ri],ピダリ,名
[pi⸢da⸣ri],ピダリ,名
[pi⸢dariʔuʧimaː⸣ʃi],ピダリウチマーシ,名
[pi⸢dariʔuʧimaː⸣ʃi],ピダリウチマーシ,名
[pi⸢darikaʤimaː⸣ri],ピダリカジマーリ,名
[pi⸢darikaʤimaː⸣ri],ピダリカジマーリ,名
[pi⸢dari⸣ʤina],ピダリジナ,名
[pi⸢dari⸣ʤina],ピダリジナ,名
[pi⸢dari⸣ʤiŋ],ピダリジン,名
[pi⸢dari⸣ʤiŋ],ピダリジン,名
[pi⸢dari⸣pu̥su],ピダリプス,名
[pi⸢dari⸣pu̥su],ピダリプス,名
[pi⸢darimaː⸣ʃi],ピダリマーシ,名
[pi⸢darimaː⸣ʃi],ピダリマーシ,名
[⸣pidarukadaru],ピダルカダル,名
[⸣pidarukadaru],ピダルカダル,名
[pi⸢da⸣reːniːreː],ピダレーニーレー,名
[pi⸢da⸣reːniːreː],ピダレーニーレー,名
[⸣biʧi],ビチ,名
[pi̥⸢ʧi],ピチ,名
[⸣biʧi],ビチ,名
[pi̥⸢ʧi],ピチ,名
[bi⸢ʧikaŋ⸣gai],ビチカンガイ,名
[bi⸢ʧikaŋ⸣gai],ビチカンガイ,名
[pi̥⸢ʧidimari],ピチディマリ,名
[pi̥⸢ʧidimari],ピチディマリ,名
[pi̥⸢ʧiniː],ピチニー,名
[pi̥⸢ʧiniː],ピチニー,名
[pi̥⸢ʧimaː],ピチマー,名
[pi̥⸢ʧimaː],ピチマー,名
[pi̥⸢ʧi makuŋ],ピチマクン,連
[pi̥⸢ʧi makuŋ],ピチマクン,連
[pi̥⸢ʧi makuŋ],ピチマクン,連
[pi̥⸢ʧi makuŋ],ピチマクン,連
[pi̥⸢ʧirai],ピチライ,名
[pi̥⸢ʧirai],ピチライ,名
[bi⸢ʧi⸣ru],ビチル,名
[bi⸢ʧi⸣ru],ビチル,名
[bi⸢ʧi⸣ru],ビチル,名
[bi⸢ʧi⸣ru],ビチル,名
[⸢pikkaisuŋ],ピッカイスン,他動
[⸢pikkaisuŋ],ピッカイスン,他動
[⸢çikkaka⸣ruŋ],ヒッカカルン,自動
[⸢pikkakaruŋ],ピッカカルン,自動
[⸢pikkakaruŋ],ピッカカルン,自動
[⸢çikkaka⸣ruŋ],ヒッカカルン,自動
[⸢pikkakaruŋ],ピッカカルン,自動
[⸢pikkakaruŋ],ピッカカルン,自動
[⸢pikkakiruŋ],ピッカキルン,他動
[⸢pikkakiruŋ],ピッカキルン,他動
[⸢pikka⸣riŋ],ピッカリン,自動
[⸢pikka⸣riŋ],ピッカリン,自動
[⸢pik⸣ki],ピッキ,名
[⸢pik⸣ki],ピッキ,名
[⸢pik⸣kikaːki],ピッキカーキ,名
[⸢pik⸣kikaːki],ピッキカーキ,名
[⸢pikki⸣kiŋ],ピッキキン,名
[⸢pikki⸣kiŋ],ピッキキン,名
[⸢pikki⸣nabi],ピッキナビ,名
[⸢pikki⸣nabi],ピッキナビ,名
[⸢pikkibaː⸣ki],ピッキバーキ,名
[⸢pikkibaː⸣ki],ピッキバーキ,名
[⸢pikki⸣miː],ピッキミー,名
[⸢pikki⸣miː],ピッキミー,名
[⸢pikki⸣munu],ピッキムヌ,名
[⸢pikki⸣munu],ピッキムヌ,名
[⸢pikki⸣jakoŋ],ピッキヤコン,名
[⸢pikki⸣jakoŋ],ピッキヤコン,名
[⸢pikki⸣ruŋ],ピッキルン,自動
[⸢pikki⸣ruŋ],ピッキルン,自動
[⸢pikkumasuŋ],ピックマスン,他動
[⸢pikkumasuŋ],ピックマスン,他動
[⸢pikkumuŋ],ピックムン,自動
[⸢pikkumuŋ],ピックムン,自動
[⸢çikkurikai⸣suŋ],ヒックリカイスン,他動
[⸢çikkurikai⸣suŋ],ヒックリカイスン,他動
[⸢pik⸣kuŋ],ピックン,自動
[⸢pik⸣kuŋ],ピックン,他動
[⸢pik⸣kuŋ],ピックン,自動
[⸢pik⸣kuŋ],ピックン,他動
[pi⸢keː⸣ma],ピッケーマ,名
[pi⸢keː⸣ma],ピッケーマ,名
[⸢çikkoːʃi],ヒッコーシ,名
[⸢çikkoːʃi],ヒッコーシ,名
[⸢bit⸣taː],ビッター,名
[⸢bit⸣taː],ビッター,名
[⸢pittatiruŋ],ピッタティルン,他動
[⸢pittatiruŋ],ピッタティルン,他動
[⸣bitʧi],ビッチ,名
[⸣bitʧi],ビッチ,名
[⸢pitʧi⸣ruŋ],ピッチルン,自動
[⸢pitʧi⸣ruŋ],ピッチルン,自動
[⸢pit⸣ʧiŋ],ピッチン,名
[⸢pit⸣ʧiŋ],ピッチン,副
[⸢pit⸣ʧiŋ],ピッチン,副
[⸢pit⸣ʧiŋ],ピッチン,副
[⸢pit⸣ʧiŋ],ピッチン,名
[⸢pit⸣ʧiŋ],ピッチン,副
[⸢pit⸣ʧiŋ],ピッチン,副
[⸢pit⸣ʧiŋ],ピッチン,副
[⸢pitʦa⸣suŋ],ピッツァスン,他動
[⸢pitʦa⸣suŋ],ピッツァスン,他動
[bit⸢ʦuti],ビッツティ,副
[bit⸢ʦuti],ビッツティ,副
[⸢pit⸣ʦuŋ],ピッツン,自動
[⸢pit⸣ʦuŋ],ピッツン,自動
[bit⸢tiŋ kuittin naː⸣nu],ビッティンクイッティンナーヌ,連
[bit⸢tiŋ kuittin naː⸣nu],ビッティンクイッティンナーヌ,連
[⸢pipparuŋ],ピッパルン,他動
[⸢pipparuŋ],ピッパルン,他動
[bi⸢ʦurutti],ビツルッティ,副
[⸣pi̥tu],ピトゥ,名
[pi̥⸢tu⸣nu kḁ⸢ta],ピトゥヌカタ,連
[bi⸢turaː⸣ŋ],ビトゥラーン,形
[⸣binaː],ビナー,名
[⸣pinaː],ピナー,名
[bi⸢naː⸣ŋ],ビナーン,形
[bi⸢naː⸣ŋ],ビナーン,形
[pi⸢nai⸣ʔugaŋ],ピナイウガン,名
[pi⸢naisaːra],ピナイサーラ,名
[pi⸢naisaki],ピナイサキ,名
[pi⸢nakaŋ],ピナカン,名
[pi⸢nakaŋganaʃi],ピナカンガナシ,名
[pi⸢nakamkumuru],ピナカンクムル,名
[pi⸢nakkai⸣ruŋ],ピナッカイルン,自動
[pi⸢nakkai⸣ruŋ],ピナッカイルン,自動
[pi⸢naruŋ],ピナルン,自動
[pi⸢ni],ピニ,名
[pi⸢ni],ピニ,名
[pi⸢ni],ピニ,名
[⸣piniː],ピニー,名
[pi⸢niʧi],ピニチ,名
[⸣pinirikaniri],ピニリカニリ,副
[pi⸢ni⸣ruŋ],ピニルン,他動
[pi⸢ni⸣ruŋ],ピニルン,他動
[pi⸢neː⸣ma],ピネーマ,名
[pi⸢ba⸣ʧi],ピバチ,名
[pi⸢ba⸣ʦuŋ],ピバツン,名
[pi⸢banasï̥kai],ピバナシゥカイ,名
[pi⸢banassai],ピバナッサイ,名
[pi⸢banaffai],ピバナッふァイ,名
[pi⸢biʣa],ピビザ,名
[pi⸢biʣanu⸣ koi],ピビザヌコイ,連
[pi⸢biʣanu⸣ ʃiː],ピビザヌシー,連
[pi⸢biʣanu⸣ suː],ピビザヌスー,連
[pi⸢biʣanu⸣ ssa],ピビザヌッサ,連
[pi⸢biʣanu⸣ f⸢fa],ピビザヌッふァ,連
[pi⸢biʣanu⸣jaː],ピビザヌヤー,名
[pi⸢pi⸣ru],ピピル,名
[pi̥⸢piru],ピピル,名
[pi⸢ma],ピマ,名
[pi⸢maː taː⸣suŋ],ピマータースン,連
[pi⸢maː⸣ f⸢fuŋ],ピマーッふン,連
[pi⸢madaːri],ピマダーリ,名
[pi⸢madaːriʃigutu],ピマダーリシグトゥ,名
[pi⸢maffaiʃigutu],ピマッふァイシグトゥ,名
[pi⸢mapima],ピマピマ,副
[⸣çaː],ヒャー,間助
[⸣çaː],ヒャー,間助
[⸢pjaː⸣ku],ピャーク,名
[⸢pjaː⸣ku],ピャーク,名
[⸢pjaː⸣kuʔiʧi],ピャークイチ,名
[⸢pjaː⸣kuʔiʧi],ピャークイチ,名
[⸢pjaːku⸣niŋ],ピャークニン,名
[⸢pjaːku⸣niŋ],ピャークニン,名
[⸢pjaːʃiŋgu],ピャーシング,名
[⸢pjaːkkani⸣ʧi],ピャーッカニチ,名
[⸢pjaːk⸣kiŋ],ピャーッキン,名
[⸢pjaːŋ⸣garuŋ],ピャーンガルン,自動
[⸢pjaːŋ⸣garuŋ],ピャーンガルン,自動
[⸢pjaːŋ⸣garuŋ],ピャーンガルン,自動
[⸢pjaːmpjaːŋ],ピャーンピャーン,副
[ça⸢ku⸣goː],ヒャクゴー,名
[çi⸢ja⸣saː],ヒヤサー,感
[⸢çak⸣kura⸢sa],ヒャックラサ,感
[⸢çak⸣kwaŋ],ヒャックヮン,名
[çi⸢jarikujoi⸣saː],ヒヤリクヨイサー,感
[pjan⸢ti],ピャンティ,副
[⸣çuː],ヒュー,名
[⸢pjuː⸣ka],ピューカ,名
[⸢pjuːma],ピューマ,名
[⸢pjuːru],ピュール,名
[⸢pjuːru⸣ kuruŋ],ピュールクルン,連
[⸢pjuːru⸣ turuŋ],ピュールトゥルン,連
[⸢pjuːrupjuːru⸣ʃi],ピュールピュールシ,副
[⸢pjuː⸣waŋ],ピューワン,形
[⸢bjoː⸣ki],ビョーキ,名
[⸢bjoː⸣ʣaː],ビョーザー,名
[⸢bjoː⸣ʣaːŋ],ビョーザーン,形
[⸢pjoː⸣ʃi],ピョーシ,名
[⸢pjoː⸣ʃi],ピョーシ,名
[⸢pjoː⸣ʃi],ピョーシ,名
[⸢çjoːtaŋ],ヒョータン,名
[⸢pjoː⸣pjoː],ピョーピョー,名
[⸢pjoː⸣marugokkeː],ピョーマルゴッケー,名
[⸢pjoː⸣maruŋ],ピョーマルン,自動
[⸢pjoː⸣maruŋ],ピョーマルン,自動
[⸣bira],ビラ,名
[⸣pira],ピラ,名
[⸣pira],ピラ,名
[çiraː],ヒラー,名
[⸣pirai],ピライ,名
[⸣pirauŋ],ピラウン,自動
[⸣piraki],ピラキ,名
[pi⸢raki⸣kaʤi],ピラキカジ,名
[pi⸢ra⸣ku],ピラク,名
[pi⸢ra⸣kuʔiʣu],ピラクイズ,名
[pi⸢ra⸣kukaʤi],ピラクカジ,名
[çi⸢rakugi],ヒラクギ,名
[çi⸢ra⸣ku̥saː],ヒラクサー,名
[pi⸢ra⸣kumaki],ピラクマキ,名
[pi⸢ra⸣keː ⸢suŋ],ピラケースン,連
[pi⸢rakeːpirakeː⸣ʃi],ピラケーピラケーシ,副
[pi⸢ra⸣keːŋ],ピラケーン,形
[bi⸢rasuŋ],ビラスン,他動
[⸣pirabuni],ピラブニ,名
[çi⸢rajaː],ヒラヤー,名
[bi⸢riguʤi],ビリグジ,名
[bi⸢ri⸣gwaː],ビリグヮー,名
[bi⸢risï̥karuŋ],ビリシゥカルン,自動
[bi⸢riʃigutu],ビリシグトゥ,名
[bi⸢risu̥kuduŋ],ビリスクドゥン,名
[bi⸢ridai],ビリダイ,名
[bi⸢rissaːku],ビリッサーク,名
[pi⸢ri⸣piri],ピリピリ,副
[bi⸢ribugari],ビリブガリ,名
[bi⸢ribuduru],ビリブドゥル,名
[pi⸢ru],ピル,名
[⸣piru],ピル,名
[⸣piru],ピル,接尾
[⸣piru],ピル,名
[pi⸢rugarasuŋ],ピルガラスン,他動
[pi⸢rugaruŋ],ピルガルン,自動
[pi⸢ruki],ピルキ,名
[pi⸢rukiː],ピルキー,名
[pi⸢rugiruŋ],ピルギルン,他動
[pi⸢ruʣaki],ピルザキ,名
[pi⸢ru⸣ su̥⸢kuŋ],ピルスクン,連
[bi⸢ru⸣pani],ビルパニ,名
[pi⸢ruɸu̥kikaː⸣ɸu̥ki],ピルフキカーフキ,副
[pi⸢ruɸu̥ki⸣ruŋ],ピルフキルン,自動
[pi⸢ruɸukiruŋ],ピルフキルン,自動
[pi⸢ru⸣ɸu̥kuŋ],ピルフクン,自動
[pi⸢ruɸukuŋ],ピルフクン,自動
[pi⸢ruma⸣saŋ],ピルマサン,形
[pi⸢ruma⸣ʃimunu],ピルマシムヌ,名
[pi⸢ruma⸣ruŋ],ピルマルン,自動
[pi⸢rumi⸣ruŋ],ピルミルン,他動
[bi⸢ruŋ],ビルン,自動
[bi⸢ruŋ],ビルン,自動
[çi⸢roː⸣sa],ヒローサ,名
[bi⸢roː⸣sa],ビローサ,名
[bi⸢roːsam⸣paː],ビローサンパー,名
[⸢biŋ],ビン,名
[⸢biŋ],ビン,名
[⸣biŋ],ビン,名
[⸣piŋ],ピン,名
[⸣piŋ],ピン,名
[⸣piŋ],ピン,名
[⸢piŋga⸣suŋ],ピンガスン,他動
[⸣piŋ ka⸢mai⸣ruŋ],ピンカマイルン,連
[⸢piŋ⸣gaŋ],ピンガン,名
[⸢piŋ⸣ganʣuːʃiː],ピンガンズーシー,名
[⸢piŋgi⸣ʔuʃi],ピンギウシ,名
[⸢piŋgi⸣ffa],ピンギッふァ,名
[⸢piŋ⸣gimaːru],ピンギマール,名
[⸢piŋgimaː⸣ruŋ],ピンギマールン,自動
[⸢piŋgi⸣munu],ピンギムヌ,名
[⸢biŋkjoː],ビンキョー,名
[⸢piŋgi⸣ruŋ],ピンギルン,自動
[⸢piŋgu],ピング,名
[⸢biŋgu⸣saː],ビングサー,名
[⸢biŋgutatami],ビングタタミ,名
[⸢biŋgumusu],ビングムス,名
[piŋgu⸢raːpiŋguraː⸣ʃi],ピングラーピングラーシ,副
[⸢biŋgurimaː⸣suŋ],ビングリマースン,他動
[⸢piŋ⸣guru],ピングル,名
[⸢piŋ⸣guru],ピングル,名
[⸢piŋ⸣guruŋ],ピングルン,自動
[⸢piŋ⸣guroːŋ],ピングローン,形
[⸢piŋ⸣guŋ],ピングン,自動
[⸢binsaː],ビンサー,名
[⸢pinʣa⸣suŋ],ピンザスン,他動
[⸢pin⸣ʤi ⸣tunʤi],ピンジトゥンジ,連
[⸢pinʤi⸣ruŋ],ピンジルン,自動
[⸢pin⸣ʣuŋ],ピンズン,自動
[⸢pin⸣soː],ピンソー,名
[⸢pin⸣soː tḁ⸢ta⸣kuŋ],ピンソータタクン,連
[⸢pinsoː⸣miŋ],ピンソーミン,名
[⸢pinsoː⸣munu],ピンソームヌ,名
[⸢pinsoː⸣jaː],ピンソーヤー,名
[⸢bin⸣ta],ビンタ,名
[⸢bin⸣ta],ビンタ,名
[⸢bin⸣darai],ビンダライ,名
[binda⸢roː⸣makiː],ビンダローマキー,名
[⸢pintikan⸣ti],ピンティカンティ,副
[⸢bintoː],ビントー,名
[⸢pintoː],ピントー,名
[⸢bintoːbaku],ビントーバク,名
[⸢pinturupiŋ],ピントゥルピン,名
[⸢çim⸣biŋ],ヒンビン,名
[⸣bimbiŋ],ビンビン,副
[⸣bimbiŋ],ビンビン,副
[⸢pimpiŋ],ピンピン,名
[⸢pimpiŋ],ピンピン,副
[⸢pim⸣puŋ],ピンプン,名
[⸣bu],ブ,名
[⸣ɸuː],フー,名
[⸢ɸuː],フー,名
[⸣buː],ブー,名
[⸢buː],ブー,名
[⸣buː],ブー,名
[⸣puː],プー,名
[⸢puː],プー,名
[⸢puː],プー,名
[⸣buːʔitu],ブーイトゥ,名
[⸣buː ⸢ʔuː⸣muŋ],ブーウームン,連
[⸢buː⸣gaː],ブーガー,名
[⸢buː⸣gaː],ブーガー,名
[⸢puː⸣kaː],プーカー,名
[⸢ɸuːgaːri],フーガーリ,名
[⸢buː⸣kaʃi],ブーカシ,名
[⸢ɸuːgaɸuːga],フーガフーガ,副
[⸢ɸuːgaɸuːga⸣ʃi],フーガフーガシ,副
[⸢ɸuː⸣kara],フーカラ,名
[⸢ɸuː⸣karaʤina],フーカラジナ,名
[⸢ɸuː⸣karapoːki],フーカラポーキ,名
[⸢ɸuː⸣karamuʃi],フーカラムシ,名
[⸢puːki],プーキ,名
[⸢puːkiʤima],プーキジマ,名
[⸢ɸuːkiʃi⸣munu],フーキシムヌ,名
[⸢puːgita],プーギタ,名
[⸣buːkiŋ],ブーキン,名
[⸢ɸuː⸣ku],フーク,名
[⸢buː⸣guru],ブーグル,名
[⸢buː⸣saː],ブーサー,名
[⸢puːʣampuː],プーザンプー,名
[⸢ɸuːʤi],フージ,名
[⸢ɸuːʤi],フージ,名
[⸢buː⸣ʃiʤi],ブーシジ,名
[⸢buː⸣ʤina],ブージナ,名
[⸢puːʃiŋ],プーシン,名
[⸣ɸuː ⸣su̥kuŋ],フースクン,連
[⸢buː⸣soː],ブーソー,名
[⸢ɸuː⸣tai],フータイ,名
[⸢ɸuːtai],フータイ,名
[⸢ɸuː⸣tai],フータイ,名
[⸢buː⸣dama],ブーダマ,名
[⸣ɸuː ta⸢raːmmunu],フータラーンムヌ,連
[⸢buː⸣ʧi],ブーチ,名
[⸢ɸuː⸣tu̥ku],フートゥク,名
[⸢buː⸣naː],ブーナー,名
[⸣buːnaː],ブーナー,名
[⸢buː⸣nu],ブーヌ,名
[⸣buːnuːnu],ブーヌーヌ,名
[⸢puːnu soː⸣ʤi],プーヌソージ,連
[⸢ɸuː⸣nu ma⸢ri],フーヌマリ,連
[⸢ɸuː⸣nu ⸣munu],フーヌムヌ,連
[⸢ɸuː⸣ba ⸣ʔari],フーバアリ,連
[⸢buːpata⸣ki],ブーパタキ,名
[⸢ɸuː⸣bari],フーバリ,副
[⸢ɸuːbi],フービ,名
[⸢buː⸣biki],ブービキ,名
[⸢buː⸣bu],ブーブ,名
[⸣buːbuː],ブーブー,名
[⸣buːbuː],ブーブー,名
[⸣buːbuː],ブーブー,名
[⸢puːpuː⸣ʃi],プープーシ,副
[⸢puːpuː⸣ʃi],プープーシ,副
[⸣buːbubuni],ブーブブニ,名
[⸣puːmai],プーマイ,名
[⸢puːmaki],プーマキ,名
[⸢puːmakuŋ],プーマクン,自動
[⸢buː⸣maru],ブーマル,名
[⸢puːmi],プーミ,名
[⸢puːmutisï̥ka⸣ra],プームティシゥカラ,名
[⸢buː⸣mutu],ブームトゥ,名
[⸢puː⸣ru],プール,名
[⸢puːru⸣ʔuta],プールウタ,名
[⸢puːru⸣ʔuta],プールウタ,名
[⸢puːru⸣ʔuta],プールウタ,名
[⸢puːru⸣ʔuta],プールウタ,名
[⸢puːru⸣ʔuta],プールウタ,名
[⸢puːru⸣ʔuta],プールウタ,名
[⸢puːru⸣ʔuta],プールウタ,名
[⸢puːru⸣ʔuta],プールウタ,名
[⸢puːru⸣ʔuta],プールウタ,名
[⸢puːru⸣ʔuta],プールウタ,名
[⸢puːru⸣ʔuta],プールウタ,名
[⸢puːru⸣ʔuta],プールウタ,名
[⸢puːru⸣ʔuta],プールウタ,名
[⸢puːru⸣ʔuta],プールウタ,名
[⸢puːru⸣ʔuta],プールウタ,名
[⸢puːru⸣ʔuta],プールウタ,名
[⸢puːru⸣ʔuta],プールウタ,名
[⸢puːru⸣ʔuta],プールウタ,名
[⸢puːru⸣ʔuta],プールウタ,名
[⸢puːru⸣ʔuta],プールウタ,名
[⸢puːruskai⸣baː],プールシゥカイバー,名
[⸢puːrumu⸣ʦi],プールムチ,名
[⸢ɸuːŋ],フーン,他動
[⸢ɸuːŋ],フーン,他動
[⸣ɸuːŋ],フーン,自動
[⸣ɸuːŋ],フーン,自動
[⸣ɸuːŋ],フーン,他動
[⸣ɸuːŋ],フーン,他動
[⸢bui],ブイ,名
[⸢ɸui⸣ki̥ʃi ⸣jamuŋ],フイキシヤムン,連
[⸢ɸui⸣ki̥suŋ],フイキスン,他動
[⸢ɸuiki̥suŋ],フイキスン,他動
[⸢ɸuit⸣ʦamuŋ],フイッツァムン,他動
[⸢buiffa],ブイッふァ,名
[⸢ɸuina],フイナ,名
[⸢ɸui⸣ba],フイバ,名
[ɸui⸢baː⸣ma],フイバーマ,名
[⸢ɸuijaki],フイヤキ,名
[⸢ɸuijuːnaː],フイユーナー,連
[⸢ɸuiruŋ],フイルン,自動
[⸣ɸu̥ka],フカ,名
[⸣ɸu̥ka],フカ,名
[ɸu̥⸢kaːɸu̥kaː],フカーフカー,副
[ɸu̥⸢kaː⸣ŋ],フカーン,形
[ɸu̥⸢kaː⸣ŋ],フカーン,形
[ɸu̥⸢kaʔara⸣ki],フカアラキ,名
[⸣ɸu̥kai],フカイ,名
[ɸu̥⸢kai⸣bana],フカイバナ,名
[ɸu̥⸢kai⸣ruŋ],フカイルン,自動
[ɸu̥⸢kai⸣ruŋ],フカイルン,自動
[ɸu̥⸢kai⸣ruŋ],フカイルン,自動
[⸣ɸu̥kauŋ],フカウン,自動
[⸣ɸu̥kauŋ],フカウン,自動
[ɸu̥⸢kakaʣa⸣mi],フカカザミ,名
[ɸu̥⸢kakiʤi],フカキジ,名
[ɸu̥⸢ka⸣ʣaisaŋ],フカザイサン,名
[⸣ɸu̥kasabaŋ],フカサバン,名
[⸣ɸu̥kaʃigutu],フカシグトゥ,名
[ɸu̥⸢kaʣumi],フカズミ,名
[ɸu̥⸢kasuŋ],フカスン,他動
[ɸu̥⸢kasuŋ],フカスン,他動
[ɸu̥⸢kasuŋ],フカスン,他動
[ɸu̥⸢kasuŋ],フカスン,他動
[ɸu̥⸢kasuŋ],フカスン,他動
[ɸu̥⸢kasuŋ],フカスン,他動
[ɸu̥⸢ka⸣suŋ],フカスン,他動
[ɸu⸢gasuŋ],フガスン,他動
[ɸu⸢gasuŋ],フガスン,他動
[ɸu̥⸢ka⸣daː],フカダー,名
[ɸu̥⸢kada⸣ʧi],フカダチ,名
[ɸu̥⸢ka⸣teː],フカテー,名
[ɸu̥⸢ka⸣tuː],フカトゥー,名
[ɸu̥⸢ka⸣dumi],フカドゥミ,名
[⸣ɸu̥kanarai],フカナライ,名
[ɸu̥⸢kaba⸣kapama],フカバカパマ,名
[ɸu̥⸢ka⸣baraː],フカバラー,名
[ɸu̥⸢ka⸣biri],フカビリ,名
[⸣ɸu̥kamaː],フカマー,名
[ɸu̥⸢kamaː⸣ru],フカマール,名
[ɸu̥⸢kamai⸣ɸunaː],フカマイフナー,名
[ɸu̥⸢kami⸣ruŋ],フカミルン,他動
[ɸu̥⸢kamusu̥⸣ku],フカムスク,名
[ɸu̥⸢ka⸣muŋ],フカムン,他動
[⸣ɸu̥kajaː],フカヤー,名
[⸣ɸu̥kajadu],フカヤドゥ,名
[⸣-bukara],ブカラ,副助
[⸣-bukara],ブカラ,副助
[⸣-bukara],ブカラ,副助
[⸣-bukara],ブカラ,副助
[⸣-bukara],ブカラ,副助
[⸣-bukara],ブカラ,副助
[⸣-bukara],ブカラ,副助
[⸣-bukara],ブカラ,副助
[⸣-bukara],ブカラ,副助
[⸣-bukara],ブカラ,副助
[⸣-bukara],ブカラ,副助
[bu⸢gara⸣saŋ],ブガラサン,形
[bu⸢ga⸣ri],ブガリ,名
[bu⸢garinoː⸣ʃi],ブガリノーシ,名
[bu⸢gari⸣ruŋ],ブガリルン,自動
[bu⸢gari⸣waʣa],ブガリワザ,名
[bu⸢ga⸣ruŋ],ブガルン,自動
[ɸu̥⸢kaŋ⸣gai],フカンガイ,名
[ɸu̥⸢kaŋ⸣gi],フカンギ,名
[⸣ɸu̥kanta],フカンタ,名
[⸣ɸu̥ki],フキ,名
[⸣ɸu̥ki],フキ,名
[⸣ɸu̥ki],フキ,名
[ɸu̥⸢kiʔaː⸣ruŋ],フキアールン,自動
[ɸu̥⸢kigai],フキガイ,名
[ɸu̥⸢kigai⸣ʃi],フキガイシ,名
[ɸu̥⸢ki⸣gara],フキガラ,名
[⸣ɸu̥kikumuru],フキクムル,名
[ɸu̥⸢kiʣaː⸣ruŋ],フキザールン,自動
[ɸu̥⸢ki⸣ʤiː],フキジー,名
[ɸu̥⸢kiʤina],フキジナ,名
[⸣ɸu̥ki ⸣ssuŋ],フキッスン,連
[ɸu̥⸢kitʦaː⸣suŋ],フキッツァースン,自動
[ɸu̥⸢kina⸣kuŋ],フキナクン,自動
[ɸu̥⸢ki⸣juː],フキユー,名
[⸣ɸu̥ki ⸢juːŋ],フキユーン,連
[ɸu̥⸢ki⸣ruŋ],フキルン,自動
[ɸu̥⸢kiruŋ],フキルン,自動
[ɸu̥⸢kiruŋ],フキルン,自動
[ɸu⸢giruŋ],フギルン,自動
[⸣ɸu̥kiŋ],フキン,名
[ɸu̥⸢kiŋgu⸣ʧi],フキングチ,名
[ɸu̥⸢kiʔnʤi⸣munu],フキンジムヌ,名
[ɸu⸢kin⸣nuɸu̥ki],フキンヌフキ,名
[⸣ɸu̥ku],フク,名
[⸣ɸu̥ku],フク,名
[⸣ɸu̥ku],フク,名
[bu⸢kuː],ブクー,名
[ɸu̥⸢kui],フクイ,名
[ɸu̥⸢kuikaʣa],フクイカザ,名
[ɸu̥⸢kuikiː],フクイキー,名
[ɸu̥⸢kuikiː],フクイキー,名
[ɸu̥⸢kukaːraki],フクカーラキ,名
[ɸu̥⸢kukiː],フクキー,名
[ɸu̥⸢ku⸣sa],フクサ,名
[ɸu̥⸢ku⸣ʤi],フクジ,名
[ɸu̥⸢ku⸣ʤiʃi̥ti],フクジシティ,名
[ɸu̥⸢ku⸣ʤipiː],フクジピー,名
[ɸu̥⸢ku⸣ʤiŋ],フクジン,名
[ɸu̥⸢ku⸣daː],フクダー,名
[ɸu̥⸢kuna],フクナ,名
[ɸu̥⸢ku⸣numaki],フクヌマキ,名
[ɸu̥⸢ku⸣bi],フクビ,名
[⸣bukubukuː],ブクブクー,副
[⸣bukubukuː],ブクブクー,副
[ɸu̥⸢kuma⸣suŋ],フクマスン,他動
[⸣ɸu̥kumami],フクマミ,名
[ɸu̥⸢ku⸣mareː],フクマレー,名
[ɸu̥⸢ku⸣muŋ],フクムン,他動
[ɸu̥⸢ku⸣muŋ],フクムン,他動
[ɸu̥⸢ku⸣ra],フクラ,名
[ɸu̥⸢kura⸣sa],フクラサ,名
[ɸu̥⸢kuraʃikuː],フクラシクー,名
[ɸu̥⸢kurasuŋ],フクラスン,他動
[ɸu̥⸢kurasuŋ],フクラスン,他動
[ɸu̥⸢kura⸣beː],フクラベー,名
[ɸu̥⸢kura⸣beː],フクラベー,名
[ɸu̥⸢kuramasuŋ],フクラマスン,他動
[ɸu̥⸢kuramuŋ],フクラムン,自動
[ɸu̥⸢ku⸣ri],フクリ,名
[ɸu̥⸢kuri],フクリ,接尾
[ɸu̥⸢kuriruŋ],フクリルン,自動
[ɸu̥⸢ku⸣ru],フクル,名
[ɸu̥⸢kuru⸣ʔaŋ],フクルアン,名
[ɸu̥⸢kurukaʣa],フクルカザ,名
[ɸu̥⸢kuruku⸣ʤuː],フクルクジュー,名
[ɸu̥⸢kuru⸣sudi],フクルスディ,名
[ɸu̥⸢kuru⸣puː],フクルプー,名
[ɸu̥⸢kuruŋ],フクルン,自動
[ɸu̥⸢kuroːɸukuroː⸣ʃi],フクローフクローシ,副
[ɸu̥⸢kuroːɸukuroː⸣ʃi],フクローフクローシ,副
[ɸu̥⸢kuroː⸣ŋ],フクローン,形
[ɸu̥⸢kuŋ],フクン,名
[ɸu⸢kuŋ],フクン,自動
[ɸu̥⸢kuŋ],フクン,自動
[ɸu̥⸢kuŋ],フクン,自動
[ɸu̥⸢kuŋ],フクン,自動
[ɸu̥⸢kuŋ],フクン,他動
[⸣ɸu̥kuŋ],フクン,自動
[⸣ɸu̥kuŋ],フクン,自動
[⸣ɸu̥kuŋ],フクン,自動
[⸣ɸu̥kuŋ],フクン,自動
[⸣ɸu̥kuŋ],フクン,自動
[⸣ɸu̥kuŋ],フクン,自動
[ɸu⸢guŋ],フグン,自動
[ɸu̥⸢kun⸣doː],フクンドー,名
[ɸu̥⸢kuɲjama],フクンヤマ,名
[ɸu̥⸢koː],フコー,名
[ɸu⸢goː],フゴー,名
[ɸu̥⸢koːrasa],フコーラサ,名
[ɸu̥⸢koːrasa],フコーラサ,感
[ɸu̥⸢koːrasaː⸣ŋ],フコーラサーン,形
[ɸu̥⸢koːrasa suŋ],フコーラサスン,連
[ɸu̥⸢koː⸣ŋ],フコーン,形
[ɸu̥⸢koː⸣ŋ],フコーン,形
[⸣buʣa],ブザ,名
[⸣buʣa],ブザ,名
[bu⸢saː],ブサー,名
[bu⸢saːbuni],ブサーブニ,名
[bu⸢saː⸣ra],ブサーラ,名
[bu⸢saː⸣raʔiʣu],ブサーライズ,名
[bu⸢saː⸣rakiː],ブサーラキー,名
[bu⸢saː⸣rapu̥su],ブサーラプス,名
[⸣pusaːru ⸣munu],プサールムヌ,連
[pu̥⸢saimunu],プサイムヌ,名
[pu̥⸢sauŋ],プサウン,他動
[bu⸢ʣakaː⸣teː],ブザカーテー,名
[ɸu̥⸢sa⸣ki],フサキ,名
[ɸu̥⸢saki⸣nuː],フサキヌー,名
[ɸu̥⸢saku],フサク,名
[bu⸢ʣa⸣sa],ブザサ,名
[bu⸢ʣa⸣saʔuja],ブザサウヤ,名
[⸣pu̥sa ⸢suŋ],プサスン,連
[pu̥⸢sak⸣kjaː],プサッキャー,名
[⸣buʣama],ブザマ,名
[⸣buʣama],ブザマ,名
[⸣pu̥saŋ],プサン,形
[⸣pu̥saŋ],プサン,助動
[ɸu̥⸢ʃi],フシ,名
[ɸu̥⸢ʃi],フシ,名
[⸣buʃi],ブシ,名
[⸣buʃi],ブシ,名
[⸣buʃi],ブシ,名
[⸣buʃi],ブシ,名
[bu⸢ʃi],ブシ,名
[⸣pu̥ʃi],プシ,名
[⸣pu̥ʃi],プシ,名
[pu̥⸢ʃi⸣ʔiga],プシイガ,名
[pu̥⸢ʃi⸣ʔiʣu],プシイズ,名
[⸢ɸusi̥ka],フシゥカ,名
[⸢ɸusi̥⸣karuŋ],フシゥカルン,自動
[pu̥⸢ʃi⸣ʔuŋ],プシウン,名
[ɸu̥⸢ʃigara⸣nu],フシガラヌ,連
[⸢ɸuʃi̥ki],フシキ,名
[⸢ɸuʃi̥ki],フシキ,名
[⸢ɸuʃi̥ki],フシキ,名
[ɸu̥⸢ʃi⸣gu],フシグン,他動
[ɸuʃi̥⸢keː⸣ma],フシケーマ,名
[⸣pu̥ʃisukurai],プシスクライ,名
[⸣buʃisu̥kuri],ブシスクリ,名
[pu̥⸢ʃi⸣taku],プシタク,名
[ɸu⸢ʤikkumiruŋ],フジックミルン,他動
[ɸu⸢ʤikkumiruŋ],フジックミルン,他動
[ɸu⸢ʤikkumuŋ],フジックムン,他動
[ɸu⸢ʤikkumuŋ],フジックムン,他動
[ɸu⸢ʤik⸣kuruŋ],フジックルン,他動
[⸢buʃi̥⸣tui],ブシトゥイ,名
[ɸu̥⸢ʃi⸣ turuŋ],フシトゥルン,連
[ɸu⸢ʤinakuŋ],フジナクン,他動
[ɸu̥⸢ʃi⸣ nu⸢kuŋ],フシヌクン,連
[pu⸢ʃi⸣nu ⸣ʃiru],プシヌシル,連
[bu⸢ʃinu⸣jaː],ブシヌヤー,名
[pu̥⸢ʃi⸣nu ⸢juː⸣beː],プシヌユーベー,連
[pu̥⸢ʃi⸣nu ju⸢daru],プシヌユダル,連
[pu̥⸢ʃi⸣biri],プシビリ,名
[⸣buʃibuttaː],ブシブッター,名
[ɸu̥⸢ʃi⸣ma],フシマ,名
[ɸu̥⸢ʃi⸣magarasaː],フシマガラサー,名
[ɸu̥⸢ʃimaʧi],フシマチ,名
[ɸu̥⸢ʃi⸣majaː],フシマヤー,名
[ɸu⸢ʤimareː],フジマレー,名
[ɸu⸢ʤimareːpaka],フジマレーパカ,名
[pu̥⸢ʃi⸣munu],プシムヌ,名
[ɸu⸢ʤi⸣rikaʤiri],フジリカジリ,副
[ɸu⸢ʤi⸣ruŋ],フジルン,他動
[ɸu⸢ʤi⸣ruŋ],フジルン,他動
[ɸu⸢ʤi⸣ruŋ],フジルン,他動
[ɸu⸢ʤi⸣ruŋ],フジルン,自動
[ɸu⸢ʤi⸣ruŋ],フジルン,自動
[pu̥⸢su],プス,名
[pu̥⸢su],プス,名
[⸣pu̥sui],プスイ,名
[⸣pu̥sui ʔu⸢ʧimaː⸣ʃi],プスイウチマーシ,連
[⸣pusuipiːʣu],プスイピーズ,名
[pu̥⸢sui⸣ra],プスイラ,名
[pu̥⸢suʔubai suŋ],プスウバイスン,連
[pu̥⸢su⸣ ʔu⸢bauŋ],プスウバウン,連
[pu̥⸢su⸣kabu],プスカブ,名
[ɸu̥⸢suku],フスク,名
[pu̥⸢su⸣kui],プスクイ,名
[pu̥⸢su⸣kui],プスクイ,名
[pu̥⸢sukuku⸣ru],プスククル,名
[pu̥⸢su⸣ku̥tu],プスクトゥ,名
[pu̥⸢sugutu],プスグトゥ,名
[pu̥⸢sugutu],プスグトゥ,名
[pu̥⸢sukutu⸣ba],プスクトゥバ,名
[pu̥⸢sukuraʃimunu],プスクラシムヌ,名
[pu̥⸢sukuraʃimunu],プスクラシムヌ,名
[⸢ɸusu̥kuri⸣ruŋ],フスクリルン,自動
[⸢ɸusu̥kuru],フスクル,名
[⸢ɸusu̥kurudiː],フスクルディー,名
[⸢ɸusukuruŋ],フスクルン,自動
[⸢ɸusu̥⸣kuŋ],フスクン,名
[⸢ɸusu̥⸣kuŋ],フスクン,名
[pu̥⸢sukeː⸣ra],プスケーラ,名
[pu̥⸢su⸣keŋ],プスケン,名
[pu̥⸢su⸣kennaː],プスケンナー,副
[pu̥⸢suken⸣naː],プスケンナー,副
[pu̥⸢suken⸣naː],プスケンナー,副
[pu̥⸢su⸣saː],プスサー,名
[pu̥⸢su⸣ʣaː],プスザー,名
[pu̥⸢suʣai],プスザイ,名
[pu̥⸢susaki],プスサキ,名
[pu̥⸢susani⸣jaŋ],プスサニヤン,形
[pu̥⸢su⸣sabaŋ],プスサバン,名
[pu̥⸢susama⸣ru],プスサマル,名
[pu̥⸢su⸣sï̥ka],プスシゥカ,名
[pu̥⸢susï̥kai],プスシゥカイ,名
[pu̥⸢su⸣sï̥kaŋ],プスシゥカン,名
[pu̥⸢suʃikiŋgoː⸣ʃi],プスシキンゴーシ,名
[pu̥⸢suʃigu⸣tu],プスシグトゥ,名
[pu̥⸢su⸣ʃiʤi],プスシジ,名
[pu̥⸢su⸣ʃiʤi],プスシジ,名
[pu̥⸢suʃi̥ta⸣daru],プスシタダル,名
[pu̥⸢su⸣ʃina],プスシナ,名
[pu̥⸢suʃi⸣pu̥su],プスシプス,名
[pu̥⸢suʃiru],プスシル,名
[pu̥⸢su⸣ʃiru],プスシル,名
[pu̥⸢susoːŋ],プスソーン,名
[pu̥⸢sutaki],プスタキ,名
[pu̥⸢sudani],プスダニ,名
[pu̥⸢sutaniŋ],プスタニン,名
[pu̥⸢su⸣taba],プスタバ,名
[pu̥⸢sutaba⸣ru],プスタバル,名
[pu̥⸢sutabu⸣ru],プスタブル,名
[pu̥⸢sudamaʃimunu],プスダマシムヌ,名
[pu̥⸢sudami],プスダミ,名
[pu̥⸢sutarugaki],プスタルガキ,名
[pu̥⸢suk⸣kara],プスッカラ,名
[pu̥⸢suk⸣ku],プスック,名
[pu̥⸢suk⸣kubi],プスックビ,名
[pu̥⸢suk⸣kumi],プスックミ,名
[pu̥⸢suʃʃiʔui⸣bi],プスッシウイビ,名
[pu̥⸢su⸣ssuŋ],プスッスン,名
[pu̥⸢sut⸣ʦaː],プスッツァー,名
[pu̥⸢suffaiʤima],プスッふァイジマ,名
[pu̥⸢suffaipusu],プスッふァイプス,名
[pu̥⸢suffaimuni],プスッふァイムニ,名
[pu̥⸢suffaimunu],プスッふァイムヌ,名
[pu̥⸢su ffuŋ],プスッふン,連
[pu̥⸢su⸣tiː],プスティー,名
[pu̥⸢su⸣tiː],プスティー,名
[pu̥⸢sutiː],プスティー,名
[pu̥⸢sutuː⸣ru],プストゥール,名
[pu̥⸢su⸣tuki],プストゥキ,名
[pu̥⸢su⸣tu̥ʃi],プストゥシ,名
[pu̥⸢su⸣tu̥ʃi],プストゥシ,名
[pu̥⸢su⸣toŋ],プストン,名
[pu̥⸢sunami],プスナミ,名
[pu̥⸢sunarai],プスナライ,名
[pu̥⸢sunaŋ⸣ka],プスナンカ,名
[pu̥⸢su⸣niː],プスニー,名
[pu̥⸢su⸣nibi],プスニビ,名
[pu̥⸢suniŋgiŋ],プスニンギン,名
[pu̥⸢suniŋ⸣giŋ],プスニンギン,名
[pu̥⸢sunu⸣ kḁ⸢taʧi],プスヌカタチ,連
[pu̥⸢su⸣nuki],プスヌキ,名
[pu̥⸢sunuʃi̥turu],プスヌシトゥル,名
[pu̥⸢sunu⸣ ʃima],プスヌシマ,連
[pu̥⸢sunu⸣ ta⸢ma⸣ʃi],プスヌタマシ,連
[pu̥⸢sunu⸣ baʧi],プスヌバチ,連
[pu̥⸢su⸣paː],プスパー,名
[pu̥⸢su⸣paː],プスパー,名
[pu̥⸢su⸣paː],プスパー,名
[pu̥⸢subaː⸣ki],プスバーキ,名
[pu̥⸢subaka⸣jaŋ],プスバカヤン,形
[pu̥⸢supakari⸣muʃi],プスパカリムシ,名
[pu̥⸢supaʤi],プスパジ,名
[pu̥⸢su⸣bata],プスバタ,名
[pu̥⸢supada],プスパダ,名
[pu̥⸢su⸣pada],プスパダ,名
[pu̥⸢su⸣pana],プスパナ,名
[pu̥⸢subaraːʃimunu],プスバラーシムヌ,名
[pu̥⸢subaraimunu],プスバライムヌ,名
[pu̥⸢subiː],プスビー,名
[pu̥⸢su⸣pi̥sa],プスピサ,名
[pu̥⸢supirai],プスピライ,名
[pu̥⸢su⸣ɸu̥ki],プスフキ,名
[pu̥⸢su⸣ɸu̥ki],プスフキ,名
[pu̥⸢suɸuki⸣ruŋ],プスフキルン,自動
[pu̥⸢su⸣ɸu̥kuŋ],プスフクン,名
[pu̥⸢su⸣ɸu̥ʃi],プスフシ,名
[pu̥⸢su⸣buʃi],プスブシ,名
[pu̥⸢su⸣buʃi],プスブシ,名
[pu̥⸢su⸣buʃi],プスブシ,名
[pu̥⸢su⸣ɸu̥ʧi],プスフチ,名
[pu̥⸢su⸣buri],プスブリ,名
[pu̥⸢suma],プスマ,名
[pu̥⸢suma],プスマ,名
[pu̥⸢sumaː],プスマー,名
[pu̥⸢sumaːraʃijaː],プスマーラシヤー,名
[pu̥⸢sumaː⸣ru],プスマール,名
[pu̥⸢sumaː⸣ru],プスマール,名
[pu̥⸢suma⸣ʔatu],プスマアトゥ,名
[pu̥⸢sumai],プスマイ,名
[pu̥⸢sumaʔuʧi],プスマウチ,名
[pu̥⸢sumaka⸣ru],プスマカル,名
[pu̥⸢su⸣maki],プスマキ,名
[pu̥⸢su masaː⸣ŋ],プスマサーン,連
[pu̥⸢sumasaru],プスマサル,名
[pu̥⸢su⸣maʃi],プスマシ,名
[pu̥⸢sumaʤibuŋ],プスマジブン,名
[pu̥⸢sumaʧigai],プスマチガイ,名
[pu̥⸢sumati],プスマティ,名
[pu̥⸢su⸣madu],プスマドゥ,名
[pu̥⸢sumanibi],プスマニビ,名
[pu̥⸢sumamunu],プスマムヌ,名
[pu̥⸢sumajuːkui],プスマユークイ,名
[pu̥⸢sumara⸣ki],プスマラキ,名
[pu̥⸢su⸣miː],プスミー,名
[pu̥⸢su⸣miː],プスミー,名
[pu̥⸢su miːs⸣suŋ],プスミーッスン,連
[pu̥⸢su⸣miʧi],プスミチ,名
[pu̥⸢sumui⸣saŋ],プスムイサン,形
[pu̥⸢su⸣muʃi],プスムシ,名
[pu̥⸢sumusu⸣bi],プスムスビ,名
[pu̥⸢su⸣mutu],プスムトゥ,名
[pu̥⸢sumudu⸣ʃi],プスムドゥシ,名
[pu̥⸢sumutu⸣maʧi],プスムトゥマチ,名
[pu̥⸢sumura⸣ʃi],プスムラシ,名
[pu̥⸢su⸣juː],プスユー,名
[pu̥⸢sujuː⸣kui],プスユークイ,名
[pu̥⸢su⸣juda],プスユダ,名
[pu̥⸢suju⸣nu ⸣saːtu],プスユヌサートゥ,連
[pu̥⸢su⸣ru],プスル,名
[pu̥⸢suru⸣daʧi],プスルダチ,名
[⸣pu̥suru ta⸢raːʃitaraːʃi],プスルタラーシタラーシ,連
[⸣pu̥suru ta⸢rugaki],プスルタルガキ,連
[pu̥⸢suru⸣ffa],プスルッふァ,名
[⸣pu̥suru ⸢tuŋkuituŋkui],プスルトゥンクイトゥンクイ,連
[pu⸢suru⸣naː],プスルナー,連
[pu̥⸢surubiɸu⸣naː],プスルビフナー,名
[pu̥⸢surumidu⸣naː],プスルミドゥナー,名
[pu̥⸢suru⸣munu],プスルムヌ,名
[⸣ɸuʣuŋ],フズン,他動
[⸣pu̥suŋ],プスン,他動
[⸣pu̥suŋ],プスン,他動
[⸣pu̥suŋ],プスン,他動
[pu̥⸢suŋgaːri],プスンガーリ,名
[pu̥⸢sun⸣toŋ],プスントン,名
[pu̥⸢suɲ⸣jaː],プスンヤー,名
[⸣puʣoː],プゾー,名
[ɸu̥⸢ta],フタ,名
[ɸu̥⸢ta],フタ,接頭
[ɸu̥⸢ta],フタ,接頭
[⸣ɸuda],フダ,名
[⸣ɸuda],フダ,名
[⸣ɸuda],フダ,名
[ɸu⸢da],フダ,名
[ɸu̥⸢taːʧi],フターチ,名
[ɸu̥⸢taːʧeː],フターチェー,名
[ɸu̥⸢taːʧeːffa],フターチェーッふァ,名
[ɸu̥⸢taːʧiʣuni],フターチズニ,名
[ɸu̥⸢taːʧiɸuni],フターチフニ,名
[ɸu̥⸢taːʧimaki],フターチマキ,名
[ɸu̥⸢taːru],フタール,名
[ɸu̥⸢taːrunu⸣ ʔuja],フタールヌウヤ,連
[ɸu̥⸢taːrumiʦaːru],フタールミツァール,名
[ɸu̥⸢tai],フタイ,名
[ɸu̥⸢taiʦakakaŋ],フタイツァカカン,名
[ɸu̥⸢ta⸣ʔibi],フタイビ,名
[ɸu̥⸢taijaː⸣ma],フタイヤーマ,名
[ɸu⸢dairi],フダイリ,名
[ɸu⸢da⸣ ʔi⸢ruŋ],フダイルン,連
[ɸu̥⸢taʔuʃi̥⸣ki],フタウシキ,名
[ɸu̥⸢taʔuja],フタウヤ,名
[ɸu̥⸢takasabi],フタカサビ,名
[ɸu̥⸢ta⸣ki̥ʃikiŋ],フタキシキン,名
[ɸu̥⸢taki⸣na],フタキナ,副
[ɸu̥⸢takimu],フタキム,名
[ɸu̥⸢tagukuru],フタグクル,名
[ɸu̥⸢take⸣na],フタケナ,副
[ɸu̥⸢tasabaŋ],フタサバン,名
[ɸu̥⸢ta⸣sï̥kai],フタシゥカイ,名
[ɸu̥⸢ta⸣sï̥kai],フタシゥカイ,名
[ɸu̥⸢taʃiʤi],フタシジ,名
[bu⸢dakkaruŋ],ブダッカルン,自動
[ɸu̥⸢tatʧiŋ],フタッチン,名
[ɸu⸢datʦumeː],フダッツメー,名
[ɸu⸢datʦumeː],フダッツメー,名
[ɸu̥⸢tatiː],フタティー,名
[ɸu̥⸢tatiː],フタティー,名
[ɸu̥⸢tadiru],フタディル,名
[ɸu̥⸢tatuʃi],フタトゥシ,名
[ɸu̥⸢tanaira],フタナイラ,副
[ɸu̥⸢tanaka],フタナカ,名
[ɸu̥⸢tanaka],フタナカ,名
[ɸu̥⸢tanaŋka],フタナンカ,名
[ɸu̥⸢taniba⸣ʃi],フタニバシ,名
[ɸu̥⸢tanibi],フタニビ,名
[ɸu̥⸢ta⸣nibi],フタニビ,名
[⸣ɸudaniŋ],フダニン,名
[ɸu̥⸢tanu naː⸣n ⸢ʤim⸣paku],フタヌナーンジンパク,連
[ɸu̥⸢tabaːki],フタバーキ,名
[ɸu̥⸢tabaki],フタバキ,名
[ɸu̥⸢tabari],フタバリ,名
[ɸu̥⸢ta⸣pari],フタパリ,名
[ɸu̥⸢tapaŋ],フタパン,名
[ɸu̥⸢tapi̥sajaː],フタピサヤー,名
[ɸu̥⸢taçiru],フタヒル,名
[ɸu̥⸢tamata],フタマタ,名
[ɸu̥⸢tamata],フタマタ,名
[ɸu̥⸢tamata⸣ kḁ⸢ki⸣ruŋ],フタマタカキルン,連
[ɸu̥⸢tamata⸣ kḁ⸢ki⸣ruŋ],フタマタカキルン,連
[ɸu̥tamatamiʧi],フタマタミチ,名
[ɸu⸢damari],フダマリ,名
[ɸu⸢damaruŋ],フダマルン,自動
[ɸu̥⸢tamiː],フタミー,名
[ɸu̥⸢tamuʃi],フタムシ,名
[ɸu̥⸢tamuti],フタムティ,名
[ɸu̥⸢ta⸣muni],フタムニ,名
[⸣ɸudajuri],フダユリ,名
[ɸu⸢da⸣ru],フダル,名
[ɸu⸢daroː⸣ma],フダローマ,名
[bu⸢taŋ],ブタン,名
[⸣ɸu̥ʧi],フチ,名
[ɸu̥⸢ʧi],フチ,名
[ɸu̥⸢ʧi],フチ,名
[ɸu̥⸢ʧi],フチ,名
[ɸu̥⸢ʧi],フチ,名
[ɸu̥⸢ʧi],フチ,名
[ɸu̥⸢ʧi],フチ,名
[⸣ɸu̥ʧi],フチ,名
[⸣ɸu̥ʧi],フチ,名
[ɸu̥⸢ʧi ʔaː⸣suŋ],フチアースン,連
[ɸu̥⸢ʧiʔaːra⸣suŋ],フチアーラスン,連
[ɸu̥⸢ʧi⸣ ʔa⸢kiruŋ],フチアキルン,連
[ɸu̥⸢ʧi⸣ ʔa⸢kiruŋ],フチアキルン,連
[ɸu̥⸢ʧi⸣ ʔa⸢kuŋ],フチアクン,連
[ɸu̥⸢ʧiʔataru],フチアタル,名
[ɸu̥⸢ʧiʔataru],フチアタル,名
[ɸu̥⸢ʧiʔikaraː⸣ŋ],フチイカラーン,形
[ɸu̥⸢ʧiʔiri],フチイリ,名
[ɸu̥⸢ʧi⸣ ʔu⸢ki⸣ruŋ],フチウキルン,連
[ɸu̥⸢ʧi⸣ ʔukuŋ],フチウクン,連
[ɸu̥⸢ʧi⸣ ʔu⸢suːŋ],フチウスーン,連
[ɸu̥⸢ʧiʔutai],フチウタイ,名
[ɸu̥⸢ʧeː ʔui⸣nari],フチェーウイナリ,連
[ɸu̥⸢ʧeːra⸣ ʃi⸢daki⸣ ma⸢ri],フチェーラシダキマリ,連
[ɸu̥⸢ʧigaːru],フチガール,名
[ɸu̥ʧigaiʃi],フチガイシ,名
[ɸu̥⸢ʧikakaː],フチカカー,名
[ɸu̥⸢ʧikakimunu],フチカキムヌ,名
[ɸu̥⸢ʧikaʣa],フチカザ,名
[ɸu̥⸢ʧigaʣa],フチガザ,名
[ɸu̥⸢ʧikasama⸣saŋ],フチカサマサン,形
[ɸu̥⸢ʧikaʣaru],フチカザル,名
[ɸu̥⸢ʧikaʤi],フチカジ,名
[ɸu̥⸢ʧi⸣ kḁ⸢taː⸣ŋ],フチカターン,連
[ɸu̥⸢ʧi⸣ kḁ⸢tamiruŋ],フチカタミルン,連
[ɸu̥⸢ʧikanai⸣munu],フチカナイムヌ,名
[ɸu̥⸢ʧi⸣ kanauŋ],フチカナウン,連
[ɸu̥⸢ʧi⸣ kanauŋ],フチカナウン,連
[ɸu̥⸢ʧikaroː⸣ŋ],フチカローン,形
[ɸu̥⸢ʧikansuru],フチカンスル,名
[ɸu̥⸢ʧigirai],フチギライ,名
[ɸu̥⸢ʧiguʃi],フチグシ,名
[ɸu̥⸢ʧiguf⸣faŋ],フチグッふァン,形
[ɸu̥⸢ʧikubaː⸣ŋ],フチクバーン,形
[ɸu̥⸢ikubari⸣muni],フチクバリムニ,名
[ɸu̥⸢ʧi⸣ ku⸢ba⸣ruŋ],フチクバルン,連
[ɸu̥⸢ʧikuba⸣reː],フチクバレー,名
[bu⸢ʧi⸣kuŋ],ブチクン,名
[ɸu̥⸢ʧi koː⸣ruŋ],フチコールン,連
[ɸu̥⸢ʧi koi⸣ruŋ],フチコイルン,連
[ɸu̥⸢ʧiʣai],フチザイ,名
[ɸu̥⸢ʧisaki],フチサキ,名
[ɸu̥⸢ʧiʣaʃi],フチザシ,名
[ɸu̥⸢ʧisaraː⸣ŋ],フチサラーン,形
[ɸu̥⸢ʧiʣarai],フチザライ,名
[ɸu̥⸢ʧisaŋʃiŋ],フチサンシン,名
[ɸu⸢ʧi⸣ʃi ⸣duː ⸣mutuŋ],フチシドゥームトゥン,連
[ʧu̥⸢ʧi⸣ ʃi⸢biruŋ],フチシビルン,連
[ɸu̥⸢ʧiʤiru],フチジル,名
[ɸu̥⸢ʧiʤiru⸣ ki̥⸢ʃi⸣ruŋ],フチジルキシルン,連
[ɸu̥⸢ʧiʤiru⸣ ki̥⸢ʃi⸣ruŋ],フチジルキシルン,連
[ɸu̥⸢ʧi suːru⸣ŋ],フチスールン,連
[ɸu̥⸢ʧiʣuː⸣waŋ],フチズーワン,形
[ɸu̥⸢ʧisu̥ku⸣rai],フチスクライ,名
[ɸu̥⸢ʧisubuː],フチスブー,名
[ɸu̥⸢ʧisuboː⸣ŋ],フチスボーン,形
[ɸu̥⸢ʧi⸣ tḁ⸢tak⸣kuŋ],フチタタックン,連
[ɸu̥⸢ʧidari],フチダリ,名
[ɸu̥⸢ʧikkunaː],フチックナー,名
[ɸu̥⸢ʧi⸣ s⸢saːruŋ],フチッサールン,連
[ɸu̥⸢ʧi⸣ s⸢saː⸣ŋ],フチッサーン,連
[ɸu̥⸢ʧi⸣ s⸢sauŋ],フチッサウン,連
[ɸu̥⸢ʧissari⸣kaʣa],フチッサリカザ,名
[ɸu̥⸢ʧi⸣ turuŋ],フチトゥルン,連
[ɸu̥⸢ʧinai],フチナイ,名
[ɸu̥⸢ʧinaʃiʔiʣu],フチナシイズ,名
[ɸu̥⸢ʧi niːbaŋ],フチニーバン,連
[ɸu̥⸢ʧi niːbaŋ],フチニーバン,連
[ɸu̥⸢ʧiniʧi],フチニチ,名
[ɸu̥⸢ʧinu⸣ ʔa⸢kumama],フチヌアクママ,連
[ɸu̥⸢ʧi⸣ nui ⸣su̥kuŋ],フチヌイスクン,連
[ɸu̥⸢ʧi nuʃi̥⸣tuŋ],フチヌシトゥン,連
[ɸu̥⸢ʧi nuʃi̥⸣tuŋ],フチヌシトゥン,連
[ɸu̥⸢ʧinu⸣ʃiba],フチヌシバ,連
[ɸu̥⸢ʧi⸣nu ⸣paː],フチヌパー,連
[ɸu̥⸢ʧinu⸣ paʤeː ⸢naː⸣nu],フチヌパジェーナーヌ,連
[ɸu̥⸢ʧinu⸣ pḁ⸢ta],フチヌパタ,連
[ɸu̥⸢ʧinu⸣ pirai],フチヌピライ,連
[ɸu̥⸢ʧinu⸣ mai],フチヌマイ,連
[ɸu̥⸢ʧinu⸣ jamuŋkeŋ],フチヌヤムンケン,連
[ɸu̥⸢ʧinoːʃi⸣munu],フチノーシムヌ,名
[ɸu̥⸢ʧi noː⸣ruŋ],フチノールン,連
[ɸu̥⸢ʧi⸣pḁku],フチパク,名
[ɸu̥ʧibaʃi],フチバシ,名
[ɸu̥⸢ʧipaʤi],フチパジ,名
[ɸu̥⸢ʧi⸣ pḁ⸢takkaruŋ],フチパタッカルン,連
[ɸu̥⸢ʧi⸣ pḁ⸢takkaruŋ],フチパタッカルン,連
[⸣ɸu̥ʧipabu],フチパブ,名
[ɸu̥⸢ʧipajaː⸣ŋ],フチパヤーン,形
[ɸu̥⸢ʧibiː],フチビー,名
[ɸu̥⸢ʧipiː⸣waŋ],フチピーワン,形
[ɸu̥ʧibita],フチビタ,名
[ɸu̥⸢ʧi ɸuːŋ],フチフーン,連
[ɸu̥⸢ʧiɸui],フチフイ,名
[ɸu̥⸢ʧibuku],フチブク,名
[ɸu̥⸢ʧiɸu̥koː⸣ŋ],フチフコーン,形
[ɸu̥⸢ʧibuʃi],フチブシ,名
[ɸu̥⸢ʧi⸣ ɸu⸢rakkuŋ],フチフラックン,連
[ɸu̥⸢ʧi mai⸣jaŋ],フチマイヤン,連
[ɸu̥⸢ʧimaʧiru],フチマチル,名
[ɸu̥⸢ʧimaʧiru⸣ ʔu⸢ra⸣ʃi],フチマチルウラシ,連
[ɸu̥⸢ʧimari⸣kaʣa],フチマリカザ,名
[ɸu̥⸢ʧi⸣maruŋ],フチマルン,自動
[ɸu̥⸢ʧimiː⸣ʣaŋ],フチミーザン,形
[ɸu̥⸢ʧi⸣ mu⸢sarin⸣daː],フチムサリンダー,連
[ɸu̥⸢ʧi⸣muʧi],フチムチ,名
[ɸu̥⸢ʧi jaː⸣raːŋ],フチヤーラーン,連
[ɸu̥⸢ʧa⸣gi],フチャギ,名
[ɸu̥⸢ʧijakusuku],フチヤクスク,名
[ɸu̥⸢ʧijani⸣jaŋ],フチヤニヤン,形
[ɸu̥⸢ʧi⸣ ja⸢bi⸣ruŋ],フチヤビルン,連
[pu̥⸢ʧurupatara⸣ʃi],プチュルパタラシ,副
[ɸu̥⸢ʧi⸣ru],フチル,名
[ɸu̥⸢ʧi⸣ru ⸣su̥kuŋ],フチルスクン,連
[ɸu̥⸢ʧi⸣ru ⸣su̥kuŋ],フチルスクン,連
[ɸu̥⸢ʧi⸣ru ⸢suŋ],フチルスン,連
[ɸu̥⸢ʧiru⸣nu ⸣munu],フチルヌムヌ,連
[ɸu̥⸢ʧi⸣rujaː],フチルヤー,名
[ɸu̥⸢ʧiŋgaiʃi],フチンガイシ,名
[ɸu̥⸢ʧin saːra⸣nu],フチンサーラヌ,連
[ɸu̥⸢ʧiʔnʣa⸣ʃi],フチンザシ,名
[ɸu̥⸢ʧi⸣ ʔn⸢ʣa⸣suŋ],フチンザスン,連
[ɸu̥⸢ʧiʔnʣa⸣suŋ],フチンザスン,他動
[ɸu̥⸢ʧindataːru],フチンダタール,名
[ɸu̥⸢ʧiŋ⸣ f⸢faːriŋ],フチンッふァーリン,連
[ɸu̥⸢ʧindu ʔoːri],フチンドゥオーリ,連
[ɸu̥⸢ʦaː⸣ma],フツァーマ,名
[⸣bukkaː],ブッカー,名
[⸢ɸukkaː⸣suŋ],フッカースン,他動
[⸢ɸukkaː⸣suŋ],フッカースン,他動
[⸢ɸukkaisuŋ],フッカイスン,自動
[⸢bukkumiruŋ],ブックミルン,他動
[⸢bukkumuŋ],ブックムン,他動
[⸢puk⸣kuŋ],プックン,自動
[⸢ɸussaː⸣ruŋ],フッサールン,自動
[⸣buttaː],ブッター,名
[⸣-buttaː],ブッター,接尾
[⸢ɸut⸣ʧi f⸢fuŋ],フッチッふン,連
[⸢butʦu],ブッツ,名
[⸢ɸutʦa⸣suŋ],フッツァスン,他動
[⸢ɸutʦami⸣ruŋ],フッツァミルン,他動
[⸢ɸut⸣ʦamuŋ],フッツァムン,他動
[⸢ɸutʦoːrikatʦoːri],フッツォーリカッツォーリ,副
[⸢ɸutʦoːruŋ],フッツォールン,自動
[⸢butʦu⸣ ki̥⸢ʃi⸣pu̥su],ブッツキシプス,連
[⸢butʦunu buː],ブッツヌブー,連
[⸢ɸut⸣ʦuŋ],フッツン,他動
[⸢but⸣turu],ブットゥル,名
[⸣pu̥ʦurupatara],プツルパタラ,副
[ɸu⸢di],フディ,名
[ɸu⸢diki],フディキ,名
[ɸu⸢di⸣tati],フディタティ,名
[ɸu⸢dinu⸣ sï̥ka],フディヌシゥカ,連
[ɸu⸢doː⸣ʃi],フドーシ,名
[ɸu⸢du],フドゥ,名
[ɸu⸢du],フドゥ,名
[⸣ɸudu],フドゥ,副助
[⸣ɸudu],フドゥ,副助
[bu⸢tu],ブトゥ,名
[pu̥⸢tu⸣ki],プトゥキ,名
[pu⸢du⸣ki],プドゥキ,名
[pu̥⸢tuki⸣buni],プトゥキブニ,名
[pu̥⸢tuki⸣ruŋ],プトゥキルン,他動
[bu⸢du⸣ku],ブドゥク,名
[pu̥⸢tu⸣kuŋ],プトゥクン,他動
[pu̥⸢tukeː⸣ma],プトゥケーマ,名
[ɸu̥⸢tutʧi⸣ʔuŋ],フトゥッチウン,名
[ɸu̥⸢tut⸣ʧikaːʧi],フトゥッチカーチ,副
[ɸu̥⸢tutʧi⸣kiː],フトゥッチキー,名
[ɸu̥⸢tutʧi⸣paː],フトゥッチパー,名
[ɸu̥⸢tutʧi⸣paː],フトゥッチパー,名
[ɸu̥⸢tutʧi⸣ru],フトゥッチルン,自動
[ɸu̥⸢tutʦa⸣suŋ],フトゥッツァスン,他動
[ɸu̥⸢tut⸣ʦuŋ],フトゥッツン,自動
[ɸu̥⸢tut⸣ʦuŋ],フトゥッツン,自動
[ɸu̥⸢tut⸣ʦuŋ],フトゥッツン,自動
[ɸu⸢dubasuŋ],フドゥバスン,他動
[ɸu⸢dubiruŋ],フドゥビルン,自動
[butu⸢ɸugaʃimunu],ブトゥフガシムヌ,名
[bu⸢tu⸣ ɸu̥⸢gasuŋ],ブトゥフガスン,連
[ɸu̥⸢tuɸutu],フトゥフトゥ,副
[ɸu̥⸢tuɸutu],フトゥフトゥ,副
[ɸu⸢dubuŋ],フドゥブン,自動
[ɸu⸢du mai⸣jaŋ],フドゥマイヤン,連
[ɸu̥⸢tumasuŋ],フトゥマスン,他動
[ɸu̥⸢tumikaʣa],フトゥミカザ,名
[bu⸢tumuti⸣pu̥su],ブトゥムティプス,名
[ɸu̥⸢tumuŋ],フトゥムン,自動
[bu⸢duru],ブドゥル,名
[pu̥⸢tu⸣ru],プトゥル,名
[bu⸢durukjoŋgiŋ],ブドゥルキョンギン,名
[bu⸢durukiŋ],ブドゥルキン,名
[bu⸢duru ʃiːpana],ブドゥルシーパナ,連
[bu⸢duruʃiːpusu],ブドゥルシープス,名
[bu⸢duruʃi̥taɸu],ブドゥルシタフ,名
[bu⸢duruʃiŋka],ブドゥルシンカ,名
[bu⸢duru suŋ],ブドゥルスン,連
[bu⸢duruʣoːʤi],ブドゥルゾージ,名
[pu̥⸢turupatara⸣ʃi],プトゥルパタラシ,副
[bu⸢durujaː],ブドゥルヤー,名
[⸣ɸuduŋ],フドゥン,名
[ɸu̥⸢tut⸣ʦuŋ],フトッツン,自動
[ɸu̥⸢tut⸣ʦuŋ],フトッツン,自動
[bu⸢naːʤimanuː],ブナージマヌー,名
[ɸu⸢na⸣ʔaʃi̥],フナアシ,名
[ɸu⸢na⸣ʔaʃi̥],フナアシ,名
[⸣ɸunai],フナイ,名
[ɸu⸢nai⸣ruŋ],フナイルン,他動
[ɸu⸢na⸣ʔuki],フナウキ,名
[⸣ɸunauŋ],フナウン,他動
[ɸu⸢na⸣kaku],フナカク,名
[ɸu⸢nakaku⸣numeː],フナカクヌメー,名
[ɸu⸢na⸣kakuŋkeː],フナカクンケー,名
[ɸu⸢na⸣ku],フナク,名
[ɸu⸢na⸣kujaː],フナクヤー,名
[ɸu⸢naʣai⸣ku],フナザイク,名
[ɸu⸢naʃi̥ki⸣ba],フナシキバ,名
[bu⸢naʃi̥tiʔarai],ブナシティアライ,名
[bu⸢naʃi̥tuŋ],ブナシトゥン,他動
[bu⸢naʤimari],ブナジマリ,名
[ɸu⸢naʃiŋ⸣ka],フナシンカ,名
[ɸu⸢na⸣tabi],フナタビ,名
[ɸu⸢na⸣dama],フナダマ,名
[ɸu⸢na⸣ʧiŋ],フナチン,名
[ɸu⸢nanuː⸣ru],フナヌール,名
[ɸu⸢na⸣nuʃi],フナヌシ,名
[ɸu⸢na⸣baru],フナバル,名
[Fu⸢na⸣baruʔugaŋ],フナバルウガン,名
[ɸu⸢na⸣barupama],フナバルパマ,名
[ɸu⸢na⸣biŋ],フナビン,名
[ɸu⸢na⸣bu],フナブ,名
[ɸu⸢na⸣bukiː],フナブキー,名
[ɸu⸢na⸣bupairu],フナブパイル,名
[ɸu⸢na⸣mutu],フナムトゥ,名
[ɸu⸢na⸣jaː],フナヤー,名
[bu⸢naru],ブナル,名
[bu⸢narubikiru],ブナルビキル,名
[bu⸢naruŋgai],ブナルンガイ,名
[bu⸢naruŋgaŋ],ブナルンガン,名
[bu⸢na⸣reː],ブナレー,名
[⸣ɸuni],フニ,名
[⸣puni],プニ,名
[⸣puni ʔa⸢raː⸣ŋ],プニアラーン,連
[⸣puni ʣa⸢raraŋkeː⸣ri],プニザラランケーリ,連
[pu⸢nisu̥kuri⸣joː],プニスクリヨー,名
[pu⸢ni⸣tu ⸣kaː],プニトゥカー,連
[ɸu⸢ni⸣nu ⸣ʔaka],フニヌアカ,連
[ɸu⸢ni⸣nu ⸣juː],フニヌユー,連
[⸣ɸuni ⸢pauŋ],フニパウン,連
[⸣ɸuni ⸢maːsuŋ],フニマースン,連
[ɸu⸢ni⸣maʧi],フニマチ,名
[ɸu⸢ni⸣maʧi],フニマチ,名
[⸣ɸuni ⸣mutuŋ],フニムトゥン,連
[⸣puni ⸢jaː⸣raːŋ],プニヤーラーン,連
[ɸu⸢ninʤoː],フニンジョー,名
[bu⸢neː],ブネー,名
[bu⸢neːkata],ブネーカタ,名
[bu⸢neːʣuː],ブネーズー,名
[bu⸢neːnu⸣ʔuja],ブネーヌウヤ,名
[bu⸢neː⸣ bi⸢keː],ブネービケー,連
[ɸu⸢noː⸣ra],フノーラ,名
[ɸu⸢noː⸣ru],フノール,名
[bu⸢baː],ブバー,名
[bu⸢baː⸣ma],ブバーマ,名
[bu⸢bamaŋ⸣gaŋ],ブバマンガン,名
[ɸu⸢barariŋ],フバラリン,自動
[ɸu⸢bariɸuʧi],フバリフチ,名
[ɸu⸢baruŋ],フバルン,他動
[ɸu⸢bi],フビ,名
[ɸu⸢bi],フビ,名
[ɸu⸢bi],フビ,名
[ɸu⸢biʃiʤi],フビシジ,名
[ɸu⸢bi⸣ suruŋ],フビスルン,連
[ɸu⸢bidari],フビダリ,名
[ɸu⸢bi⸣ taruŋ],フビタルン,連
[ɸu⸢bi⸣ taruŋ],フビタルン,連
[ɸu⸢bi⸣ buruŋ],フビブルン,連
[ɸu⸢bi⸣ buruŋ],フビブルン,連
[⸣ɸubirikabiri],フビリカビリ,副
[ɸu⸢birimari],フビリマリ,名
[ɸu⸢biruŋ],フビルン,自動
[ɸu⸢mikasuŋ],フミカスン,他動
[ɸu⸢midai],フミダイ,名
[ɸu⸢mi⸣ɸu̥ʧi],フミフチ,名
[ɸu⸢mi⸣ɸu̥ʧi],フミフチ,名
[ɸu⸢mimaraba⸣suŋ],フミマラバスン,他動
[ɸu⸢mi⸣munu],フミムヌ,名
[ɸu⸢mimunu],フミムヌ,名
[ɸu⸢mi⸣ruŋ],フミルン,他動
[⸣ɸumuŋ],フムン,他動
[ɸu⸢muŋ],フムン,他動
[ɸu⸢muŋ],フムン,他動
[ɸu⸢muŋ],フムン,他動
[⸣ɸumuŋ],フムン,他動
[ɸu⸢ja],フヤ,名
[⸣ɸujaː],フヤー,名
[ɸujaː⸢suŋ],フヤースン,自動
[ɸu⸢ju],フユ,名
[⸣ɸujuː],フユー,名
[⸣ɸujuː sï̥⸢kaŋ⸣kabuŋ],フユーシゥカンカブン,連
[ɸu⸢juː⸣na ⸣munu],フユーナムヌ,連
[ɸu⸢juɸkiŋ],フユキン,名
[ɸu⸢ju⸣niŋ],フユニン,名
[ɸu⸢ju⸣munu],フユムヌ,名
[ɸu⸢joː⸣ʣoː],フヨーゾー,名
[ɸu⸢joː⸣ŋ],フヨーン,形
[⸣bura],ブラ,名
[⸣bura],ブラ,名
[ɸu⸢raː],フラー,名
[buraː],ブラー,連
[bu⸢raː⸣ma],ブラーマ,名
[bu⸢raʔiʣu],ブライズ,名
[⸣buraituri],ブライトゥリ,名
[pu⸢ra⸣gu],プラグ,名
[bu⸢rakuʣoːkai],ブラクゾーカイ,名
[bu⸢raʃi̥ki⸣munu],ブラシキムヌ,名
[ɸu⸢rakkuŋ],フラックン,自動・他動
[pu⸢rakkuŋ],プラックン,自動
[pu⸢rakkuŋ],プラックン,他動
[⸣burassaːku],ブラッサーク,名
[ɸu⸢rabiruŋ],フラビルン,他動
[⸣ɸuraɸu̥kaː],フラフカー,名
[ɸu⸢raɸu̥ki⸣munu],フラフキムヌ,名
[⸣ɸura ⸣ɸu̥kuŋ],フラフクン,連
[ɸu⸢raɸuraː suŋ],フラフラースン,連
[ɸu⸢rabuŋ],フラブン,他動
[⸣burajakkoŋ],ブラヤッコン,名
[bu⸢ri],ブリ,名
[⸢-buri],ブリ,接尾
[⸣buriː],ブリー,名
[pu⸢riːpuri⸣ʃi],プリープリシ,副
[pu⸢riʔasabi],プリアサビ,名
[pu⸢ri⸣ʔuŋ],プリウン,名
[bu⸢ri⸣ kuːŋ],ブリクーン,連
[pu⸢risaki],プリサキ,名
[pu⸢risï̥kara],プリシゥカラ,名
[bu⸢riʣuː],ブリズー,名
[pu⸢risu̥kurai],プリスクライ,名
[bu⸢ri⸣ su̥⸢ku⸣ruŋ],ブリスクルン,連
[pu⸢ritakuma],プリタクマ,名
[bu⸢rikkaː⸣suŋ],ブリッカースン,他動
[bu⸢rikkaː⸣muŋ],ブリッカームン,他動
[bu⸢rikkaisuŋ],ブリッカイスン,自動
[pu⸢rissai],プリッサイ,名
[ブ⸢リテｲ],ブリティ,連
[bu⸢ripadara],ブリパダラ,名
[pu⸢ripantari],プリパンタリ,名
[bu⸢ribuʃi],ブリブシ,名
[bu⸢ri⸣ɸuʧi],ブリフチ,名
[ɸu⸢rimaːsuŋ],フリマースン,他動
[pu⸢rimaːbi],プリマービ,名
[bu⸢ri⸣miː],ブリミー,名
[pu⸢rimuni],プリムニ,名
[pu⸢rimunu],プリムヌ,名
[pu⸢ri⸣munu],プリムヌ,名
[bu⸢ri⸣ruŋ],ブリルン,自動
[pu⸢riruŋ],プリルン,自動
[pu⸢riruŋ],プリルン,自動
[pu⸢riwaʣa],プリワザ,名
[bu⸢riʔmma],ブリンマ,名
[ɸu⸢ru],フル,名
[ɸu⸢ru],フル,名
[ɸu⸢ru],フル,名
[ɸu⸢ru⸣ʣa],フルザ,名
[ɸu⸢ru⸣ʃi̥ki],フルシキ,名
[ɸu⸢ru⸣ʃi̥keː],フルシケー,名
[ɸu⸢ru⸣ʃi̥keːssuŋ],フルシケーッスン,名
[ɸu⸢ruʃi̥tikaː⸣ʃi̥ti],フルシティカーシティ,副
[ɸu⸢ruʃi̥tiruŋ],フルシティルン,他動
[ɸu⸢ruʃi̥tuŋ],フルシトゥン,他動
[bu⸢rukkaːmi⸣ruŋ],ブルッカーミルン,他動
[bu⸢rukkaː⸣muŋ],ブルッカームン,他動
[ɸu⸢rudoːŋ⸣gu],フルドーング,名
[ɸu⸢ru⸣nu ⸣miː],フルヌミー,連
[ɸu⸢rubasuŋ],フルバスン,他動
[ɸu⸢rubasuŋ],フルバスン,他動
[ɸu⸢rubuŋ],フルブン,自動
[ɸu⸢rumai],フルマイ,名
[ɸu⸢rumaʔiː⸣ru],フルマイール,名
[ɸuruma⸣suŋ],フルマスン,他動
[ɸu⸢ru⸣muŋ],フルムン,自動
[⸣ɸurujaː],フルヤー,名
[ɸu⸢ru⸣jaː],フルヤー,名
[ɸu⸢ruŋ],フルン,他動
[⸣buruŋ],ブルン,他動・自動
[bu⸢ruŋ],ブルン,自動
[pu⸢ruŋ],プルン,自動
[pu⸢ruŋ],プルン,自動
[⸣puruŋ],プルン,他動
[⸣puruŋ],プルン,他動
[⸣puroː],プロー,名
[⸢ɸuŋ],フン,名
[⸢ɸuŋ],フン,名
[⸣ɸuŋ],フン,助数
[⸢ɸun-],フン,接頭
[⸢buŋ],ブン,自動
[⸢buŋ],ブン,自動
[⸣buŋ],ブン,名
[⸣buŋ],ブン,名
[⸣buŋ],ブン,名
[⸣buŋ],ブン,名
[⸣-buŋ],ブン,接尾
[⸣buŋ],ブン,名
[⸢ɸuŋkakiruŋ],フンカキルン,他動
[⸢buŋ⸣kadu],ブンカドゥ,名
[⸢buŋ⸣gi],ブンギ,名
[⸢buŋ⸣gi ⸢kai⸣ʃi],ブンギカイシ,連
[⸢buŋgigai⸣ʃi],ブンギガイシ,名
[⸢ɸuŋki̥suŋ],フンキスン,他動
[⸢ɸuŋ⸣kiru],フンキル,助数
[⸢ɸuŋkumuŋ],フンクムン,自動
[⸢ɸuŋkuŋ],フンクン,他動
[⸢ɸuŋkeːri tuŋkeːri],フンケーリトゥンケーリ,連
[⸢ɸunʣasuŋ],フンザスン,他動
[⸢ɸunsamaruŋ],フンサマルン,他動
[⸢ɸunʣaruŋ],フンザルン,他動
[⸢ɸuŋ⸣ʃi],フンシ,名
[⸢ɸuŋʃi̥ki],フンシキ,名
[⸢ɸuŋʃi̥kiruŋ],フンシキルン,他動
[⸢ɸun⸣ʤiru],フンジル,名
[⸢ɸuŋ⸣ʃiŋ],フンシン,名
[⸢ɸunsu̥kuru],フンスクル,名
[⸢ɸunsu̥kurudiː],フンスクルディー,名
[⸢ɸunsu̥kuŋ],フンスクン,他動
[⸢bundaːs⸣saŋ],ブンダーッサン,形
[bun⸢daːbundaː],ブンダーブンダー,副
[⸢ɸundai],フンダイ,名
[⸢ɸundaimuni],フンダイムニ,名
[⸢bundakaː⸣ŋ],ブンダカーン,形
[⸢ɸuntatuŋ],フンタトゥン,自動
[⸢ɸundamiruŋ],フンダミルン,他動
[⸢ɸundajaː],フンダヤー,名
[⸢ɸunʧoː⸣ʃi],フンチョーシ,名
[⸢ɸun⸣ʦa],フンツァ,名
[⸢ɸunʦaːsuŋ],フンツァースン,他動
[⸢ɸunʦaken⸣ʦa],フンツァケンツァ,名
[⸢ɸunʦanu⸣miː],フンツァヌミー,名
[⸢ɸunʦa⸣meː],フンツァメー,名
[⸣bun s⸢saːra],ブンッサーラ,連
[⸢ɸun⸣tiː],フンティー,名
[⸢ɸun⸣toː],フントー,名
[⸢ɸuntoːsuŋ],フントースン,他動
[⸢ɸuntoːruŋ],フントールン,他動
[⸢ɸun⸣du],フンドゥ,名
[⸢ɸundumi],フンドゥミ,名
[ɸun⸢naː⸣ma],フンナーマ,名
[⸢ɸunnakuŋ],フンナクン,他動
[⸢ɸunnakuŋ],フンナクン,自動
[⸢bun⸣nabunna],ブンナブンナ,名
[⸢ɸun⸣niŋ],フンニン,名
[⸢ɸumbakauŋ],フンバカウン,他動
[⸣bumpaʤirimunu],ブンパジリムヌ,名
[⸢ɸumparuŋ],フンパルン,自動
[⸢ɸumpanʦasuŋ],フンパンツァスン,他動
[⸢ɸumpiguŋ],フンピグン,他動
[⸢ɸumbidaːkasuŋ],フンビダーカスン,他動
[⸢ɸumbi⸣ʧi],フンビチ,名
[⸢bumpitu],ブンピトゥ,名
[⸢ɸumpiruŋ],フンピルン,他動
[⸢ɸum⸣puː],フンプー,名
[⸢ɸum⸣buŋ],フンブン,名
[⸢ɸummagiruŋ],フンマギルン,他動
[⸢ɸummarakuŋ],フンマラクン,他動
[⸣bummuʧi],ブンムチ,名
[⸢bunraːs⸣saŋ],ブンラーッサン,形
[ɕːẽ],ヘ〜,感
[ɕːẽ],ヘ〜,感
[çe⸢ː],ヘー,感
[⸣çeː],ヘー,格助
[⸣çeː],ヘー,格助
[⸣çeː],ヘー,格助
[⸣çeː],ヘー,格助
[⸢beː],ベー,代
[⸣peː],ペー,名
[⸣peː],ペー,名
[⸣peː],ペー,名
[⸢beː⸣kaː],ベーカー,名
[⸢çeːga⸣sa],ヘーガサ,名
[⸢beː⸣kabeː],ベーカベー,名
[⸣peː ⸣kiruŋ],ペーキルン,連
[⸢peː⸣kiŋ],ペーキン,名
[⸢çeː⸣ʃi],ヘーシ,名
[beːʃi̥⸢ti],ベーシティ,副
[⸢beː⸣suŋ],ベースン,他動
[⸢beː⸣suŋ],ベースン,他動
[⸢beːtaː],ベーター,代
[⸢beːssabeːssa],ベーッサベーッサ,副
[⸢beːssarabeːssara],ベーッサラベーッサラ,副
[⸢beːttabeːtta],ベーッタベーッタ,副
[⸢beː⸣ɸu],ベーフ,名
[⸢peːbuku],ペーブク,名
[⸢peːbukuʔuʃi],ペーブクウシ,名
[⸢peːbukuʔuʃi],ペーブクウシ,名
[⸢beː⸣beː],ベーベー,名
[⸢peː⸣ra],ペーラ,名
[⸢peːra⸣ɸu̥ʧi],ペーラフチ,名
[⸢peːri⸣ɸu̥ʧi],ペーリフチ,名
[⸢peːri⸣mai],ペーリマイ,名
[⸢beː⸣ruçaː],ベールヒャー,感
[⸢peː⸣ruŋ],ペールン,自動
[⸢peːreː],ペーレー,名
[⸢peːreː suŋ],ペーレースン,連
[⸢heiki],ヘイキ,名
[⸣heijaː],ヘイヤー,感
[⸣peŋgaː],ペンガー,名
[⸣peŋgaŋgasami],ペンガンガザミ,名
[⸢peŋʃi̥kibiri],ペンシキビリ,名
[⸢pensu̥kumuŋ],ペンスクムン,自動
[⸢penʦai],ペンツァイ,名
[⸢penʦauŋ],ペンツァウン,自動
[⸢hoː],ホー,名
[⸣boː],ボー,名
[⸢hoːihoːi],ホーイホーイ,感
[⸣boː ⸣ʔutuŋ],ボーウトゥン,連
[⸣boːʔuŋ],ボーウン,名
[⸢hoːgaː⸣saŋ],ホーガーサン,形
[hoː⸢gaːhoːgaː],ホーガーホーガー,副
[hoː⸢gaːhoːgaː],ホーガーホーガー,副
[hoː⸢gaːhoːgaːnu⸣ pu̥⸢su],ホーガーホーガーヌプス,連
[⸢poː⸣ki],ポーキ,名
[⸢poː⸣kidaki],ポーキダキ,名
[⸢poːki⸣nu ⸣miː],ポーキヌミー,連
[⸢poː⸣kibuʃi],ポーキブシ,名
[⸣boːkiraː],ボーキラー,名
[⸢boːkiri⸣munu],ボーキリムヌ,名
[⸢boː⸣kiruŋ],ボーキルン,自動
[⸢boːkuŋ],ボークン,他動
[⸢poː⸣kuŋ],ポークン,他動
[⸢boːʃi],ボーシ,名
[⸢boː⸣ʤi],ボージ,名
[⸣boːʤimaː],ボージマー,名
[⸢boːʤaː⸣muŋ],ボージャームン,名
[⸢boːsuː],ボースー,名
[⸢boːsuːʔami],ボースーアミ,名
[⸢boːsuːjaburi],ボースーヤブリ,名
[⸢hoː⸣suŋ],ホースン,他動
[⸢hoː⸣suŋ],ホースン,他動
[⸢hoː⸣suŋ],ホースン,他動
[⸣boː ⸢suŋ],ボースン,連
[⸢boː⸣da],ボーダ,名
[⸢boː⸣dajaː],ボーダヤー,名
[⸢poː⸣ʦaː],ポーツァー,名
[⸢poː⸣ʦaːkatana],ポーツァーカタナ,名
[⸢poː⸣ʦaː ⸢suŋ],ポーツァースン,連
[⸢hoːto⸣bareː],ホートバレー,固
[⸢hoː⸣nu],ホーヌ,自動
[⸢hoː⸣nu],ホーヌ,自動
[⸢hoː⸣nu],ホーヌ,自動
[⸢boː⸣boː],ボーボー,名
[⸣boːboː],ボーボー,固
[⸢poː⸣poː],ポーポー,名
[⸢boːboː⸣ʃi],ボーボーシ,副
[⸢boːboː⸣ʃi],ボーボーシ,副
[⸢poːpoː⸣ʃi],ポーポーシ,副
[⸢poːpoː⸣ʃi],ポーポーシ,副
[⸢poːpoː⸣ʃi],ポーポーシ,副
[⸢poː⸣poː ⸢paː⸣suŋ],ポーポーパースン,連
[⸢hoː⸣ma],ホーマ,固
[⸢hoː⸣maʔakahaʧi],ホーマアカハチ,固
[⸢hoː⸣mapu̥su],ホーマプス,名
[⸢hoː⸣jaː],ホーヤー,名
[⸢hoːra],ホーラ,名
[⸢hoːrai⸣mai],ホーライマイ,名
[⸢hoː⸣raʣaː],ホーラザー,名
[⸢hoːra⸣ʣaːmai],ホーラザーマイ,名
[⸢hoːra⸣riŋ],ホーラリン,自動
[⸢hoː⸣riŋ],ホーリン,自動
[⸢hoːriŋ],ホーリン,自動
[⸢hoː⸣ru],ホール,名
[hoː⸢ruːhoːruː],ホールーホールー,副
[⸢hoː⸣ruki̥ʃimuni],ホールキシムニ,名
[⸢hoː⸣ru ki̥⸢ʃi⸣munu],ホールキシムヌ,連
[⸢hoː⸣ru ki̥⸢ʃi⸣ruŋ],ホールキシルン,連
[⸢hoː⸣ru ⸣ki̥suŋ],ホールキスン,連
[⸣boːruboːru],ボールボール,副
[⸣boːruboːru],ボールボール,副
[⸢poːruŋ],ポールン,他動
[⸢boː⸣reː],ボーレー,名
[⸢boː⸣reː],ボーレー,感
[⸢hoː⸣roː ⸢naː⸣nu],ホーローナーヌ,連
[⸢boːŋkeː⸣ruŋ],ボーンケールン,自動
[⸢boːŋkeː⸣ruŋ],ボーンケールン,自動
[⸢boːmboːŋ⸣ʃi],ボーンボーンシ,副
[⸣hoidaː],ホイダー,名
[⸢hoina⸣kuŋ],ホイナクン,他動
[⸢hoiru],ホイル,名
[⸢hok⸣kaː],ホッカー,名
[⸢hok⸣kaː ⸢ʃiːpusu],ホッカーシープス,連
[⸢potʧikat⸣ʧi],ポッチカッチ,副
[⸢potʧipotʧi],ポッチポッチ,副
[⸢potʧiruŋ],ポッチルン,自動
[⸢potʦaːsuŋ],ポッツァースン,他動
[⸢potʦaːruŋ],ポッツァールン,自動
[⸢potʦuŋ],ポッツン,自動
[⸢hop⸣paruŋ],ホッパルン,他動
[⸢boffasuŋ],ボッふァスン,他動
[bof⸢fati],ボッふァティ,副
[boɸu̥⸢ti],ボフティ,副
[⸣bomaː],ボマー,名
[⸢bontaŋ],ボンタン,名
[bon⸢ti],ボンティ,副
[bon⸢ti],ボンティ,副
[⸢hom⸣ma],ホンマ,名
[⸢homma⸣ki],ホンマキ,名
[⸣-ma],マ,接尾
[⸢maː],マー,代
[⸣maː],マー,名
[⸢maː],マー,名
[⸢maː],マー,名
[⸢maː],マー,副
[⸢maː-],マー,接頭
[⸢maːʔiːʃi],マーイーシ,名
[⸢maːʔimi],マーイミ,名
[⸢maːʔuːru],マーウール,名
[⸢maːʔui],マーウイ,名
[⸢maːʔumuti],マーウムティ,名
[⸢maː⸣ga],マーガ,名
[⸢maːga⸣ʦu],マーガツ,名
[⸣maːkamaː],マーカマー,代
[⸢maːgaja],マーガヤ,名
[⸢maː⸣ki],マーキ,副助
[⸢maː⸣ki],マーキ,接尾
[⸢maːkiː],マーキー,名
[⸢maːkimu],マーキム,名
[⸢maːgira],マーギラ,名
[⸢maː⸣sa],マーサ,名
[⸢maː⸣ʣa],マーザ,名
[⸢maːsanai],マーサナイ,名
[⸢maː⸣ʣapiː],マーザピー,名
[⸢maːsamari],マーサマリ,名
[⸢maːʃi],マーシ,接尾
[⸢maːʤiː],マージー,名
[⸢maːʃiːʃi],マーシーシ,名
[⸢maːʃi̥ki⸣munu],マーシキムヌ,名
[⸢maːʃi̥ki⸣munu],マーシキムヌ,名
[⸢maːʃinukiru],マーシヌキル,名
[⸢maːʃi⸣ɸuni],マーシフニ,名
[⸢maːʃi⸣ miruŋ],マーシミルン,連
[⸢maːʃimunu],マーシムヌ,名
[⸢maːʃimunu],マーシムヌ,名
[⸢maːʃijadu],マーシヤドゥ,名
[⸢maːʃira],マーシラ,名
[⸢maːʃinʣa],マーシンザ,名
[⸢maː⸣su],マース,名
[⸢maː⸣sukagiŋ],マースカギン,名
[⸢maː⸣sukami],マースカミ,名
[⸢maː⸣su̥kuŋ],マースクン,自動
[⸢maː⸣suʃi̥ki],マースシキ,名
[⸢maː⸣sudaːra],マースダーラ,名
[⸢maː⸣su tḁ⸢kuŋ],マースタクン,連
[⸢maː⸣su f⸢faːsuŋ],マースッふァースン,連
[⸢maː⸣su f⸢faːsuŋ],マースッふァースン,連
[⸢maːsudi],マースディ,名
[⸢maːsu⸣niː],マースニー,名
[⸢maː⸣su ⸢paŋ⸣kuŋ],マースパンクン,連
[⸢maː⸣sujaː],マースヤー,名
[⸢maːsuŋ],マースン,他動
[⸢maːsuŋ],マースン,他動
[⸢maːsuŋ],マースン,他動
[⸢maːʣuŋ],マーズン,副
[⸢maːʣuŋ],マーズン,名
[⸢maːʣuŋ],マーズン,名
[⸢maːʣuŋ⸣ʃi],マーズンシ,副
[⸢maːdaːssaː naː⸣nu],マーダーッサーナーヌ,連
[⸢maːdaːs⸣saŋ],マーダーッサン,形
[⸢maːdaːs⸣saŋ],マーダーッサン,形
[⸢maːtaki],マータキ,名
[⸢maːtaku],マータク,名
[⸢maːtamaʃi],マータマシ,名
[⸢maː taŋ⸣ga],マータンガ,連
[⸢maːtaŋkaː],マータンカー,名
[⸢maː⸣ʧi],マーチ,固
[⸢maːssaː⸣ru],マーッサール,名
[⸣maːffa],マーッふァ,名
[⸢maːffai⸣munu],マーッふァイムヌ,連
[⸢maː⸣ʦuŋ],マーツン,他動
[⸢maː⸣ʦuŋ],マーツン,他動
[⸢maːtiʤi],マーティジ,名
[⸢maːtida],マーティダ,名
[⸣maːti ⸢naː⸣ŋ],マーティナーン,連
[⸢maːduː],マードゥー,名
[⸣maː ⸣turuŋ],マートゥルン,連
[⸢maːna⸣sa],マーナサ,固
[⸢maːnadaka],マーナダカ,名
[⸢maːnaʧi],マーナチ,名
[⸢maː⸣ni],マーニ,名
[⸢maːni⸣nu ⸣ʔudi],マーニヌウディ,連
[⸢maːniŋgiŋ],マーニンギン,名
[⸢maːniŋgiŋ],マーニンギン,名
[⸢maːnu⸣munu],マーヌムヌ,名
[⸢maːpakaraː⸣saŋ],マーパカラーサン,形
[⸢maːpakarasaː naː⸣nu],マーパカラサーナーヌ,連
[⸢maːpakara⸣saŋ],マーパカラサン,形
[⸢maːbasa],マーバサ,名
[⸢maːpadaka],マーパダカ,名
[⸢maːpabu],マーパブ,名
[⸢maːbi],マービ,名
[⸢maːbi suŋ],マービスン,連
[⸢maː⸣biŋ],マービン,副
[⸢maːbuː],マーブー,名
[⸢maːpu̥suma],マープスマ,名
[⸢maːɸuju],マーフユ,名
[⸢maːhoːru⸣ ki̥⸢ʃi⸣munu],マーホールキシムヌ,連
[⸢maːmaʧi],マーマチ,名
[⸢maː miːsi̥ki],マーミーシキ,連
[⸢maː miː⸣ti],マーミーティ,連
[⸢maːmiʤi],マーミジ,名
[⸢maːmusubi],マームスビ,名
[⸢maːmuti],マームティ,名
[⸢maːmuni],マームニ,名
[⸢maːmunu],マームヌ,名
[⸢maː juː⸣ti],マーユーティ,連
[⸢maːjui],マーユイ,名
[⸢maːjunaka],マーユナカ,名
[⸣maːra],マーラ,名
[⸣maːra],マーラ,名
[⸣maːra],マーラ,連
[maː⸢ra],マーラ,連体
[⸢maːraʃiɸu̥ʧi],マーラシフチ,名
[⸢maːrasuŋ],マーラスン,自動
[⸣maːraŋ],マーラン,名
[⸣maːrambuni],マーランブニ,名
[⸢maːri⸣ʣa],マーリザ,名
[⸢maːrimaː⸣ri],マーリマーリ,連
[⸢maː⸣ru],マール,名
[⸢maːru],マール,名
[⸢maːru],マール,名
[⸢maːru],マール,名
[⸢maːru],マール,接尾
[⸢maːru],マール,接尾
[⸢maːrumaː⸣ru],マールマール,名
[⸢maːrumaː⸣ru],マールマール,副
[⸢maːrumaːruː⸣ʃi],マールマールーシ,副
[⸢maːruŋ],マールン,自動
[⸢maːruŋ],マールン,自動
[⸢maː⸣ruŋ],マールン,接尾
[⸢maːreː],マーレー,名
[⸢maːreːgaːraː],マーレーガーラー,名
[⸢maːreː⸣koːreː],マーレーコーレー,副
[⸢maːreː⸣koːreː],マーレーコーレー,副
[⸣maːŋkamaːŋ],マーンカマーン,連
[maː⸢n naː⸣ka],マーンナーカ,連
[⸣maː ʔm⸢beːma],マーンベーマ,連
[⸣maː ʔm⸢meːma],マーンメーマ,連・副
[⸣maː ʔm⸢meːma⸣ su̥kaː],マーンメーマスカー,連・副
[⸣mai],マイ,名
[⸣mai],マイ,名
[⸢mai],マイ,名
[⸢mai],マイ,名
[⸣mai],マイ,接尾
[⸣-mai],マイ,接尾
[⸢maiʔaːʃi],マイアーシ,名
[⸢mai ʔaːsuŋ],マイアースン,連
[⸢maiʔibi],マイイビ,名
[⸢mai⸣ʔuʧi],マイウチ,名
[⸢maiga⸣ki],マイガキ,名
[⸢mai⸣ kḁtuŋ],マイカトゥン,連
[⸢maikani⸣ti],マイカニティ,副
[⸢maikari],マイカリ,名
[⸢mai⸣gari],マイガリ,名
[⸢mai⸣ ka⸢ruŋ],マイカルン,連
[⸢maigusu̥⸣ku],マイグスク,名
[⸣maikumeː],マイクメー,名
[⸣maikumeːnu ⸢ʃeiʃoːʣaːteː],マイクメーヌセイショーザーテー,連
[⸢maisaː⸣ʃi],マイサーシ,名
[⸢mai⸣ sau ɸu⸢doː⸣ʃi],マイサウフドーシ,連
[⸢mai⸣ sauŋ],マイサウン,連
[⸢maiʣa⸣tu],マイザトゥ,名
[⸢mai⸣sï̥kai],マイシゥカイ,名
[mai⸢ʃiki],マイシキ,名
[⸢mai⸣ʃi̥ki],マイシキ,名
[⸢maiʃiʤi],マイシジ,名
[⸢maiʤima],マイジマ,名
[⸢maiʤira],マイジラ,名
[⸢mai⸣ʤira],マイジラ,名
[⸢mai⸣ʤira],マイジラ,名
[⸢maiʃira⸣ʃi],マイシラシ,名
[⸢mai⸣ʤiŋ],マイジン,名
[⸢mai suː⸣ruŋ],マイスールン,連
[⸢maisu̥ku⸣bu],マイスクブ,名
[⸢maisu̥koː⸣ru],マイスコール,名
[⸢mai⸣ʣuni],マイズニ,名
[⸢mai⸣suba],マイスバ,名
[⸣maitaː],マイター,名
[⸢maidaːra],マイダーラ,名
[⸢maidani],マイダニ,名
[⸢maitaburu],マイタブル,名
[⸢maitabu⸣reː],マイタブレー,名
[⸢mai⸣dari],マイダリ,名
[mai⸢daŋ],マイダン,副
[mai⸢daŋ],マイダン,副
[⸢mai⸣ʦu],マイツ,名
[⸢mai⸣ʦommaː],マイツォンマー,固
[⸢maissaː⸣ri],マイッサーリ,名
[⸢mai⸣ssai],マイッサイ,名
[⸢mai⸣ʦubaːʔoŋ],マイツバーオン,固
[⸢mai⸣dima],マイディマ,名
[mai⸢tuʃi],マイトゥシ,名
[⸣maituʤeː],マイトゥジェー,固
[⸢mai⸣ tu⸢basuŋ],マイトゥバスン,連
[⸢maitubu⸣reː],マイトゥブレー,固
[⸣mai ⸣nasuŋ],マイナスン,連
[⸣mai ⸣nasuŋ],マイナスン,連
[⸣mai ⸣nasuŋ],マイナスン,連
[⸣mai ⸣naruŋ],マイナルン,連
[⸣mai ⸣naruŋ],マイナルン,連
[⸢mai⸣naŋ],マイナン,名
[⸢mai⸣niː],マイニー,名
[mai⸢niŋ],マイニン,名
[⸢mainu⸣ʔiː],マイヌイー,名
[⸢mainu⸣ʃiʤi],マイヌシジ,名
[⸢mai⸣nu ⸣tu̥ʃi],マイヌトゥシ,連
[⸢mainu⸣ nai],マイヌナイ,連
[⸢mainu⸣puː],マイヌプー,名
[⸢mainu⸣ puː],マイヌプー,連
[⸢mainumiː⸣su],マイヌミース,名
[⸢mai⸣neː],マイネー,名
[⸣maibaː],マイバー,名
[⸢mai⸣barai],マイバライ,名
[⸣maipaŋ],マイパン,名
[⸢maipi̥kiʔuʃi],マイピキウシ,名
[⸢mai⸣pi̥sa],マイピサ,名
[⸢maipjuː⸣ru],マイピュール,名
[⸢maiɸunaː],マイフナー,名
[⸢maiɸunaː],マイフナー,名
[⸢mai⸣boː],マイボー,名
[⸢maiboː⸣ru],マイボール,名
[⸣maimai],マイマイ,名
[mai⸢mai⸣ʃi],マイマイシ,副
[mai⸢mainu],マイマイヌ,連体
[⸢maimaʤimi],マイマジミ,名
[⸢maimaʧiburaː⸣ri],マイマチブラーリ,名
[⸢maimaraki],マイマラキ,名
[⸣maimutti],マイムッティ,副
[⸣maimuti],マイムティ,副
[⸢mai⸣jaku],マイヤク,名
[⸢mai⸣jaɸu],マイヤフ,名
[⸣maijama],マイヤマ,名
[⸢mai⸣jaŋ],マイヤン,形
[⸢maijuː⸣ʃi],マイユーシ,名
[⸢maijuk⸣ka],マイユッカ,名
[⸢maijukkaː⸣ma],マイユッカーマ,名
[⸢mai⸣ ju⸢rasuŋ],マイユラスン,連
[⸢maijoː⸣ʣoː],マイヨーゾー,名
[⸢mai⸣joi],マイヨイ,名
[⸢mai⸣joi],マイヨイ,名
[⸢mai⸣ri],マイリ,名
[⸣mainta],マインタ,名
[ma⸢kagu],マカグ,名
[ma⸢kasuŋ],マカスン,他動
[ma⸢kasuŋ],マカスン,他動
[ma⸢ka⸣ta],マカタ,固
[⸣magatama],マガタマ,名
[ma⸢ka⸣toː],マカトー,固
[ma⸢ka⸣nai],マカナイ,名
[ma⸢kanai⸣pu̥su],マカナイプス,名
[ma⸢kanaimidu⸣mu],マカナイミドゥム,名
[ma⸢ka⸣nauŋ],マカナウン,他動
[ma⸢kabu],マカブ,名
[ma⸢ga⸣jaː],マガヤー,名
[ma⸢ga⸣ra],マガラ,名
[ma⸢ga⸣rapi̥ki],マガラピキ,名
[ma⸢garikadu],マガリカドゥ,名
[ma⸢gari⸣kugari],マガリクガリ,副
[ma⸢ka⸣ru],マカル,名
[ma⸢ka⸣ru],マカル,接尾
[⸣makarusabaŋ],マカルサバン,名
[⸣makaruʣara],マカルザラ,名
[⸣makarudoŋgu],マカルドング,名
[ma⸢garuŋ],マガルン,自動
[ma⸢garuŋ],マガルン,自動
[ma⸢gareː⸣kugareː],マガレークガレー,副
[ma⸢ki],マキ,名
[ma⸢ki],マキ,名
[ma⸢ki],マキ,名
[ma⸢ki],マキ,名
[ma⸢ki],マキ,名
[⸣magiː],マギー,名
[ma⸢giːmagiː⸣ʃi],マギーマギーシ,副
[ma⸢kiʔikusa],マキイクサ,名
[ma⸢kikabi],マキカビ,名
[ma⸢kiʣaːra⸣suŋ],マキザーラスン,他動
[ma⸢kiʃiŋka],マキシンカ,名
[ma⸢kida],マキダ,名
[ma⸢kitabaku],マキタバク,名
[ma⸢kikkumuŋ],マキックムン,他動
[ma⸢kitʦaː⸣suŋ],マキッツァースン,他動
[ma⸢kinu⸣ joi],マキヌヨイ,連
[ma⸢kibuduru],マキブドゥル,名
[ma⸢gi⸣ɸuni],マギフニ,名
[ma⸢gipuni],マギプニ,名
[ma⸢kipoː⸣ruŋ],マキポールン,他動
[ma⸢gi⸣munu],マギムヌ,名
[ma⸢gi⸣ri],マギリ,名
[ma⸢kiruŋ],マキルン,自動
[ma⸢giruŋ],マギルン,他動
[ma⸢kiwara],マキワラ,名
[⸣maku],マク,名
[ma⸢ku⸣ʔuʧi],マクウチ,名
[ma⸢gukuru],マグクル,名
[ma⸢kutu],マクトゥ,名
[ma⸢kubu],マクブ,名
[ma⸢kuŋ],マクン,自動
[ma⸢kuŋ],マクン,他動
[⸣makuŋ],マクン,他動
[⸣makuŋ],マクン,他動
[ma⸢guŋ],マグン,他動
[⸣makoja],マコヤ,名
[⸣masaːkasaː ⸢naː⸣nu],マサーカサーナーヌ,連
[⸣masaːkasaː ⸢naː⸣nu],マサーカサーナーヌ,連
[ma⸢ʣaːʃi⸣ʔiː],マザーシイー,名
[ma⸢ʣaː⸣ʃikaʣaːʃi],マザーシカザーシ,副
[ma⸢ʣaː⸣suŋ],マザースン,他動
[ma⸢saːmasa],マサーマサ,副
[⸣maʣaːrikaʣaːri],マザーリカザーリ,副
[ma⸢ʣaː⸣ruŋ],マザールン,自動
[ma⸢saː⸣ŋ],マサーン,形
[ma⸢saru],マサル,連体
[ma⸢saruŋ],マサルン,自動
[⸣maʃi],マシ,名
[⸣maʃi],マシ,助数
[ma⸢ʃi],マシ,形動
[⸣maʤi],マジ,副
[⸣maʤeː],マジェー,副
[ma⸢ʃikaku],マシカク,名
[ma⸢ʃi⸣bi],マシビ,名
[⸣maʤimaʤi],マジマジ,副
[ma⸢ʤi⸣mi],マジミ,名
[ma⸢ʣimi⸣ruŋ],マジミルン,他動
[ma⸢ʤimunu],マジムヌ,名
[ma⸢ʤimunu],マジムヌ,名
[ma⸢ʤimununu⸣ tḁku],マジムヌヌタク,連
[ma⸢ʤi⸣muŋ],マジムン,他動
[⸣mata],マタ,名
[ma⸢ta],マタ,接
[ma⸢ta],マタ,副
[ma⸢da],マダ,副
[ma⸢daːsariŋ],マダーサリン,自動
[ma⸢daːʃimunu],マダーシムヌ,名
[ma⸢daːʃimunu],マダーシムヌ,名
[ma⸢daːsuŋ],マダースン,他動
[ma⸢taʔiʧiɸu],マタイチフ,名
[ma⸢taʔibi],マタイビ,名
[ma⸢taʔirabi],マタイラビ,名
[ma⸢taʔutuʣa],マタウトゥザ,名
[ma⸢taʔoːʃi],マタオーシ,名
[ma⸢takaːʃi],マタカーシ,名
[ma⸢takaiʃi],マタカイシ,名
[ma⸢takasabi],マタカサビ,名
[ma⸢takaʣami],マタカザミ,名
[ma⸢daka⸣suŋ],マダカスン,他動
[ma⸢daka⸣suŋ],マダカスン,他動
[ma⸢takaraʃi],マタカラシ,名
[ma⸢takaŋgai],マタカンガイ,名
[ma⸢ta⸣giː],マタギー,名
[ma⸢daki⸣ruŋ],マダキルン,自動
[ma⸢daki⸣ruŋ],マダキルン,他動
[ma⸢da⸣kuŋ],マダクン,自動
[ma⸢da⸣kuŋ],マダクン,他動
[ma⸢tagoi],マタゴイ,名
[ma⸢taʣaːku],マタザーク,名
[ma⸢tasaːri],マタサーリ,名
[⸣matasakaː],マタサカー,名
[⸣matasakaː],マタサカー,名
[ma⸢tasaki],マタサキ,名
[ma⸢taʃi̥ki],マタシキ,名
[ma⸢taʃi̥ki],マタシキ,名
[ma⸢taʃi̥ki],マタシキ,名
[ma⸢tasu̥kuri],マタスクリ,名
[ma⸢tasoːri],マタソーリ,名
[ma⸢tatu],マタトゥ,副
[ma⸢taduː],マタドゥー,名
[ma⸢tanaʃi],マタナシ,名
[ma⸢tanibaʃi],マタニバシ,名
[ma⸢tanibi],マタニビ,名
[ma⸢tanuː⸣ru],マタヌール,名
[ma⸢tanuːru],マタヌール,名
[ma⸢ta⸣bai],マタバイ,名
[ma⸢tabai],マタバイ,名
[ma⸢tapisaʃi],マタピサシ,名
[ma⸢ta⸣buʃi],マタブシ,名
[ma⸢tabuʃikoː⸣jaku],マタブシコーヤク,名
[ma⸢tabutu],マタブトゥ,名
[ma⸢taɸututʦaʃi],マタフトゥッツァシ,名
[ma⸢tamaː],マタマー,名
[ma⸢tamuti],マタムティ,名
[ma⸢tamuni],マタムニ,名
[ma⸢ta⸣riŋ],マタリン,自動
[ma⸢taʔmbuʃi],マタンブシ,名
[⸣maʧi],マチ,名
[⸣maʧi],マチ,名
[⸣maʧiʔaba],マチアバ,名
[ma⸢ʧi⸣gai],マチガイ,名
[ma⸢ʧi⸣gai],マチガイ,感
[ma⸢ʧigai⸣ruŋ],マチガイルン,他動
[ma⸢ʧi⸣gauŋ],マチガウン,自動・他動
[ma⸢ʧikan⸣ti],マチカンティ,名
[ma⸢ʧikan⸣ti ⸢suŋ],マチカンテイスン,連
[⸣maʧikiː],マチキー,名
[ma⸢ʧikugari⸣ruŋ],マチクガリルン,他動
[ma⸢ikuga⸣ruŋ],マチクガルン,他動
[ma⸢ʧiguʃi],マチグシ,名
[ma⸢ʧidai],マチダイ,名
[⸣maʧinaba],マチナバ,名
[ma⸢ʧi⸣niː],マチニー,名
[ma⸢ʧi⸣nu ⸣ʔaba],マチヌアバ,連
[ma⸢ʧi⸣nu ⸣naru],マチヌナル,連
[ma⸢ʧi⸣nu ⸣niː],マチヌニー,連
[ma⸢ʧi⸣nupaː ⸢ʔaː⸣ʃi],マチヌパーアーシ,連
[ma⸢ʧibaːri⸣ kḁ⸢sabaːri],マチバーリカサバーリ,連
[ma⸢ʧibaːruŋ],マチバールン,自動
[⸣maʧiɸuni],マチフニ,名
[ma⸢ʧiburuŋ],マチブルン,自動
[ma⸢ʧiburuŋ],マチブルン,自動
[ma⸢ʧijaː],マチヤー,名
[⸣maʧaːheː],マチャーヘー,固
[⸣maʧaːheːsuni],マチャーヘースニ,名
[⸣maʧijama],マチヤマ,名
[ma⸢ʧiri],マチリ,名
[ma⸢ʧim⸣paː],マチンパー,名
[⸣maʦoː],マツォー,固
[mak⸢kaːra],マッカーラ,名
[⸢makkaku],マッカク,名
[mak⸢kuruː],マックルー,名
[⸣makkoː],マッコー,名
[⸢massa],マッサ,名
[maʃ⸢ʃiru],マッシル,名・形動
[maʃ⸢ʃiŋgu],マッシング,副
[maʃ⸢ʃiŋgu],マッシング,副
[maʃ⸢ʃiŋgu],マッシング,名・形動
[mas⸢sugu],マッスグ,名・形動
[mat⸢taki],マッタキ,副
[mat⸢toːba],マットーバ,名
[⸢mattoː⸣ŋ],マットーン,形
[⸢maf⸣fa],マッふァ,名
[⸢maf⸣faʔiʣu],マッふァイズ,名
[ma⸢ʦu⸣ra],マツラ,名
[ma⸢ʦuŋ],マツン,他動
[ma⸢tikan⸣ti],マティカンティ,名
[ma⸢tiŋguri⸣saŋ],マティングリサン,形
[ma⸢toː],マトー,名
[ma⸢toːna],マトーナ,名
[ma⸢toːnaː],マトーナー,名
[ma⸢tu],マトゥ,名
[⸣madu],マドゥ,名
[⸣madu],マドゥ,名
[ma⸢du⸣kidu],マドゥキドゥ,名
[ma⸢dusu̥ku⸣ru],マドゥスクル,名
[ma⸢du nukuŋ],マドゥヌクン,連
[ma⸢du⸣nu ⸣munu],マドゥヌムヌ,連
[ma⸢dunu⸣munu],マドゥヌムヌ,名
[ma⸢du⸣ pḁ⸢ka⸣rauŋ],マドゥパカラウン,連
[ma⸢du⸣madu],マドゥマドゥ,名
[ma⸢tumaruŋ],マトゥマルン,自動
[ma⸢tumaruŋ],マトゥマルン,自動
[ma⸢tumiruŋ],マトゥミルン,他動
[ma⸢tumuŋ],マトゥムン,他動
[⸣matuŋ],マトゥン,他動
[ma⸢duŋ⸣ kiduːn ⸢naː⸣nu],マドゥンキドゥーンナーヌ,連
[⸣manaː],マナー,連
[ma⸢na⸣ma],マナマ,名
[ma⸢na⸣ma],マナマ,名
[ma⸢namaː⸣ki],マナマーキ,連・副
[ma⸢namaː⸣ki],マナマーキ,連・副
[ma⸢na⸣ma kḁ⸢ki⸣tiŋ],マナマカキティン,連
[ma⸢na⸣maguru],マナマグル,名
[ma⸢na⸣ma ʃi̥⸢ki⸣tiŋ],マナマシキティン,連
[ma⸢na⸣maʤibuŋ],マナマジブン,名
[ma⸢namata],マナマタ,名
[ma⸢na⸣matoː],マナマトー,副
[ma⸢na⸣ma ⸣doːreːra],マナマドーレーラ,連
[ma⸢na⸣ma ⸢naː⸣toː],マナマナートー,連
[ma⸢na⸣ma ⸣nari],マナマナリ,連
[ma⸢na⸣ma ⸣nari],マナマナリ,連
[ma⸢nama⸣nu ⸣ʔai],マナマヌアイ,連
[ma⸢nama⸣nu ⸢paŋʃi],マナマヌパンシ,連
[ma⸢namabaː⸣ki],マナマバーキ,連
[ma⸢na⸣mapada],マナマパダ,名
[ma⸢na⸣mabukara],マナマブカラ,連
[ma⸢na⸣mabukara],マナマブカラ,連
[ma⸢na⸣mapu̥su],マナマプス,名
[ma⸢na⸣mamuti],マナマムティ,副
[ma⸢na⸣majuː],マナマユー,名
[ma⸢namanʧiŋ],マナマンチン,副
[ma⸢niʔaː⸣suŋ],マニアースン,他動
[ma⸢ni⸣auŋ],マニアウン,自動
[ma⸢ni⸣ʦa],マニツァ,名
[ma⸢ni⸣ʦaʔiʃi],マニツァイシ,名
[ma⸢nik⸣ka],マニッカ,名
[ma⸢nik⸣ka ⸢maːʃi⸣no],マニッカマーシノ,連
[ma⸢nijaː⸣suŋ],マニヤースン,他動
[ma⸢bi⸣ki],マビキ,名
[⸢maɸu̥kaː],マフカー,名
[⸣maɸu̥taneː],マフタネー,名
[ma⸢bu⸣ru],マブル,名
[ma⸢bu⸣ru ʔu⸢ti⸣ruŋ],マブルウティルン,連
[ma⸢bu⸣rukarui],マブルカルイ,名
[ma⸢bu⸣rukaruinu ⸢niŋgai⸣ɸu̥ʧi],マブルカルイヌニンガイフチ,連
[ma⸢bu⸣rukumi],マブルクミ,名
[ma⸢ma],ママ,接頭
[ma⸢ma],ママ,名
[ma⸢ma],ママ,名
[ma⸢ma],ママ,接助
[ma⸢ma],ママ,接尾
[ma⸢maʔuja],ママウヤ,名
[ma⸢makjoːdai],ママキョーダイ,名
[ma⸢maffa],ママッふァ,名
[ma⸢maruŋ],ママルン,自動
[⸣mami],マミ,名
[ma⸢mi],マミ,名
[ma⸢mi⸣guru],マミグル,名
[ma⸢mi⸣guru],マミグル,名
[ma⸢mitʦaːsuŋ],マミッツァースン,他動
[ma⸢midoː⸣ma],マミドーマ,名
[ma⸢mi⸣naː],マミナー,名
[ma⸢mi⸣naː],マミナー,名
[ma⸢minaːʧam⸣puruː],マミナーチャンプルー,名
[ma⸢mi⸣nuʔaŋ],マミヌアン,名
[ma⸢mi⸣nukaː],マミヌカー,連・名
[ma⸢mi⸣nukaː],マミヌカー,連・名
[ma⸢mi⸣nukuː],マミヌクー,名
[ma⸢mi⸣nu ⸢niŋ⸣gai],マミヌニンガイ,連
[ma⸢mi⸣maki],マミマキ,名
[ma⸢miruŋ],マミルン,他動
[ma⸢muri⸣gami],マムリガミ,名
[ma⸢muri⸣nu ⸣kaŋ],マムリヌカン,連
[ma⸢mu⸣ruŋ],マムルン,他動
[ma⸢muŋ],マムン,他動
[⸣maja],マヤ,名
[ma⸢jaːsa⸣riŋ],マヤーサリン,自動
[⸣majaːbuː],マヤーブー,名
[ma⸢jaːri⸣ ʔn⸢ʤi⸣ruŋ],マヤーリンジルン,連
[ma⸢jaːruŋ],マヤールン,自動
[⸣majasu̥kuguru],マヤスクグル,名
[ma⸢ja⸣nu kḁ⸢ta],マヤヌカタ,連
[ma⸢ja⸣nu ⸣ssu ʔu⸢ʣumuŋ⸣ kḁtaʧini],マヤヌッスウズムンカタチニ,連
[ma⸢ja⸣nu ɸu̥⸢tai],マヤヌフタイ,連
[ma⸢ju],マユ,名
[⸣maju],マユ,名
[⸣majuːŋ],マユーン,自動
[ma⸢jui⸣ruŋ],マユイルン,自動
[ma⸢junu⸣ ɸu̥⸢tanaka],マユヌフタナカ,連
[⸣mara],マラ,名
[⸣mara],マラ,名
[ma⸢raki],マラキ,名
[ma⸢raki],マラキ,助数
[ma⸢rakikara⸣ki],マラキカラキ,副
[ma⸢rakuŋ],マラクン,他動
[ma⸢rasuŋ],マラスン,他動
[ma⸢rasuŋ],マラスン,他動
[ma⸢ratari⸣munu],マラタリムヌ,名
[⸣mara ⸣taruŋ],マラタルン,連
[ma⸢ra⸣nu ⸣sau],マラヌサウ,連
[ma⸢rabasuŋ],マラバスン,他動
[ma⸢rabasuŋ],マラバスン,補動
[ma⸢rabit⸣ʦaːŋ],マラビッツァーン,形
[ma⸢rabuŋ],マラブン,自動
[ma⸢rabeː⸣kurubeː],マラベークルベー,副
[mararija],マラリヤ,名
[ma⸢ri],マリ,名
[ma⸢ri],マリ,名
[ma⸢ri],マリ,名
[ma⸢ri],マリ,名
[⸣mari],マリ,形動
[ma⸢rikaːri],マリカーリ,名
[ma⸢rikaːruŋ],マリカールン,自動
[ma⸢rikaːruŋ],マリカールン,自動
[ma⸢rikataʧi],マリカタチ,名
[ma⸢risani],マリサニ,名
[ma⸢riʃi̥ki],マリシキ,名
[ma⸢riʃiʤi],マリシジ,名
[ma⸢riʤima],マリジマ,名
[ma⸢risoː],マリソー,名
[ma⸢risoː],マリソー,名
[⸣marikkoː],マリッコー,名
[ma⸢ritʦaː⸣suŋ],マリッツァースン,他動
[ma⸢rit⸣ʦaːŋ],マリッツァーン,自動
[ma⸢ritoːra],マリトーラ,名
[ma⸢ritoːra],マリトーラ,副
[ma⸢riduʃi],マリドゥシ,名
[ma⸢ripaː],マリパー,名
[⸣maripaki],マリパキ,名
[ma⸢ripanʤoː],マリパンジョー,名
[ma⸢ribiː],マリビー,名
[ma⸢ripiki],マリピキ,名
[ma⸢riɸu̥ʧi],マリフチ,名
[ma⸢ripoː⸣ruŋ],マリポールン,他動
[ma⸢rijaburi⸣munu],マリヤブリムヌ,名
[ma⸢rijaburi⸣munu],マリヤブリムヌ,名
[ma⸢riruŋ],マリルン,自動
[ma⸢riŋgaːri],マリンガーリ,名
[ma⸢ru],マル,名
[ma⸢ru],マル,接頭
[ma⸢ruːmaruː⸣ʃi],マルーマルーシ,副
[ma⸢ruʔarai],マルアライ,名
[ma⸢rukana],マルカナ,名
[ma⸢rukiː],マルキー,名
[ma⸢rukeːti],マルケーティ,副
[ma⸢rukeːti],マルケーティ,名
[ma⸢rukeːti⸣naː],マルケーティナー,副
[ma⸢ruʣaː],マルザー,名
[ma⸢rusuni],マルスニ,名
[ma⸢rusuŋ],マルスン,名
[ma⸢ruta],マルタ,名
[ma⸢runumi],マルヌミ,名
[ma⸢runuŋ],マルヌン,名
[ma⸢runuŋ],マルヌン,名
[ma⸢rubai],マルバイ,名
[ma⸢rupadaka],マルパダカ,名
[ma⸢rubuŋ],マルブン,名
[ma⸢ru⸣mabunsaŋ],マルマブンサン,固
[ma⸢rumoːki],マルモーキ,名
[ma⸢ruŋ],マルン,自動
[ma⸢ruŋ],マルン,自動
[⸣maruŋ],マルン,他動
[ma⸢reːra⸣ ʃideːra],マレーラシデーラ,連
[ma⸢roː⸣ŋ],マローン,形
[⸣maŋ],マン,名
[⸢maŋʔiʧi],マンイチ,名
[⸢maŋʔiʧi],マンイチ,副
[⸢maŋ⸣ka],マンカ,副
[maŋ⸢kaːma],マンカーマ,副
[maŋ⸢kaːmaŋkaː],マンカーマンカー,副
[⸢maŋgaʔiʧi],マンガイチ,副
[⸢maŋ⸣gana],マンガナ,名
[⸢maŋka⸣miʧi],マンカミチ,名
[⸢maŋka⸣munu],マンカムヌ,名
[⸣maŋkukuru],マンククル,名
[⸢maŋguru],マングル,名
[⸢maŋ⸣keːʣaːteː],マンケーザーテー,名
[⸢mansaku],マンサク,名
[⸢mansaŋ],マンサン,名
[⸢man⸣ʤu],マンジュ,名
[⸢maŋʃiŋ],マンシン,名
[⸢man⸣ʣui],マンズイ,名
[⸢manʣuku],マンズク,名
[⸣manta],マンタ,名
[⸣mandai],マンダイ,名
[⸣mantanu ⸢joːka⸣miː],マンタヌヨーカミー,連
[⸣mantajaː],マンタヤー,名
[⸢man⸣daru],マンダル,固
[⸢man⸣ʦaː],マンツァー,名
[⸢manʦaːkun⸣ʦaː],マンツァークンツァー,名
[⸢manʦaː⸣suŋ],マンツァースン,他動
[⸢manʦːruŋ],マンツァールン,自動
[⸢manʦːruŋ],マンツァールン,自動
[⸢man⸣ toŋ],マントン,連
[⸢mannaka],マンナカ,名
[⸣manniŋ],マンニン,名
[⸣manniŋ],マンニン,名
[⸢mamburi],マンブリ,名
[⸢mamma],マンマ,名
[⸢mam⸣ma],マンマ,名
[⸢mammaruː],マンマルー,名
[⸣mammuʃi],マンムシ,名
[⸣mammuʃinu ⸢koː⸣ma],マンムシヌコーマ,連
[⸢manri⸣ki],マンリキ,名
[⸣miː],ミー,名
[⸣miː],ミー,名
[⸣miː],ミー,名
[⸣miː],ミー,名
[⸣miː],ミー,名
[⸣miː],ミー,名
[⸢miː],ミー,名
[⸢miː],ミー,名
[⸢miː],ミー,名
[⸢miː],ミー,名
[⸣miː],ミー,名
[⸢miː],ミー,名
[⸣miː],ミー,名
[⸢miː],ミー,名
[⸢miː],ミー,接頭
[⸣miː],ミー,接尾
[⸢miː],ミー,接頭
[⸢-miː],ミー,終助
[⸣-miː],ミー,終助
[⸣-miː],ミー,終助
[⸣miː ʔa⸢kuŋ],ミーアクン,連
[⸢miː⸣ʔati],ミーアティ,名
[⸢miː⸣ʔati],ミーアティ,名
[⸢miː⸣ʔui],ミーウイ,名
[⸢miːʔukikaː⸣ʔuki ⸢suŋ],ミーウキカーウキスン,連
[⸣miː ʔu⸢kuŋ],ミーウクン,連
[⸢miː⸣ʔuʃi],ミーウシ,名
[⸣miː ʔu⸢suːŋ],ミーウスーン,連
[⸢miːʔuta⸣suŋ],ミーウタスン,他動
[⸢miː⸣ʔuʧi],ミーウチ,名
[⸢miː⸣ʔuti],ミーウティ,名
[⸢miː⸣ʔubui],ミーウブイ,名
[⸢miː⸣ʔoː],ミーオー,名
[⸢miːka],ミーカ,名
[⸢miːgaː⸣gaː],ミーガーガー,名
[⸢miːkaː⸣suŋ],ミーカースン,他動
[⸢miːgaː⸣ra],ミーガーラ,名
[⸢miːkaki⸣munu],ミーカキムヌ,名
[⸢miː⸣kagiŋ],ミーカギン,名
[⸢miːkasama⸣saːŋ],ミーカサマサーン,形
[⸢miːkaʃi̥ki],ミーカシキ,名
[⸢miːkaŋ⸣gaŋ],ミーカンガン,名
[⸢miːgaŋ⸣kjoː],ミーガンキョー,名
[⸢miː⸣kiː],ミーキー,名
[⸢miː⸣ki̥suŋ],ミーキスン,他動
[⸢miːguʧi⸣gwaː],ミーグチグヮー,名
[⸢miːguf⸣faŋ],ミーグッふァン,形
[⸢miːgu⸣tu],ミーグトゥ,名
[⸢miː⸣gutu ʃi̥⸢kigutu],ミーグトゥシキグトゥ,連
[⸢miːkura⸣gaŋ],ミークラガン,名
[⸢miːkura⸣gan ⸢suŋ],ミークラガンスン,連
[⸢miːguru⸣guru],ミーグルグル,副
[⸢miːkeːra],ミーケーラ,名
[⸢miːkeŋ],ミーケン,名
[⸢miːkoː⸣gaː],ミーコーガー,名
[⸢miːkoː⸣jaː],ミーコーヤー,名
[⸢miː koː⸣ruŋ],ミーコールン,連
[⸢miː saː⸣ruŋ],ミーサールン,連
[⸢miː⸣sa ⸣kabassa],ミーサカバッサ,連
[⸢miː⸣ʣamaːʣa],ミーザマーザ,名
[⸢miːsama⸣suŋ],ミーサマスン,他動
[⸢miːsami⸣ruŋ],ミーサミルン,自動
[⸢miːsami⸣ruŋ],ミーサミルン,自動
[⸢miː⸣ʣamuni],ミーザムニ,名
[⸢miː⸣ʣamunu],ミーザムヌ,名
[⸢miː⸣saŋ],ミーサン,形
[⸢miː⸣ʣaŋ],ミーザン,形
[⸢miː⸣sï̥kai],ミーシゥカイ,名
[⸢miː⸣sï̥kai ⸢suŋ],ミーシゥカイスン,連
[⸢miːsï̥kai⸣joː],ミーシゥカイヨー,名
[⸢miːsi̥ka⸣muŋ],ミーシゥカムン,他動
[⸢miːʃi̥kik⸣kunaː],ミーシキックナー,名
[⸢miː⸣ʃi̥kipanaʃi̥ki],ミーシキパナシキ,名
[⸢miː⸣ʃi̥kipanaʃi̥kinu ⸢niŋ⸣gai],ミーシキパナシキヌニンガイ,連
[⸢miːʃi̥kira⸣riŋ],ミーシキラリン,連
[⸢miːʃi̥ki⸣ru],ミーシキル,名
[⸢miːʃi̥ki⸣ruŋ],ミーシキルン,他動
[⸢miːʃi̥ʧi⸣kaʣa],ミーシチカザ,名
[⸢miːʃi̥ti⸣ruŋ],ミーシティルン,他動
[⸢miː⸣ʃi̥tuŋ],ミーシトゥン,他動
[⸢miː⸣ʤina],ミージナ,名
[⸢miː⸣ʃiri pa⸢naʃiri],ミーシリパナシリ,連
[⸢miː⸣ʤiru],ミージル,名
[⸢miː⸣su],ミース,名
[⸢miːsuː],ミースー,名
[⸢miː suːra⸣suŋ],ミースーラスン,連
[miː⸢suːri⸣ruŋ],ミースーリルン,連
[⸢miːsuː⸣ruŋ],ミースールン,自動
[⸢miːʣuː⸣waŋ],ミーズーワン,形
[⸢miː⸣sukami],ミースカミ,名
[⸢miː⸣sukaminu ⸣baŋ],ミースカミヌバン,連
[⸢miː⸣su̥kuŋ],ミースクン,他動
[⸢miː⸣suʃi̥ki],ミースシキ,名
[⸢miːsu⸣ʤiru],ミースジル,名
[⸢miː⸣subi],ミースビ,名
[⸢miː⸣soː],ミーソー,名
[⸢miːsoːgaki],ミーソーガキ,名
[⸢miː⸣soʔabuʤiteː],ミーソアブジテー,名
[⸢miːtati⸣ruŋ],ミータティルン,他動
[⸢miːtaburu],ミータブル,名
[⸢miːdara⸣suŋ],ミーダラスン,他動
[⸣miː da⸢ri⸣ruŋ],ミーダリルン,連
[⸢miːdarupana⸣daruʃi],ミーダルパナダルシ,副
[⸢miːtaŋgu],ミータング,名
[⸢miːdaŋgu],ミーダング,名
[⸢miːdaŋgu],ミーダング,名
[⸢miːdaŋgu],ミーダング,名
[⸢miːʧi],ミーチ,名
[⸢miːʧinu piː⸣ʧi],ミーチヌピーチ,連
[⸢miːssaː⸣ra],ミーッサーラ,名
[⸢miːssaː⸣ra],ミーッサーラ,名
[⸢miːssaːri⸣munu],ミーッサーリムヌ,名
[⸢miːssaːri⸣munu],ミーッサーリムヌ,名
[⸣miː s⸢saːruŋ],ミーッサールン,連
[⸢miːssa⸣nu],ミーッサヌ,連
[⸢miːs⸣suŋ],ミーッスン,他動
[⸢miːs⸣suŋ],ミーッスン,連
[⸢miː⸣ssuŋ],ミーッスン,他動
[⸢miː⸣ssuŋ],ミーッスン,他動
[⸢miːti],ミーティ,名
[⸢miːtina⸣ti],ミーティナティ,名
[⸢miː⸣dipu̥su],ミーディプス,名
[⸢miːdimari],ミーディマリ,名
[⸢miː⸣doː],ミードー,名
[⸢miːduː⸣saŋ],ミードゥーサン,形
[⸢miːtuː⸣suŋ],ミートゥースン,他動
[⸢miːtuːru],ミートゥール,名
[⸢miːtu⸣ʔiʃi],ミートゥイシ,名
[⸢miːtukuru],ミートゥクル,名
[⸢miːduku⸣ru],ミードゥクル,名
[⸢miːtuʃi],ミートゥシ,名
[⸢miːtu⸣daku],ミートゥダク,名
[⸢miːtuduki⸣ruŋ],ミートゥドゥキルン,他動
[⸢miːtudu⸣kuŋ],ミートゥドゥクン,連
[⸢miː⸣duru],ミードゥル,名
[⸢miːtun⸣da],ミートゥンダ,名
[⸢miːtun⸣taː],ミートゥンター,名
[⸢miːnau⸣suŋ],ミーナウスン,他動
[⸢miː⸣ nasuŋ],ミーナスン,連
[⸢miː⸣ nasuŋ],ミーナスン,連
[⸢miː⸣nada],ミーナダ,名
[⸢miː⸣nadi pa⸢da⸣nadi],ミーナディパダナディ,連
[⸢miː⸣ na⸢mara⸣suŋ],ミーナマラスン,連
[⸢miː⸣narai],ミーナライ,名
[⸢miː⸣narai],ミーナライ,名
[⸢miː⸣narai ʃi̥⸢kinarai],ミーナライシキナライ,連
[⸢miː⸣narauŋ],ミーナラウン,他動
[⸢miː⸣ naruŋ],ミーナルン,連
[⸢miː⸣ naruŋ],ミーナルン,連
[⸢miːnaŋka],ミーナンカ,名
[⸢miːni],ミーニ,名
[⸣miːniʃi],ミーニシ,名
[⸢miːniʦi],ミーニチ,名
[⸢miːnu⸣kaː],ミーヌカー,名
[⸢miːnu⸣ʃibi],ミーヌシビ,名
[⸢miː⸣nu ⸣ʃiru],ミーヌシル,連
[⸢miːnu⸣ʃiŋ],ミーヌシン,名
[⸢miːnu⸣ʃiŋ],ミーヌシン,名
[⸢miːnu⸣subaʃi pu̥⸢suba⸣ miruŋ],ミーヌスバシプスバミルン,連
[miːnu⸣ soː],ミーヌソー,連
[⸢miːnu⸣ tama],ミーヌタマ,連
[⸢miːnus⸣saŋ],ミーヌッサン,形
[⸢miːnu⸣ssu],ミーヌッス,名
[⸢miːnu⸣ssu],ミーヌッス,名
[⸢miː⸣nu s⸢su⸣tama],ミーヌッスタマ,連
[⸢miːnu⸣ffa],ミーヌッふァ,名
[⸢miː⸣nu f⸢fu⸣tama],ミーヌッふタマ,連
[⸢miː⸣nu ⸣duku],ミーヌドゥク,連
[⸢miː⸣nu na⸢da⸣ka],ミーヌナダカ,連
[⸢miː⸣nu ⸣pḁta],ミーヌパタ,連
[⸢miː⸣nu ⸣ɸu̥ka],ミーヌフカ,連
[⸢miː⸣nu ɸu̥⸢tanaka],ミーヌフタナカ,連
[⸢miː⸣nu ɸu̥⸢ʧi],ミーヌフチ,連
[⸢miː⸣nu ɸu̥⸢ʧi⸣ru],ミーヌフチル,連
[⸢miːnu⸣mai],ミーヌマイ,名
[⸢miːnu⸣mai],ミーヌマイ,名
[⸢miːnumai⸣nu ⸢paŋʃi],ミーヌマイヌパンシ,連
[⸢miːnu⸣maʧi],ミーヌマチ,名
[⸢miːnu⸣maju],ミーヌマユ,名
[⸢miːnuŋgaːra⸣suŋ],ミーヌンガーラスン,他動
[⸢miːpai],ミーパイ,名
[⸢miːpaka],ミーパカ,名
[⸢miːpaka],ミーパカ,名
[⸣miːhagaː],ミーハガー,名
[⸣miːpagaː],ミーパガー,名
[⸢miːbaka⸣suŋ],ミーバカスン,他動
[⸢miːpaka⸣rauŋ],ミーパカラウン,他動
[⸢miːpagi⸣pu̥su],ミーパギプス,名
[⸣miː pa⸢gi⸣ruŋ],ミーパギルン,連
[⸢miːpasï̥⸣kaːŋ],ミーパシゥカーン,形
[⸢miːpasï̥⸣kuŋ],ミーパシゥクン,自動
[⸢miːpaʃi⸣naː],ミーパシナー,名
[⸢miːpada],ミーパダ,名
[⸣miː pḁ⸢takkuŋ],ミーパタックン,連
[⸢miː⸣ba s⸢sapikari suŋ],ミーバッサピカリスン,連
[⸢miːbap⸣pai],ミーバッパイ,名
[⸢miː⸣pana],ミーパナ,名
[⸢miː⸣bari],ミーバリ,名
[⸢miː⸣paruŋ],ミーパルン,自動
[⸣miː ⸢paŋ⸣kuŋ],ミーパンクン,連
[⸢miːpikari⸣munu],ミーピカリムヌ,名
[⸣miː pi̥⸢ka⸣ruŋ],ミーピカルン,連
[⸣miː pi̥⸢ka⸣ruŋ],ミーピカルン,連
[⸢miːbiki⸣dumu],ミービキドゥム,名
[⸢miːpikki⸣ʤiŋ],ミーピッキジン,名
[⸣miː ⸢pikki⸣ruŋ],ミーピッキルン,連
[⸣miː ⸢pik⸣kuŋ],ミーピックン,連
[⸣miː ⸢pik⸣kuŋ],ミーピックン,連
[⸣miːɸugaː],ミーフガー,名
[⸢miːɸu̥ka⸣suŋ],ミーフカスン,他動
[⸣miː ɸu⸢gasuŋ],ミーフガスン,連
[⸢miːɸugikaː⸣ɸugi],ミーフギカーフギ,名
[⸣miː ɸu⸢giruŋ],ミーフギルン,連
[⸢miːbuʃi],ミーブシ,名
[⸢miː⸣buʃi],ミーブシ,名
[⸢miːpu̥su],ミープス,名
[⸢miː⸣ɸuʧi],ミーフチ,名
[⸢miːputu⸣raːŋ],ミープトゥラーン,形
[⸢miːpu̥tu⸣reːʃikiru],ミープトゥレーシキル,名
[⸢miːburaː⸣ri],ミーブラーリ,名
[⸢miːɸurakka⸣suŋ],ミーフラッカスン,他動
[⸢miːɸurakka⸣suŋ],ミーフラッカスン,他動
[⸢miːɸurakka⸣suŋ],ミーフラッカスン,他動
[⸣miː ɸu⸢rakkuŋ],ミーフラックン,連
[⸣miː purakkuŋ],ミープラックン,連
[⸢miː⸣buri ʃi̥⸢kiburi],ミーブリシキブリ,連
[⸢miː⸣buri ⸢suŋ],ミーブリスン,連
[⸢miːhoː⸣suŋ],ミーホースン,他動
[⸢miːmaː⸣suŋ],ミーマースン,他動
[⸢miːmaːru],ミーマール,名
[⸢miːmaː⸣ru],ミーマール,名
[⸢miːmaːru],ミーマール,名
[⸢miːmaː⸣ruŋ],ミーマールン,自動・他動
[⸢miːmai],ミーマイ,名
[⸢miː⸣mai],ミーマイ,名
[⸢miːmai⸣munu],ミーマイムヌ,名
[⸢miːma⸣ʤi],ミーマジ,名
[⸢miːma⸣ʤikiː],ミーマジキー,名
[⸢miːmaʧi⸣gai],ミーマチガイ,名
[⸢miːmaʧigai⸣ruŋ],ミーマチガイルン,他動
[⸢miːmaʧi⸣gauŋ],ミーマチガウン,他動
[⸢miː⸣maja],ミーマヤ,名
[⸢miː⸣maju],ミーマユ,名
[⸢miː⸣mikaːmi],ミーミカーミ,副
[⸢miː⸣mikaːmi],ミーミカーミ,副
[⸢miː⸣mina],ミーミナ,名
[⸢miːmjuː⸣tu],ミーミュートゥ,名
[⸢miːmjuːtu],ミーミュートゥ,名
[⸣miː ⸢muiruŋ],ミームイルン,連
[⸢miːmuku],ミームク,名
[⸢miːmuʃi],ミームシ,名
[⸢miːmusu],ミームス,名
[⸢miː⸣mutai],ミームタイ,名
[⸢miːmutai⸣jaːnʦan sa⸢nu],ミームタイヤーンツァンサヌ,連
[⸢miː mutai⸣ruŋ],ミームタイルン,自動
[⸢miː⸣mutain sa⸢nu],ミームタインサヌ,連
[⸢miː⸣ mutauŋ],ミームタウン,連
[⸢miːmuduʃi],ミームドゥシ,名
[⸢miːmunu],ミームヌ,名
[⸢miː⸣munu],ミームヌ,名
[⸢miː⸣munu],ミームヌ,名
[⸢miːjaː],ミーヤー,名
[mi⸢jaː⸣ma],ミーヤーマ,名
[mi⸢jaː⸣ma],ミーヤーマ,名
[⸢miː⸣ja ⸣ku̥ti ⸢tiː⸣ja ku̥ti],ミーヤクティティーヤクティ,連
[⸢miːjagoː⸣mi ɸu̥⸢ʧijagoːmi],ミーヤゴーミフチヤゴーミ,連
[⸢miːjas⸣saŋ],ミーヤッサン,形
[⸢miː⸣ja ⸢paː⸣naruŋ],ミーヤパーナルン,連
[⸣miː ja⸢ma⸣suŋ],ミーヤマスン,連
[⸣miː ja⸢ma⸣suŋ],ミーヤマスン,連
[⸢miːjumi],ミーユミ,名
[⸢miː⸣joː],ミーヨー,名
[⸢miːjoː⸣ ɸu̥⸢ʧi⸣joː],ミーヨーフチヨー,連
[⸢miː joː⸣ruŋ],ミーヨールン,連
[⸢miːruŋ],ミールン,自動
[⸢miːwaku],ミーワク,名
[⸢miːŋguri⸣saŋ],ミーングリサン,形
[⸢miːʔm⸣ma],ミーンマ,名
[mi⸢kaːmikaː⸣ʃi],ミカーミカーシ,副
[mi⸢gauŋ],ミガクン,他動
[mi⸢ki],ミキ,名
[⸣miki],ミキ,名
[mi⸢kibata⸣ʃi],ミキバタシ,名
[mi⸢gutu],ミグトゥ,名
[mi⸢ku⸣mi],ミクミ,名
[mi⸢guruŋ],ミグルン,自動
[mi⸢ʣaːbata],ミザーバタ,名
[⸣misaːru ⸣joːni],ミサールヨーニ,連
[mi⸢saku],ミサク,名
[mi⸢ʣa⸣ʃi],ミザシ,名
[mi⸢ʣa⸣ʃiʃuː],ミザシシュー,名
[⸣misa ⸣nasuŋ],ミサナスン,連
[⸣misanaruŋ],ミサナルン,自動
[⸣misabinasa],ミサビナサ,名
[⸣misareːti ⸢ʔaː⸣kuŋ],ミサレーティアークン,連
[⸣misaŋ],ミサン,形
[⸣misaŋ],ミサン,形
[⸣misaŋ],ミサン,形
[⸢mi⸣ʃi],ミシ,接尾
[mi⸢ʤi],ミジ,名
[miʃiː⸢miʃi],ミシーミシ,副
[mi⸢ʤiːmiʤiː⸣ʃi],ミジーミジーシ,副
[mi⸢ʤi⸣ʔaba],ミジアバ,名
[mi⸢ʤi⸣ʔaba],ミジアバ,名
[mi⸢ʤiʔami],ミジアミ,名
[mi⸢ʤi⸣ʔarai],ミジアライ,名
[mi⸢ʤiʔiri],ミジイリ,名
[mi⸢ʤi⸣ʔiru],ミジイル,名
[mi⸢ʤiʔuː⸣ki],ミジウーキ,名
[misï̥⸢kaːma⸣ʃi],ミシゥカーマシ,副
[⸢misï̥kamunu],ミシゥカムニ,名
[mi⸢ʤi⸣ʔuŋ],ミジウン,名
[mi⸢ʤiʔoːʃi],ミジオーシ,名
[mi⸢ʤikaːki],ミジカーキ,名
[mi⸢ʃi⸣gai],ミシガイ,名
[mi⸢ʤikami],ミジカミ,名
[mi⸢ʤikaraː⸣ŋ],ミジカラーン,形
[mi⸢ʤikaŋ],ミジカン,名
[mi⸢ʤikaŋ⸣gaŋ],ミジカンガン,名
[mi⸢ʤiguʤi],ミジグジ,名
[mi⸢ʤikubu⸣saː],ミジクブサー,名
[mi⸢ʤikumu⸣ru],ミジクムル,名
[⸢miʃi̥⸣keː],ミシケー,固
[mi⸢ʤi⸣goi],ミジゴイ,名
[mi⸢ʤi saːruŋ],ミジサールン,連
[mi⸢ʤi saːruŋ],ミジサールン,連
[mi⸢ʤisakaʃi̥ki],ミジサカシキ,名
[mi⸢ʤisaba],ミジサバ,名
[mi⸢ʤi⸣saba],ミジサバ,名
[mi⸢ʤisoː],ミジソー,名
[mi⸢ʤitaː],ミジター,名
[mi⸢ʤitaː],ミジター,名
[mi⸢ʤi⸣taː],ミジター,名
[mi⸢ʤitaŋ⸣ku],ミジタンク,名
[mi⸢ʤitaŋ⸣gu],ミジタング,名
[mi⸢ʤissari],ミジッサリ,名
[mi⸢ʤissari],ミジッサリ,名
[mi⸢ʤitippu],ミジティップ,名
[mi⸢ʤi⸣naː],ミジナー,名
[miʃi⸢naːku],ミシナーク,副
[miʃi⸢naːta⸣kutu],ミシナータクトゥ,副
[mi⸢ʤi⸣ naruŋ],ミジナルン,連
[mi⸢ʤi⸣ naruŋ],ミジナルン,連
[mi⸢ʤiniː],ミジニー,名
[mi⸢ʤi⸣niː],ミジニー,名
[mi⸢ʤinuːru],ミジヌール,名
[mi⸢ʤinu⸣kaŋ],ミジヌカン,名
[mi⸢ʤinu⸣kuː],ミジヌクー,名
[mi⸢ʤinu⸣ffa],ミジヌッふァ,名
[mi⸢ʤi⸣bata],ミジバタ,名
[mi⸢ʤipanadaru],ミジパナダル,名
[mi⸢ʤipanaduru],ミジパナドゥル,名
[mi⸢ʤipan⸣tari],ミジパンタリ,名
[mi⸢ʤiɸu̥ku⸣ru],ミジフクル,名
[mi⸢ʤiɸuʧi⸣ru],ミジフチル,名
[mi⸢ʤi⸣ɸuni],ミジフニ,名
[mi⸢ʤiɸumi],ミジフミ,名
[mi⸢ʤimaki],ミジマキ,名
[mi⸢ʤi⸣maki],ミジマキ,名
[mi⸢ʤimiʧi],ミジミチ,名
[mi⸢ʤimutu],ミジムトゥ,名
[mi⸢ʤimuŋ],ミジムン,名
[mi⸢ʤira⸣sa ⸣pirumasa],ミジラサピルマサ,連
[mi⸢ʤira⸣saŋ],ミジラサン,形
[mi⸢ʤira⸣saŋ],ミジラサン,形
[mi⸢ʤira⸣ʃi],ミジラシ,連体
[mi⸢ʤira⸣ʃisu̥koːna],ミジラシスコーナ,連体
[mi⸢ʤira⸣ʃisu̥koːni],ミジラシスコーニ,副
[mi⸢ʃi⸣ruŋ],ミシルン,他動
[mi⸢ʤiŋgaːri],ミジンガーリ,名
[mi⸢ʤiŋga⸣sa],ミジンガサ,名
[mi⸢ʤiŋ⸣gani],ミジンガニ,名
[mi⸢ʤiŋ⸣gura],ミジングラ,名
[mi⸢ʤiŋ⸣goi],ミジンゴイ,名
[mi⸢ʤin⸣dana],ミジンダナ,名
[mi⸢ʤin⸣dara],ミジンダラ,名
[mi⸢ʣu],ミズ,名
[mi⸢ʣu],ミズ,名
[⸢misu̥⸣kuŋ],ミスクン,他動
[misu̥⸢koːma⸣ʃi],ミスコーマシ,副
[misu̥⸢koːmisukoː⸣ʃi],ミスコーミスコーシ,副
[⸣miʣusarai],ミズサライ,名
[mi⸢ʣunu⸣kaŋ],ミズヌカン,名
[mi⸢ʣu⸣no],ミズノ,名
[mi⸢ʣu⸣ja],ミズヤ,名
[mi⸢ʣu⸣ru],ミズル,名
[⸣misuŋ],ミスン,他動
[mi⸢dakaː⸣ma],ミダカーマ,名
[mi⸢da⸣suŋ],ミダスン,他動
[mi⸢tanabuni⸣ ma⸢rasoː⸣ri],ミタナブニマラソーリ,連
[mi⸢da⸣ruŋ],ミダルン,自動
[⸣miʧi],ミチ,名
[⸣miʧi],ミチ,名
[mi⸢ʧiʔau],ミチアウ,名
[mi⸢ʧiʔaki⸣nai],ミチアキナイ,名
[mi⸢ʧiʔukuri],ミチウクリ,名
[mi⸢ʧiʔuta],ミチウタ,名
[mi⸢ʧiʔuta],ミチウタ,名
[mi⸢ʧeː⸣ma],ミチェーマ,名
[mi⸢ʧikusai],ミチクサイ,名
[mi⸢ʧi⸣ʃi̥ki],ミチシキ,名
[mi⸢ʧi⸣ʃi̥ki],ミチシキ,名
[mi⸢ʦi⸣suː],ミチスー,名
[mi⸢ʦi⸣suː],ミチスー,名
[mi⸢ʧi⸣tarai],ミチタライ,名
[mi⸢ʧissaːri⸣munu],ミチッサーリムヌ,名
[mi⸢ʧidumi],ミチドゥミ,名
[mi⸢ʧinaka],ミチナカ,名
[mi⸢ʧinakaː⸣ra],ミチナカーラ,名
[mi⸢ʧinakaː⸣ra],ミチナカーラ,名
[mi⸢ʧi⸣nu ʔa⸢ʤi⸣maː],ミチヌアジマー,連
[mi⸢ʧi⸣nu ⸣suba],ミチヌスバ,連
[mi⸢ʧinu⸣pu̥su],ミチヌプス,名
[mi⸢ʧibuː],ミチブー,名
[mi⸢ʧi⸣buː],ミチブー,連
[mi⸢ʧi ɸumuŋ],ミチフムン,連
[mi⸢ʧimaːru],ミチマール,名
[mi⸢ʧimajui],ミチマユイ,名
[mi⸢ʧimiʧi],ミチミチ,副
[mi⸢ʧijuduŋ],ミチユドゥン,名
[mi⸢ʧi⸣ruŋ],ミチルン,自動
[mi⸢ʧim⸣pata],ミチンパタ,名
[⸣miʦa],ミツァ,名
[mi⸢ʦaːru],ミツァール,名
[⸣miʦaːru],ミツァール,名
[mi⸢ʦa⸣ʔuti],ミツァウティ,名
[⸣miʦakamaʦi],ミツァカマチ,名
[mi⸢ʦa⸣kubi],ミツァクビ,名
[mi⸢ʦa⸣suŋ],ミツァスン,他動
[⸣miʦapaʤiŋ],ミツァパジン,名
[mi⸢ʦamura⸣ʃi],ミツァムラシ,名
[⸢mikka],ミッカ,名
[⸢mikkaʤiki],ミッカジキ,名
[⸢mikkara],ミッカラ,名
[⸢mikku],ミック,名
[⸢mik⸣kwaː],ミックヮー,名
[⸢mit⸣tani],ミッタニ,副
[⸢mit⸣tamakattama],ミッタマカッタマ,副
[mitʧiŋ],ミッチン,名
[mit⸢ti],ミッティ,副
[⸢mit⸣toː ⸣ʔaŋ],ミットーアン,連
[⸢mit⸣toː ⸢naː⸣nu],ミットーナーヌ,連
[⸢mif⸣faːŋ],ミッふァーン,形
[mi⸢ʦu⸣mu],ミツム,名
[⸣miʦuŋ],ミツン,自動
[⸣miʦuŋkeŋ],ミツンケン,副
[mi⸢tumi⸣run],ミトゥミルン,他動
[mi⸢du⸣mu],ミドゥム,名
[mi⸢dumu⸣ʔuja],ミドゥムウヤ,名
[mi⸢dumu⸣daʧi],ミドゥムダチ,名
[mi⸢tu⸣muŋ],ミトゥムン,他動
[mi⸢du⸣ri],ミドゥリ,名
[⸣mina],ミナ,名
[⸣mina],ミナ,名
[mi⸢naː],ミナー,名
[mi⸢na⸣ka],ミナカ,名
[mi⸢nakapoː⸣ki],ミナカポーキ,名
[mi⸢natoː⸣ma],ミナトーマ,名
[mi⸢natu],ミナトゥ,名
[mi⸢namutu],ミナムトゥ,名
[mi⸢ni],ミニ,名
[⸣minu],ミヌ,名
[mi⸢nu⸣kasa],ミヌカサ,名
[mi⸢bu⸣ki],ミブキ,名
[mi⸢ma⸣gi],ミマギ,名
[mi⸢mi⸣ʤaː],ミミジャー,名
[⸢mjaːu],ミャーウ,感
[⸢mjaːu],ミャーウ,名
[⸢mjaːŋgarun],ミャーンガルン,自動
[mi⸢ja⸣gi],ミヤギ,名
[mi⸢ja⸣rabi],ミヤラビ,名
[⸢mjuː⸣tu],ミュートゥ,名
[⸢mjuːtu⸣ʔiʃi],ミュートゥイシ,名
[⸢mjuːtu⸣ʔiʃi],ミュートゥイシ,名
[⸢mjuːtu⸣daku],ミュートゥダク,名
[⸢mjuː⸣naːkjaːmui],ミューナーキャームイ,連
[⸢mjuː⸣mai],ミューマイ,名
[⸢mjoː⸣ga],ミョーガ,名
[⸢mjoː⸣ʤi],ミョージ,名
[⸢mjoː⸣dai],ミョーダイ,名
[mi⸢jo⸣ʃi],ミヨシ,名
[mi⸢ra⸣riŋ],ミラリン,連
[mi⸢ra⸣riŋ],ミラリン,連
[mi⸢rikiŋ⸣gu],ミリキング,名
[mi⸢ripanʦa⸣suŋ],ミリパンツァスン,他動
[mi⸢ri⸣munu],ミリムヌ,名
[⸣mirukaː ⸣miriti],ミルカーミリティ,連
[mi⸢ruku],ミルク,名
[mi⸢rukunu ʔoŋ⸣gi],ミルクヌオンギ,連
[mi⸢rukunu⸣ miŋ],ミルクヌミン,連
[mi⸢rukujuː],ミルクユー,名
[mi⸢rukuɲ⸣jaː],ミルクンヤー,固
[mi⸢ru⸣tu su̥⸢kutoː⸣ ku̥ti],ミルトゥスクトークティ,連
[⸣miru ⸣miːŋ],ミルミーン,連
[⸣miruŋ],ミルン,他動
[⸣miruŋ],ミルン,他動
[⸣miruŋ],ミルン,他動
[⸣miŋ],ミン,名
[⸣miŋ],ミン,名
[⸢miŋ⸣kaː],ミンカー,名
[⸢miŋgaku⸣muŋ],ミンガクムン,名
[⸢miŋkabas⸣saŋ],ミンカバッサン,形
[⸢miŋkiʃi⸣ʔoː],ミンキシオー,名
[⸢miŋ⸣gui],ミングイ,名
[⸢miŋkuʤi⸣raː],ミンクジラー,名
[⸢miŋkuʤiri⸣munu],ミンクジリムヌ,名
[⸢miŋgurasuŋ],ミングラスン,他動
[⸢miŋgurasuŋ],ミングラスン,他動
[⸢miŋ⸣guru],ミングル,名
[⸢miŋguruŋ],ミングルン,自動
[⸢miŋguruŋ],ミングルン,自動
[⸣minsaː],ミンサー,名
[⸢min⸣ʣai],ミンザイ,名
[⸣min sa⸢rauŋ],ミンサラウン,連
[⸣minsu̥kuguru],ミンスクグル,名
[⸣minsubu],ミンスブ,名
[⸢min⸣taː],ミンター,名
[⸢min⸣danaː],ミンダナー,名
[⸢min⸣tama],ミンタマ,名
[⸢min⸣tama],ミンタマ,名
[⸢miŋdari⸣munu],ミンダリムヌ,名
[⸣min s⸢sauŋ],ミンッサウン,連
[⸢minssari⸣munu],ミンッサリムヌ,名
[⸣min ⸣ssariruŋ],ミンッサリルン,連
[⸢min⸣doː],ミンドー,名
[⸢mintoː⸣raː],ミントーラー,名
[⸢mintoːri⸣munu],ミントーリムヌ,名
[⸣min ⸢toːri⸣ruŋ],ミントーリルン,連
[⸢mintuː⸣waŋ],ミントゥーワン,形
[⸣min tu⸢russai⸣ruŋ],ミントゥルッサイルン,連
[⸣min tu⸢rus⸣sauŋ],ミントゥルッサウン,連
[⸢min⸣naː su̥⸢kuŋ],ミンナースクン,連
[min⸢naː⸣ma],ミンナーマ,名
[⸢min⸣naminna],ミンナミンナ,副
[⸢min⸣nukaː],ミンヌカー,名
[⸢min⸣nu ʃi̥⸢ta⸣daru],ミンヌシタダル,連
[⸢min⸣nussu],ミンヌッス,名
[⸢min⸣nuffa],ミンヌッふァ,名
[⸢min⸣nuɸu̥ka ⸣naʃi su̥⸢kuŋ],ミンヌフカナシスクン,連
[⸢mim⸣bani],ミンバニ,名
[⸢mimpajaː⸣ŋ],ミンパヤーン,形
[⸢mim⸣paru],ミンパル,名
[⸢mim⸣baŋ],ミンバン,名
[⸣miŋ ju⸢gusuŋ],ミンユグスン,連
[⸣mu],ム,形式名
[⸢muː],ムー,名
[⸢muː],ムー,名
[⸢muː⸣ʔuʦi],ムーウチ,名
[⸢muːkabi⸣munu],ムーカビムヌ,名
[⸢muːgamuːga],ムーガムーガ,副
[⸢muː⸣ʤi],ムージ,名
[⸢muːʣi⸣nu ⸣niː],ムージヌニー,連
[⸢muːʧi],ムーチ,名
[⸢muːtina⸣ti],ムーティナティ,名
[⸢muːnaŋka],ムーナンカ,名
[⸢muːmuŋ],ムームン,他動
[muː⸢ru],ムール,名
[muː⸢rubaː⸣ki],ムールバーキ,副
[⸢muːŋ],ムーン,自動
[⸣muːŋ],ムーン,自動
[⸢mui],ムイ,接尾
[⸢mui⸣ʔuŋ],ムイウン,名
[⸢muika],ムイカ,名
[⸢muikaba⸣suŋ],ムイカバスン,他動
[⸢mui⸣kabuŋ],ムイカブン,自動
[⸢mui⸣saŋ],ムイサン,接尾
[⸢mui⸣ɸu̥kuŋ],ムイフクン,名
[⸢mui⸣ɸu̥ʧi],ムイフチ,名
[⸢muiɸu̥ʧi],ムイフチ,名
[⸢muiruŋ],ムイルン,自動
[⸢muiruŋ],ムイルン,自動
[⸢muiruŋ],ムイルン,自動
[⸢mui⸣ruŋ],ムイルン,自動
[mu⸢jeː],ムエー,名
[⸣-mukaːja],ムカーヤ,終助
[mu⸢ka⸣ʃi],ムカシ,名
[mu⸢ka⸣ʃiʔuta],ムカシウタ,名
[mu⸢ka⸣ʃi̥kutu],ムカシクトゥ,名
[mu⸢ka⸣ʃi̥kutuba],ムカシクトゥバ,名
[mu⸢ka⸣ʃinarai],ムカシナライ,名
[mu⸢ka⸣ʃipanaʃi],ムカシパナシ,名
[mu⸢ka⸣ʃipu̥su],ムカシプス,名
[mu⸢ka⸣simuni],ムカシムニ,名
[mu⸢ka⸣ʃimunu],ムカシムヌ,名
[mu⸢ka⸣ʃijuː],ムカシユー,名
[mu⸢kiʤi],ムキジ,名
[mu⸢gi⸣wara],ムギワラ,名
[⸣muku],ムク,名
[mu⸢kui],ムクイ,名
[mu⸢kuikabi⸣munu],ムクイカビムヌ,名
[⸣mukuʔiri],ムクイリ,名
[⸣mukukjoːdai],ムクキョーダイ,名
[⸣mukuʃiʣa],ムクシザ,名
[⸣mukuffa],ムクッふァ,名
[⸣mukubuʣa],ムクブザ,名
[mu⸢ku⸣mi],ムクミ,名
[⸣mukujoːʃi],ムクヨーシ,名
[mu⸢geːrasuŋ],ムゲーラスン,他動
[mu⸢geːruŋ],ムゲールン,自動
[mu⸢sa],ムサ,名
[musat⸢tu],ムサットゥ,副
[mu⸢sarakasa⸣ra],ムサラカサラ,名
[mu⸢ʃi],ムシ,名
[mu⸢ʃi],ムシ,名
[mu⸢ʃi],ムシ,名
[mu⸢ʃi],ムシ,名
[mu⸢ʃi],ムシ,副
[⸢mu⸣ʃi],ムシ,助数
[mu⸢ʤi⸣ʔaŋ],ムジアン,名
[⸢muʃi̥ka],ムシカ,副
[mu⸢ʣi⸣kui],ムジクイ,名
[mu⸢ʃikukuʧi],ムシククチ,名
[mu⸢ʃikudaʃi],ムシクダシ,名
[muʃi̥⸢tu],ムシトゥ,副
[mu⸢ʃinu niŋ⸣gai],ムシヌニンガイ,連
[mu⸢ʃibata],ムシバタ,名
[mu⸢ʃibuʃi],ムシブシ,名
[mu⸢ʃiɸu̥ʧi⸣ru],ムシフチル,名
[mu⸢ʤoː],ムジョー,名
[mu⸢ʃiruŋ],ムシルン,自動
[mu⸢ʤiŋ⸣kuʤin s⸢sanu],ムジンクジンッサヌ,連
[mu⸢ʃindu],ムシンドゥ,副
[⸣musu],ムス,名
[⸣musu],ムス,名
[mu⸢suʃi̥ki⸣ni],ムスシキニ,名
[mu⸢subikubu],ムスビクブ,名
[mu⸢subuŋ],ムスブン,他動
[mu⸢suŋ],ムスン,他動
[mu⸢suŋ],ムスン,自動
[⸣mutaisakai],ムタイサカイ,名
[⸣mutaisakai],ムタイサカイ,名
[⸣utaisukui],ムタイスクイ,名
[mu⸢tai⸣ruŋ],ムタイルン,他動
[⸣mutauŋ],ムタウン,他動
[mu⸢ta⸣suŋ],ムタスン,他動
[mu⸢ta⸣buŋ],ムタブン,他動
[mu⸢ta⸣riŋ],ムタリン,自動
[mu⸢ta⸣ruŋ],ムタルン,自動
[mu⸢ta⸣ruŋ],ムタルン,自動
[mu⸢ʧi],ムチ,名
[mu⸢ʧi],ムチ,名
[mu⸢ʧi],ムチ,名
[mu⸢ʧiːmuʧiː⸣ʃi],ムチームチーシ,副
[mu⸢ʧiːmuʧiː⸣ʃi],ムチームチーシ,副
[mu⸢ʧiʔaː],ムチアー,名
[mu⸢ʧiʔaː⸣ʃi],ムチアーシ,名
[mu⸢ʧiʔaːʃi⸣pu̥su],ムチアーシプス,名
[mu⸢ʧi ʔaː⸣suŋ],ムチアースン,連
[mu⸢ʧi ʔaːrasuŋ],ムチアーラスン,連
[mu⸢ʧiʔagi⸣ruŋ],ムチアギルン,他動
[mu⸢ʧiʔagi⸣ruŋ],ムチアギルン,他動
[mu⸢ʧiʔiʣu],ムチイズ,名
[mu⸢ʧika⸣saŋ],ムチカサン,形
[mu⸢ʧikaʃiː],ムチカシー,連体
[mu⸢ʧi⸣kisaŋ],ムチキサン,形
[mu⸢ʧi⸣ su̥⸢ku⸣ruŋ],ムチスクルン,連
[mu⸢ʧiʣoːgu],ムチゾーグ,名
[mu⸢ʧiffaːʃipusu],ムチッふァーシプス,名
[mu⸢ʧi⸣ f⸢faːsuŋ],ムチッふァースン,連
[mu⸢ʧinau⸣suŋ],ムチナウスン,他動
[mu⸢ʧinau⸣ruŋ],ムチナウルン,自動
[mu⸢ʧina⸣suŋ],ムチナスン,他動
[mu⸢ʧi⸣naruŋ],ムチナルン,自動
[mu⸢ʧinuːri],ムチヌーリ,名
[mu⸢ʧinuːri⸣pira],ムチヌーリピラ,名
[mu⸢ʧinuːripu̥su],ムチヌーリプス,名
[mu⸢ʧi nuːruŋ],ムチヌールン,連
[mu⸢ʧinu⸣ba],ムチヌバ,名
[mu⸢ʧinumiː⸣su],ムチヌミース,名
[mu⸢ʧinoː⸣suŋ],ムチノースン,他動
[mu⸢ʧimai],ムチマイ,名
[mu⸢ʧimas⸣saːŋ],ムチマッサーン,形
[mu⸢ʧimas⸣sa ⸢suŋ],ムチマッサスン,連
[mu⸢ʧimiː],ムチミー,名
[muʧiruŋ],ムチルン,自動
[mu⸢ʧi⸣ruŋ],ムチルン,自動
[mu⸢ʧiŋkiː],ムチンキー,名
[mu⸢ʧindaːruŋ],ムチンダールン,自動
[muʦaː⸢muʦaː⸣ʃi],ムツァームツァーシ,副
[mu⸢ʦaːruŋ],ムツァールン,自動
[mu⸢ʦaː⸣ŋ],ムツァーン,形
[⸣mukkaː],ムッカー,名
[⸣mukkaː],ムッカー,接尾
[⸣mukkoː],ムッコー,名
[⸢mutʧiŋ],ムッチン,名
[mut⸢tu],ムットゥ,副
[⸣muti],ムティ,副助
[⸣mutiʔasi̥kai],ムティアシカイ,名
[mu⸢di⸣ʔaja],ムディアヤ,名
[mu⸢ti⸣ʣuku],ムティズク,名
[mu⸢dikkaː⸣ruŋ],ムディッカールン,自動
[mu⸢tittoː⸣ruŋ],ムティットールン,自動
[mu⸢tinau⸣suŋ],ムティナウスン,他動
[mu⸢tina⸣ʃi],ムティナシ,名
[mu⸢tina⸣suŋ],ムティナスン,他動
[mu⸢tipam⸣mai],ムティパンマイ,名
[mu⸢dimaː⸣suŋ],ムディマースン,他動
[mu⸢di⸣muʧi],ムディムチ,名
[mu⸢di⸣ruŋ],ムディルン,他動
[⸣mutu],ムトゥ,名
[⸣mutu],ムトゥ,名
[⸣mutu],ムトゥ,名
[⸣mutu],ムトゥ,助数
[mu⸢tu⸣ʔugaŋ],ムトゥウガン,名
[mu⸢tu⸣gajaː],ムトゥガヤー,名
[mu⸢tu⸣kiŋ],ムトゥキン,名
[mu⸢tu⸣kiŋ],ムトゥキン,名
[mu⸢tu⸣goi],ムトゥゴイ,名
[mu⸢tusaka⸣sa],ムトゥサカサ,名
[mu⸢tuʣari],ムトゥザリ,名
[mu⸢du⸣ʃi],ムドゥシ,名
[mu⸢du⸣ʃi],ムドゥシ,助数
[mu⸢tu⸣si̥kai],ムトゥシゥカイ,名
[mu⸢tu⸣ʃiŋ],ムトゥシン,名
[mu⸢du⸣suŋ],ムドゥスン,他動
[mu⸢du⸣suŋ],ムドゥスン,他動
[mu⸢tu⸣dai],ムトゥダイ,名
[mu⸢tudoːri],ムトゥドーリ,名
[mu⸢tudoːrijaː],ムトゥドーリヤー,名
[⸣mutuduːru],ムトゥドゥール,名
[mu⸢tu⸣naː],ムトゥナー,名
[mu⸢tunakan⸣teː],ムトゥナカンテー,名
[⸣mutunaru],ムトゥナル,名
[mu⸢tu⸣niː],ムトゥニー,名
[mu⸢tu⸣baki],ムトゥバキ,名
[mu⸢tu⸣ba ⸣ʃiː],ムトゥバシー,連
[mu⸢tu⸣birai],ムトゥビライ,名
[mu⸢tu⸣bu],ムトゥブ,名
[mu⸢tumi⸣ruŋ],ムトゥミルン,他動
[⸣mutumutu],ムトゥムトゥ,名
[⸣mutumutu],ムトゥムトゥ,副
[mu⸢tu⸣mura],ムトゥムラ,名
[mu⸢tu⸣muŋ],ムトゥムン,名
[mu⸢tu⸣jaː],ムトゥヤー,名
[mu⸢duri⸣tida],ムドゥリティダ,名
[mu⸢duri⸣miʧi],ムドゥリミチ,名
[mu⸢du⸣ru],ムドゥル,名
[mu⸢du⸣ruŋ],ムドゥルン,自動
[⸣mutuŋ],ムトゥン,他動
[⸣mutuŋ],ムトゥン,他動
[⸣mutuŋ],ムトゥン,他動
[⸣mutuŋ],ムトゥン,他動
[⸣mutuŋ],ムトゥン,自動
[⸣muduŋ],ムドゥン,他動
[⸣munai],ムナイ,名
[⸣muni],ムニ,名
[⸣muni],ムニ,名
[mu⸢niʔagi],ムニアギ,名
[⸣muni ʔa⸢ʣa⸣keːŋ],ムニアザケーン,連
[⸣muni ʔa⸢raː⸣ŋ],ムニアラーン,連
[⸣muni ʔi⸢ʤikanti],ムニイジカンティ,連
[mu⸢niʔiʤihoː⸣ru],ムニイジホール,名
[mu⸢niʔiʤimaː⸣ʃi],ムニイジマーシ,名
[⸣muni ʔi⸢ʣuŋ],ムニイズン,連
[⸣muni ʔu⸢mus⸣saŋ],ムニウムッサン,連
[⸣muni ⸢kai⸣jaŋ],ムニカイヤン,連
[⸣muniku̥tuba],ムニクトゥバ,名
[⸣muni ⸢koː⸣ŋ],ムニコーン,連
[mu⸢nidaː⸣ra ma⸢rakuŋ],ムニダーラマラクン,連
[mu⸢nik⸣kaː],ムニッカー,名
[⸣muninasaki],ムニナサキ,名
[mu⸢ni⸣nu ʔi⸢ʤijoː],ムニヌイジヨー,連
[mu⸢ni⸣nu ⸢goː⸣raːŋ],ムニヌゴーラーン,連
[mu⸢ni⸣nu ⸢saːru],ムニヌサール,連
[⸣muni ba⸢ka⸣jaŋ],ムニバカヤン,連
[mu⸢nipajaː⸣ŋ],ムニパヤーン,形
[⸣muni pa⸢jaː⸣ŋ],ムニパヤーン,連
[⸣muni ɸu̥⸢kiruŋ],ムニフキルン,連
[⸣muni ⸢jaː⸣raːŋ],ムニヤーラーン,連
[⸣muni ja⸢ni⸣jaŋ],ムニヤニヤン,連
[⸣munijumaː],ムニユマー,名
[mu⸢nijumik⸣kunaː],ムニユミックナー,名
[mu⸢nijumi⸣munu],ムニユミムヌ,名
[⸣muni ⸣jumuŋ],ムニユムン,連
[⸣muni ⸣jumuŋ],ムニユムン,連
[⸣muniŋ ʔi⸢ʣaranu⸣ pa⸢nam⸣ pu̥⸢sara⸣nu],ムニンイザラヌパナンプサラヌ,句
[⸣munimbiːn ⸢naː⸣nu],ムニンビーンナーヌ,連
[⸣munu],ムヌ,名
[⸣munu],ムヌ,名
[⸣munu],ムヌ,名
[⸣munu],ムヌ,名
[⸣munu],ムヌ,名
[⸣munu],ムヌ,名
[⸣-munu],ムヌ,接助
[⸣munu],ムヌ,名
[mu⸢nu⸣ʔati],ムヌアティ,名
[mu⸢nu⸣ʔiri],ムヌイリ,名
[mu⸢nuʔiri⸣munu],ムヌイリムヌ,名
[mu⸢nu⸣ʔutu],ムヌウトゥ,名
[mu⸢nu⸣ʔubai],ムヌウバイ,名
[mu⸢nu⸣ʔubui],ムヌウブイ,名
[⸣munu ⸣ʔumuːŋ],ムヌウムーン,連
[⸣munu ⸣ʔumuːŋ],ムヌウムーン,連
[mu⸢nu⸣ʔumui],ムヌウムイ,名
[mu⸢nuʔumui⸣pada],ムヌウムイパダ,名
[mu⸢nuʔumui⸣jaŋ],ムヌウムイヤン,名
[⸣munu ʔu⸢moːra⸣nu],ムヌウモーラヌ,連
[⸣munu ʔu⸢moː⸣riŋ],ムヌウモーリン,連
[mu⸢nukaŋ⸣gai],ムヌカンガイ,名
[mu⸢nukuː⸣jaː],ムヌクーヤー,名
[mu⸢nukui⸣munu],ムヌクイムヌ,名
[mu⸢nu⸣gutu],ムヌグトゥ,名
[mu⸢nu⸣ ku⸢maː⸣ŋ],ムヌクマーン,連
[mu⸢nu⸣ ku⸢maː⸣ŋ],ムヌクマーン,連
[mu⸢nu⸣sasi],ムヌサシ,名
[mu⸢nusaba⸣ki],ムヌサバキ,名
[⸣munu ʃi⸢naː⸣suŋ],ムヌシナースン,連
[mu⸢nuʃira⸣ʃi],ムヌシラシ,名
[mu⸢nu⸣ʃiri],ムヌシリ,名
[mu⸢nu⸣ʃiri],ムヌシリ,名
[mu⸢nusu̥kuripan⸣ta],ムヌスクリパンタ,名
[mu⸢nusu̥ku⸣ru],ムヌスクル,名
[mu⸢nusu̥koː⸣ru],ムヌスコール,名
[mu⸢nusoː⸣daŋ],ムヌソーダン,名
[mu⸢nutaku⸣mi],ムヌタクミ,名
[mu⸢nu⸣dani],ムヌダニ,名
[mu⸢nutaruga⸣ki],ムヌタルガキ,名
[mu⸢nussa⸣ʃi],ムヌッサシ,名
[mu⸢nuffai⸣ ka⸢dan⸣saːŋ],ムヌッふァイカダンサーン,連
[mu⸢nuffai⸣ʣaku],ムヌッふァイザク,名
[mu⸢nuffaitaː⸣ra],ムヌッふァイダーラ,名
[mu⸢nuffai⸣pu̥su],ムヌッふァイプス,名
[mu⸢nuffai⸣musi],ムヌッふァイムシ,名
[mu⸢nuffai⸣munu],ムヌッふァイムヌ,名
[mu⸢nunaʃi̥⸣ki],ムヌナシキ,名
[mu⸢nunaraː⸣ʃi],ムヌナラーシ,名
[mu⸢nu⸣narai],ムヌナライ,名
[mu⸢nu⸣narai],ムヌナライ,名
[mu⸢nunuki⸣munu],ムヌヌキムヌ,名
[mu⸢nu⸣nu ʔm⸢maː⸣ŋ],ムヌヌンマーン,文
[-mu⸢nu⸣ba],ムヌバ,接助
[mu⸢nu⸣ pḁkuŋ],ムヌパクン,他動
[mu⸢nubaʃi̥⸣ki],ムヌバシキ,名
[mu⸢nupana⸣ʃi],ムヌパナシ,名
[mu⸢nu⸣barai],ムヌバライ,名
[mu⸢nupiruma⸣sanŋ],ムヌピルマサン,形
[mu⸢numiː⸣ʣaŋ],ムヌミーザン,形
[mu⸢numiʤira⸣saŋ],ムヌミジラサン,形
[mu⸢numiri⸣pu̥su],ムヌミリプス,名
[mu⸢nu⸣ miruŋ],ムヌミルン,連
[mu⸢nu⸣muʧi],ムヌムチ,名
[mu⸢nujabu⸣ri],ムヌヤブリ,名
[⸣munuŋ],ムヌン,名
[mu⸢nuŋ⸣guiʔuta],ムヌングイウタ,名
[mu⸢nuʔmmaː⸣ŋ],ムヌンマーン,形
[⸣munoː],ムノー,連
[⸣munoː ʔa⸢ra⸣nu],ムノーアラヌ,連
[⸣munoː ʔa⸢ra⸣nu],ムノーアラヌ,連
[⸣munoː f⸢faijaː⸣tiru noː⸢n⸣naru],ムノーッふァイヤーティルノーンナル,連
[⸣muba],ムバ,接助
[mu⸢ɸuŋ],ムフン,名
[mu⸢mi],ムミ,名
[mu⸢migara],ムミガラ,名
[mu⸢migaramaffa],ムミガラマッふァ,名
[mu⸢mipaku],ムミパク,名
[⸣mumiŋ],ムミン,名
[⸣mumiŋʔitu],ムミンイトゥ,名
[⸣mumiŋkaʃi],ムミンカシ,名
[⸣mumimpana],ムミンパナ,名
[mu⸢mu],ムム,名
[mu⸢mu],ムム,名
[⸣mumu],ムム,名
[mu⸢mukkeːra],ムムッケーラ,名
[mu⸢mut⸣tara],ムムッタラ,名
[mu⸢mu⸣nuki],ムムヌキ,名
[mu⸢mu⸣jarai],ムムヤライ,名
[⸣mujaː],ムヤー,名
[⸣mujaːʣi̥ka],ムヤージゥカ,名
[⸣mujaːʤika],ムヤージカ,名
[⸣mujaːbaraː],ムヤーバラー,名
[mu⸢joː],ムヨー,名
[mu⸢joː],ムヨー,名
[mu⸢joːsuŋ],ムヨースン,自動
[mu⸢ra],ムラ,名
[mu⸢rairuŋ],ムライルン,他動
[mu⸢raʔui],ムラウイ,名
[mu⸢raʔuʧi],ムラウチ,名
[mu⸢ragimmi],ムラギンミ,名
[mu⸢ragutu],ムラグトゥ,名
[mu⸢raʣarai],ムラザライ,名
[mu⸢raʃi],ムラシ,名
[mu⸢raʃeː⸣ma],ムラシェーマ,名
[mu⸢raʃi⸣ su̥⸢ku⸣ruŋ],ムラシスクルン,連
[mura⸢ʣuː],ムラズー,名
[mu⸢raʣuriː],ムラズリー,名
[mu⸢raʣurui],ムラズルイ,名
[mu⸢ra⸣suŋ],ムラスン,他動
[mu⸢rasuŋ],ムラスン,他動
[mu⸢ranaka],ムラナカ,名
[mu⸢ranu peːri⸣ɸu̥ʧi],ムラヌペーラフチ,連
[mu⸢rabakari],ムラバカリ,名
[mu⸢rabaki],ムラバキ,名
[mu⸢rabanʣu],ムラバンズ,名
[mu⸢rapuːru],ムラプール,名
[mu⸢rabuʣa],ムラブザ,名
[mu⸢ramaːru],ムラマール,名
[mu⸢rajakusa],ムラヤクサ,名
[mu⸢raŋgutu],ムラングトゥ,名
[mu⸢riʔiː],ムリイー,名
[mu⸢rikabuʃi],ムリカブシ,名
[mu⸢rikubana],ムリクバナ,名
[mu⸢rikoːsi],ムリコーシ,名
[mu⸢ri⸣ffa],ムリッふァ,名
[mu⸢ribuʃi],ムリブシ,名
[mu⸢rimaːsu],ムリマース,名
[mu⸢ri⸣ruŋ],ムリルン,自動
[mu⸢ru],ムル,名
[⸣muruː],ムルー,名
[mu⸢ruʔukuʤi],ムルウクジ,名
[mu⸢ruku],ムルク,名
[mu⸢ruku],ムルク,名
[mu⸢ruʃiŋ],ムルシン,名
[mu⸢rusumeː],ムルスメー,名
[mu⸢rusuŋ],ムルスン,名
[mu⸢rukku],ムルック,名
[mu⸢rukkoː⸣ma],ムルッコーマ,名
[mu⸢rupuː],ムルプー,名
[mu⸢rumuru],ムルムル,名
[mu⸢rumurumuʦi],ムルムルムチ,名
[mu⸢ruŋ],ムルン,他動
[⸣muruŋ],ムルン,名
[⸣muruŋ],ムルン,自動
[⸣muruŋ],ムルン,他動
[⸣mureː],ムレー,名
[mu⸢reː⸣ʤi],ムレージ,名
[⸣mureː ⸢suŋ],ムレースン,連
[mu⸢reːma],ムレーマ,名
[⸢muŋ],ムン,名
[⸢muŋ],ムン,名
[⸣muŋ],ムン,名
[⸣muŋ],ムン,名
[⸢muŋ⸣guru],ムングル,名
[⸢muŋ⸣guru],ムングル,名
[⸢muŋ⸣gurukubagasa],ムングルクバガサ,名
[⸢mun⸣ʤuru],ムンジュル,名
[⸢mun⸣dani],ムンダニ,名
[⸢muntaruŋ],ムンタルン,他動
[⸢munʦaːkun⸣ʦaː],ムンツァークンツァー,名
[⸢munʦaːsuŋ],ムンツァースン,他動
[⸢muŋʃʃi⸣ʔiʃi],ムンッシイシ,名
[⸢mun⸣doː],ムンドー,名
[⸢mundoːkan⸣doː],ムンドーカンドー,名
[⸢muntoːsuŋ],ムントースン,他動
[⸢munnu⸣ʔiː],ムンヌイー,名
[⸢munnu⸣kuː],ムンヌクー,名
[⸢munnu⸣kuːbata],ムンヌクーバタ,名
[⸢munnudaː⸣ki],ムンヌダーキ,名
[⸣-munba],ムンバ,接助
[⸢mum⸣mi],ムンミ,名
[⸣meː],メー,間助
[⸣meː],メー,名
[⸣-meː],メー,接尾
[⸢meː],メー,接尾
[⸢meː],メー,接尾
[⸣meː],メー,感
[⸣meː],メー,感
[⸢meː⸣kaŋ],メーカン,名
[⸢meːgan⸣taː],メーガンター,名
[⸢meːku],メーク,名
[⸢meː⸣ku],メーク,名
[⸢meːkupu̥su],メークプス,名
[⸢meːkumuni],メークムニ,名
[⸢meːkujaː],メークヤー,固
[⸢meː⸣keː],メーケー,固
[⸢meːkon⸣ʣa],メーコンザ,固
[⸢meːdeː],メーデー,名
[⸣meːti],メーティ,連
[⸢meː⸣turuʔoŋ],メートゥルオン,固
[⸢meː⸣ turuŋ],メートゥルン,連
[⸢meː⸣nuʔiʣu],メーヌイズ,名
[⸢meː⸣nu ⸣ʔuʧi],メーヌウチ,連
[⸢meːra],メーラ,名
[⸢meːra⸣ʔakamataː],メーラアカマター,名
[⸢meːragaːra],メーラガーラ,名
[⸢meːradunʧi],メーラドゥンチ,固
[⸢meːra⸣bi],メーラビ,名
[⸢meːra⸣biŋkeː],メーラビンケー,連
[met⸢ti],メッティ,副
[⸣moː],モー,連
[⸣moː],モー,名
[⸢moː⸣ki],モーキ,名
[⸢moːkiʣa⸣ku],モーキザク,名
[⸢moːki⸣ruŋ],モーキルン,他動
[⸢moː⸣kuŋ],モークン,他動
[⸢moː⸣sa],モーサ,名
[⸢moː⸣sammaː],モーサンマー,名
[⸢moːʃeː],モーシェー,名
[⸢moː⸣ʃemmaː],モーシェンマー,名
[⸢moːʃimunu],モーシムヌ,名
[⸢moːsuŋ],モースン,他動
[⸢moː⸣suŋ],モースン,他動
[moː⸣jaː],モーヤー,名
[⸢moː⸣jammaː],モーヤンマー,名
[⸣-ja],ヤ,係助
[⸣-ja],ヤ,係助
[⸣-ja],ヤ,係助
[⸣-ja],ヤ,係助
[⸣-ja],ヤ,係助
[⸣-ja],ヤ,係助
[⸣-ja],ヤ,係助
[⸣-ja],ヤ,係助
[⸣-ja],ヤ,係助
[⸣-ja],ヤ,終助
[⸣-ja],ヤ,終助
[⸣jaː],ヤー,名
[⸢jaː⸣ʔuʧi],ヤーウチ,名
[⸢jaːʔuʧi⸣ri],ヤーウチリ,名
[⸢jaːkaː⸣ʤi],ヤーカージ,名
[⸣jaː kḁ⸢kara⸣nu],ヤーカカラヌ,連
[⸢jaː⸣kaʤi],ヤーカジ,名
[⸣jaːkaraː],ヤーカラー,名
[⸢jaːkari⸣munu],ヤーカリムヌ,名
[⸢jaː⸣ki̥ʃikiŋ],ヤーキシキン,名
[⸢jaː⸣kinai],ヤーキナイ,名
[⸢jaːkiburu],ヤーキブル,名
[⸢jaː⸣kuʃi],ヤークシ,名
[⸢jaː⸣kubu],ヤークブ,名
[⸢jaː⸣kubu],ヤークブ,名
[⸢jaːguma⸣ri],ヤーグマリ,名
[⸢jaːkeːra],ヤーケーラ,名
[⸢jaːʣai⸣ku],ヤーザイク,名
[⸢jaː⸣sakaːsa],ヤーサカーサ,副
[⸢jaː⸣sakaʧiri],ヤーサカチリ,名
[⸢jaː⸣saku̥ʧisa],ヤーサクチサ,名
[⸢jaː⸣sakunʣoː],ヤーサクンゾー,名
[⸢jaː⸣sa ⸢suŋ],ヤーサスン,連
[⸢jaːsa⸣ffai],ヤーサッふァイ,名
[⸢jaːsa⸣niʤi],ヤーサニジ,名
[⸢jaːsanoː⸣ʃi],ヤーサノーシ,名
[⸢jaː⸣sabata],ヤーサバタ,名
[⸢jaːsa⸣bata],ヤーサバタ,名
[⸢jaː⸣sa ⸣bataffa],ヤーサバタッふァ,連
[⸢jaː⸣samaːsa],ヤーサマーサ,名
[⸢jaː⸣ʣarai],ヤーザライ,名
[⸢jaː⸣saŋ],ヤーサン,形
[⸢jaː⸣ʃiː],ヤーシー,名
[⸢jaː⸣ʃi̥ki],ヤーシキ,名
[⸢jaː⸣ʃiki],ヤーシキ,名
[⸢jaːʃi̥ki⸣paru],ヤーシキパル,名
[⸢jaːʃi̥ku⸣ʧi],ヤーシクチ,名
[⸢jaːʃigu⸣tu],ヤーシグトゥ,名
[⸢jaːʤi⸣ʃi],ヤージシ,名
[⸣jaː ⸢suːra⸣suŋ],ヤースーラスン,連
[⸢jaːsu̥ku⸣ri],ヤースクリ,名
[⸢jaːsu̥kuri⸣jaː],ヤースクリヤー,名
[⸢jaː⸣su̥kuŋ],ヤースクン,自動
[⸢jaːta⸣ʃi],ヤータシ,副
[⸢jaː⸣tati],ヤータティ,名
[⸢jaːtaŋ⸣kaː],ヤータンカー,名
[⸢jaːʦi],ヤーチ,名
[⸢jaː⸣ʧiŋ],ヤーチン,名
[⸢jaːk⸣karadaki],ヤーッカラダキ,名
[⸢jaːkkubi],ヤーックビ,名
[⸢jaːssaː⸣ku],ヤーッサーク,名
[⸢jaːʃ⸣ʃi],ヤーッシ,名
[jaː⸢diŋ],ヤーディン,副
[⸢jaːdoː⸣ri],ヤードーリ,名
[⸢jaːtuna⸣ru],ヤートゥナル,名
[⸢jaː⸣duru],ヤードゥル,名
[⸢jaː⸣naː],ヤーナー,名
[⸢jaː⸣narai],ヤーナライ,名
[⸢jaːnin⸣ʣu],ヤーニンズ,名
[⸢jaː⸣nu kḁ⸢ki],ヤーヌカキ,連
[⸢jaː⸣nu kḁ⸢ku],ヤーヌカク,連
[⸢jaː⸣nuʃi],ヤーヌシ,名
[⸢jaː⸣nu ⸣ʣoː],ヤーヌゾー,連
[⸢jaː⸣nu ⸣ʃʃisu̥kurai],ヤーヌッシスクライ,連
[⸢jaː⸣nu ⸢naː],ヤーヌナー,連
[⸢jaː⸣nu ⸢naː],ヤーヌナー,連
[⸢jaː⸣nu ⸣baŋ],ヤーヌバン,連
[⸢jaː⸣nu pi̥⸢sa],ヤーヌピサ,連
[⸢jaːbaka⸣ri],ヤーバカリ,名
[⸢jaː⸣bari],ヤーバリ,名
[⸢jaː⸣baŋ],ヤーバン,名
[⸢jaː⸣paŋ],ヤーパン,名
[⸢jaːbanniŋgai],ヤーバンニンガイ,名
[⸢jaː⸣ɸu̥ki],ヤーフキ,名
[⸢jaːɸu̥ki⸣ʤina],ヤーフキジナ,名
[⸢jaːɸu̥ki⸣paru],ヤーフキパル,名
[⸢jaːɸu̥ki⸣pu̥su],ヤーフキプス,名
[⸢jaː⸣ɸuʤi],ヤーフジ,名
[⸢jaːɸuʤi⸣ru],ヤーフジル,名
[⸢jaːpoː⸣ki],ヤーポーキ,名
[⸢jaː⸣ma],ヤーマ,名
[⸢jaːmaː⸣ru],ヤーマール,名
[⸢jaːmaː⸣reː],ヤーマーレー,名
[⸢jaːmai⸣ɸunaː],ヤーマイフナー,名
[⸢jaːmakakaru],ヤーマカル,名
[⸢jaːmakakaru],ヤーマカル,名
[⸢jaːmuʃi],ヤームシ,名
[⸢jaːmuʧi⸣nari],ヤームチナリ,名
[⸢jaː⸣muti],ヤームティ,名
[⸢jaː⸣muti],ヤームティ,名
[⸢jaːmuti⸣ʤibuŋ],ヤームティジブン,名
[⸢jaːmutidoŋ⸣gu],ヤームティドング,名
[⸢jaːmutimai⸣ɸunaː],ヤームティマイフナー,名
[⸢jaː⸣mutu],ヤームトゥ,名
[⸢jaːmutu],ヤームトゥ,名
[⸢jaːmutu],ヤームトゥ,名
[⸢jaː⸣ mutuŋ],ヤームトゥン,連
[⸢jaːmun⸣doː],ヤームンドー,名
[⸢jaːjaʃi̥⸣ki],ヤーヤシキ,名
[⸣jaːraːjoː],ヤーラーヨー,名
[⸢jaː⸣raːŋ],ヤーラーン,形
[⸢jaː⸣raːŋ],ヤーラーン,形
[⸢jaːraʔami],ヤーラアミ,名
[⸢jaːrakasuŋ],ヤーラカスン,他動
[⸢jaːrakasuŋ],ヤーラカスン,他動
[⸢jaːraganʣuː],ヤーラガンズー,名
[⸢jaːrakiruŋ],ヤーラキルン,他動
[⸢jaːrakuŋ],ヤーラクン,自動
[⸢jaːrakuŋ],ヤーラクン,他動
[⸢jaːrakuŋ],ヤーラクン,他動
[⸢jaːrakuŋ],ヤーラクン,他動
[⸢jaːrabiːraː],ヤーラビーラ,名
[jaː⸢rama⸣ʃi],ヤーラマシ,副
[⸢jaːramutai],ヤーラムタイ,名
[⸢jaːramunu],ヤーラムヌ,名
[⸢jaːramunu],ヤーラムヌ,名
[jaː⸢rajaːraː⸣ʃi],ヤーラヤーラーシ,副
[jaː⸢rajaːranu],ヤーラヤーラヌ,連体
[⸢jaːrajaŋ],ヤーラヤン,名
[⸢jaːŋguma⸣ri],ヤーングマリ,名
[jaik⸢kurasaː],ヤイックラサー,感
[jait⸢ti],ヤイッティ,副
[⸢jaibuː],ヤイブー,名
[⸢jaima],ヤイマ,名
[⸢jaimapiʤiruː],ヤイマピジルー,名
[⸢jaimapusu],ヤイマプス,名
[⸢jaimamuni],ヤイマムニ,名
[⸢jaijai⸣ʃi],ヤイヤイシ,副
[⸢jairupaŋ],ヤイルパン,名
[⸢jairupuː],ヤイルプー,名
[⸣jaka],ヤカ,格助
[ja⸢ka⸣ta],ヤカタ,名
[ja⸢kata⸣bata],ヤカタバタ,名
[ja⸢kata⸣buni],ヤカタブニ,名
[ja⸢gati],ヤガティ,副
[ja⸢gama⸣saŋ],ヤガマサン,形
[ja⸢gama⸣saŋ],ヤガマサン,形
[ja⸢kariŋ],ヤカリン,自動
[ja⸢kariŋ],ヤカリン,自動
[⸣jagammateː],ヤガンマテー,名
[ja⸢ki],ヤキ,名
[ja⸢kiʔiʃi],ヤキイシ,名
[ja⸢kiʔiŋ],ヤキイン,名
[ja⸢kikugasuŋ],ヤキクガスン,他動
[ja⸢kikugarasuŋ],ヤキクガラスン,他動
[ja⸢kiʤima],ヤキジマ,名
[ja⸢kidama],ヤキダマ,名
[ja⸢kibai],ヤキバイ,名
[ja⸢kipasi],ヤキパシ,名
[ja⸢kibaru],ヤキバル,名
[ja⸢kibaŋ],ヤキバン,名
[ja⸢kimaːsu],ヤキマース,名
[ja⸢kimuʧi],ヤキムチ,名
[ja⸢ki⸣munu],ヤキムヌ,名
[ja⸢ki⸣munujaː],ヤキムヌヤー,名
[⸣jagiraː],ヤギラー,名
[⸣jagiraː],ヤギラー,名
[ja⸢giruŋ],ヤギルン,自動
[⸣jaku],ヤク,名
[⸣jaku],ヤク,名
[⸣jaku],ヤク,名
[ja⸢gui],ヤグイ,名
[ja⸢ku⸣sa],ヤクサ,名
[ja⸢gusami],ヤグサミ,名
[ja⸢kusu̥ku],ヤクスク,名
[⸣jaku ⸣tḁtuŋ],ヤクタトゥン,連
[ja⸢ku⸣duʃi],ヤクドゥシ,名
[ja⸢ku⸣niŋ],ヤクニン,名
[ja⸢kunuŋgaː⸣ri],ヤクヌンガーリ,名
[ja⸢ku⸣ba],ヤクバ,名
[ja⸢ku⸣barai],ヤクバライ,名
[ja⸢ku⸣meː],ヤクメー,名
[ja⸢kuŋ],ヤクン,他動
[ja⸢kuŋ],ヤクン,他動
[ja⸢keːra],ヤケーラ,名
[⸣jakoː tḁ⸢ta⸣nu],ヤコータタヌ,連
[ja⸢koː⸣ma],ヤコーマ,名
[⸣jagoːmaː],ヤゴーマー,名
[ja⸢goːmasuŋ],ヤゴーマスン,他動
[ja⸢goːmi⸣kagoːmi],ヤゴーミカゴーミ,副
[ja⸢goːmuŋ],ヤゴームン,自動
[⸣jakoŋ],ヤコン,名
[⸣jakoŋ],ヤコン,名
[⸣jasai],ヤサイ,名
[⸣jaʃi],ヤシ,名
[ja⸢ʃiːjaʃiː],ヤシーヤシー,名
[ja⸢ʃikaː⸣ʃi],ヤシカーシ,名
[ja⸢ʃi⸣kai],ヤシカイ,名
[⸢jaʃi̥⸣ki],ヤシキ,名
[⸢jaʃi̥ki⸣ʧiŋ],ヤシキチン,名
[⸢jaʃi̥ki⸣nu ⸣kaŋ],ヤシキヌカン,連
[⸢jaʃi̥ki⸣nu ⸢niŋ⸣gai],ヤシキヌニンガイ,連
[ja⸢ʃi⸣dai],ヤシダイ,名
[ja⸢ʃinaiʔuja],ヤシナイウヤ,名
[ja⸢ʃinaiffa],ヤシナイッふァ,名
[ja⸢ʃimara⸣nu],ヤシマラヌ,連
[ja⸢ʤimaru],ヤジマル,名
[ja⸢ʃi⸣mi],ヤシミ,名
[ja⸢ʃi⸣miːʔaŋ],ヤシミーアン,名
[ja⸢ʃimi⸣ruŋ],ヤシミルン,他動
[ja⸢ʃi⸣munu],ヤシムヌ,名
[ja⸢ʃi⸣munu],ヤシムヌ,名
[ja⸢ʃi⸣muŋ],ヤシムン,自動
[ja⸢ʃi⸣muŋ],ヤシムン,他動
[ja⸢ʃi⸣ru],ヤシル,名
[ja⸢ʃin⸣ʣa],ヤシンザ,名
[⸣jasu],ヤス,名
[ja⸢sunʤi⸣ruŋ],ヤスンジルン,自動
[ja⸢sunʤi⸣ruŋ],ヤスンジルン,自動
[ja⸢sun⸣ʣuŋ],ヤスンズン,自動
[ja⸢tantiŋ],ヤタンティン,連
[ja⸢dam⸣bure],ヤダンブレ,名
[ja⸢ʧiriruŋ],ヤチリルン,自動
[⸣jaʦu],ヤツ,名
[ja⸢ʦoː⸣ma],ヤツォーマ,名
[⸢jak⸣kai],ヤッカイ,名
[⸢jak⸣kai],ヤッカイ,名
[⸢jakkara],ヤッカラ,名
[⸢jakkaramunu],ヤッカラムヌ,名
[⸢jakku],ヤック,名
[⸢jas⸣samaːru],ヤッサマール,名
[⸢jas⸣saŋ],ヤッサン,形
[⸢jas⸣saŋ],ヤッサン,形
[⸢jaʃʃeː],ヤッシェー,名
[⸢jatta],ヤッタ,連
[⸢jattukat⸣tu],ヤットゥカットゥ,副
[jat⸢tu⸣ʃi],ヤットゥシ,副
[ja⸢ʦu⸣nu su⸢bu],ヤツヌスブ,連
[⸢japparuŋ],ヤッパルン,自動
[⸣jaʦuɸu̥ʧi],ヤツフチ,名
[⸣jaʦu ja⸢kuŋ],ヤツヤクン,連
[⸣jaʦu ja⸢kuŋ],ヤツヤクン,連
[ja⸢tu],ヤトゥ,名
[⸣jadu],ヤドゥ,名
[⸣jadu],ヤドゥ,名
[⸣jatuːŋ],ヤトゥーン,他動
[⸣jatuːŋ],ヤトゥーン,他動
[⸣jadu ⸢suŋ],ヤドゥスン,連
[ja⸢du⸣ʧiŋ],ヤドゥチン,名
[ja⸢du⸣nu ⸣saŋ],ヤドゥヌサン,連
[ja⸢dupaʃi⸣ru],ヤドゥパシル,名
[⸣jadu ⸢ɸuːŋ],ヤドゥフーン,連
[ja⸢du⸣ɸui],ヤドゥフイ,名
[ja⸢du⸣ɸuʤi],ヤドゥフジ,名
[ja⸢du⸣ɸu̥ʧi],ヤドゥフチ,名
[ja⸢du⸣jaː],ヤドゥヤー,名
[ja⸢du⸣ri],ヤドゥリ,名
[ja⸢duru⸣gaŋ],ヤドゥルガン,名
[ja⸢na],ヤナ,接頭
[⸣jana],ヤナ,名
[ja⸢naː],ヤナー,名
[ja⸢naʔasabi],ヤナアサビ,名
[ja⸢naʔasi̥kai],ヤナアシゥカイ,名
[ja⸢naʔiʤi],ヤナイジ,名
[ja⸢naʔibi],ヤナイビ,名
[ja⸢naʔimi],ヤナイミ,名
[ja⸢naʔujaːri],ヤナウヤーリ,名
[ja⸢naʔoːʃi̥ki],ヤナオーシキ,名
[ja⸢nakaːgi],ヤナカーギ,名
[ja⸢nakakoː],ヤナカコー,副
[ja⸢nakaʣa],ヤナカザ,名
[ja⸢na⸣kaʤi],ヤナカジ,名
[ja⸢nakaʣi],ヤナカジ,名
[ja⸢nakaŋgai],ヤナカンガイ,名
[ja⸢na⸣gi],ヤナギ,名
[ja⸢nagigoː⸣ri],ヤナギゴーリ,名
[ja⸢nakimu],ヤナキム,名
[ja⸢nakiŋ],ヤナキン,名
[ja⸢nakunʣoː],ヤナクンゾー,名
[ja⸢naʣa⸣koː],ヤナザコー,名
[ja⸢naʃiː],ヤナシー,名
[ja⸢naʃiː],ヤナシー,名
[ja⸢nasi̥kai],ヤナシゥカイ,名
[ja⸢nasi̥kara],ヤナシゥカラ,名
[ja⸢naʃimuʧi],ヤナシムチ,名
[ja⸢nasu̥kuri],ヤナスクリ,名
[ja⸢nasoː],ヤナソー,名
[ja⸢natakuma],ヤナタクマ,名
[ja⸢naffa],ヤナッふァ,名
[ja⸢nanaki],ヤナナキ,名
[ja⸢nanaraːʃi],ヤナナラーシ,名
[ja⸢nanarai],ヤナナライ,名
[ja⸢nabata],ヤナバタ,名
[ja⸢naɸu̥ʃi],ヤナフシ,名
[ja⸢naɸu̥ʧi],ヤナフチ,名
[ja⸢namari],ヤナマリ,名
[ja⸢namari],ヤナマリ,名
[ja⸢namiʤi],ヤナミジ,名
[ja⸢namiʧi],ヤナミチ,名
[ja⸢namiʧi],ヤナミチ,名
[ja⸢namuʃi],ヤナムシ,名
[ja⸢namuni],ヤナムニ,名
[ja⸢na⸣muni],ヤナムニ,名
[ja⸢namunu],ヤナムヌ,名
[ja⸢na⸣munu],ヤナムヌ,名
[ja⸢na⸣munu],ヤナムヌ,名
[ja⸢najaŋ],ヤナヤン,名
[ja⸢narikutʧi],ヤナリクッチ,名
[ja⸢nawaʣa],ヤナワザ,名
[ja⸢nawaʣa],ヤナワザ,名
[ja⸢naŋgu⸣ʧi],ヤナングチ,名
[ja⸢naŋgoːri⸣miʤi],ヤナンゴーリミジ,名
[ja⸢naŋgoː⸣ruŋ],ヤナンゴールン,自動
[ja⸢nanʣa],ヤナンザ,名
[ja⸢niːjaniː⸣ʃi],ヤニーヤニーシ,副
[ja⸢niːjaniː⸣ʃi],ヤニーヤニーシ,副
[ja⸢ni⸣jaŋ],ヤニヤン,形
[ja⸢baːjabaː⸣ʃi],ヤバーヤバーシ,副
[ja⸢baː⸣ŋ],ヤバーン,形
[ja⸢baː⸣ŋ],ヤバーン,形
[ja⸢baː⸣ŋ],ヤバーン,形
[ja⸢baː⸣ŋ],ヤバーン,形
[⸣jabaŋ],ヤバン,名
[⸣jahammeː],ヤハンメー,名
[ja⸢bikata⸣ʧi],ヤビカタチ,名
[ja⸢bisu̥ku⸣ri],ヤビスクリ,名
[ja⸢bi⸣mai],ヤビマイ,名
[ja⸢bi⸣mari],ヤビマリ,名
[ja⸢bi⸣munu],ヤビムヌ,名
[ja⸢bi⸣ruŋ],ヤビルン,自動
[⸣jaɸu],ヤフ,名
[ja⸢bu],ヤブ,名
[⸣jaɸu kḁ⸢ka⸣ri],ヤフカカリ,連
[ja⸢ɸu⸣duʃi],ヤフドゥシ,名
[ja⸢ɸu⸣barai],ヤフバライ,名
[ja⸢bujoːʣoː],ヤブヨーゾー,名
[ja⸢buritʦaː⸣ruŋ],ヤブリッツァールン,自動
[ja⸢buri⸣munu],ヤブリムヌ,名
[ja⸢buri⸣munu],ヤブリムヌ,名
[ja⸢buri⸣ruŋ],ヤブリルン,自動
[ja⸢buri⸣ruŋ],ヤブリルン,自動
[ja⸢bu⸣ruŋ],ヤブルン,他動
[ja⸢bu⸣ruŋ],ヤブルン,他動
[ja⸢bu⸣ruŋ],ヤブルン,自動
[⸣jabuŋ],ヤブン,他動
[⸣jabuŋ],ヤブン,自動
[⸣jaɸuŋgai],ヤフンガイ,名
[⸣jama],ヤマ,名
[⸣jama],ヤマ,名
[⸣jama],ヤマ,名
[⸣jama],ヤマ,名
[⸣jama],ヤマ,名
[⸣jama],ヤマ,名
[⸣jama],ヤマ,名
[⸣jama],ヤマ,名
[⸣jama],ヤマ,名
[ja⸢ma⸣ʔau],ヤマアウ,名
[ja⸢ma⸣ʔiʃi],ヤマイシ,名
[ja⸢mairuŋ],ヤマイルン,自動
[ja⸢ma⸣ʔiŋ],ヤマイン,名
[ja⸢ma⸣ʔuku],ヤマウク,名
[ja⸢ma⸣ʔuŋ],ヤマウン,名
[ja⸢makaʃi⸣ra],ヤマカシラ,名
[ja⸢ma⸣kabuŋ],ヤマカブン,自動
[ja⸢ma⸣kabuŋ],ヤマカブン,自動
[ja⸢ma⸣kamai],ヤマカマイ,名
[ja⸢ma⸣kamai],ヤマカマイ,名
[ja⸢ma⸣kami],ヤマカミ,名
[ja⸢makan⸣suru],ヤマカンスル,名
[ja⸢ma⸣kiruŋ],ヤマキルン,自動
[ja⸢ma⸣kubu],ヤマクブ,名
[ja⸢ma⸣saː],ヤマサー,名
[⸣jamaʣaː],ヤマザー,名
[ja⸢ma⸣si̥ka],ヤマシゥカ,副
[ja⸢masi̥⸣ka],ヤマシゥカ,副
[ja⸢maʃigu⸣tu],ヤマシグトゥ,名
[ja⸢maʃida⸣mi],ヤマシダミ,名
[ja⸢ma⸣ʤima],ヤマジマ,名
[ja⸢ma⸣ʤimi],ヤマジミ,名
[ja⸢ma⸣su̥ku],ヤマスク,名
[ja⸢ma⸣suŋ],ヤマスン,他動
[ja⸢ma⸣daː],ヤマダー,名
[ja⸢mataka⸣bi],ヤマタカビ,名
[ja⸢matakabi⸣nu ⸢niŋ⸣gai],ヤマタカビヌニンガイ,連
[ja⸢ma⸣taʤiru],ヤマタジル,名
[ja⸢massaː⸣ku],ヤマッサーク,名
[ja⸢ma⸣tu],ヤマトゥ,名
[ja⸢matuʔuː⸣ru],ヤマトゥウール,名
[ja⸢matuʔusuf⸣fai],ヤマトゥウスッふァイ,名
[ja⸢matu⸣kau],ヤマトゥカウ,名
[ja⸢matu⸣sḁki],ヤマトゥサキ,名
[ja⸢matu⸣saʤi],ヤマトゥサジ,名
[ja⸢matuʃi̥ki⸣munu],ヤマトゥシキムヌ,名
[ja⸢matuʃi̥ta⸣ɸu],ヤマトゥシタフ,名
[ja⸢matusuː⸣beː],ヤマトゥスーベー,名
[ja⸢matu⸣tabi],ヤマトゥタビ,名
[ja⸢matu⸣naː],ヤマトゥナー,名
[ja⸢matu⸣naː],ヤマトゥナー,名
[ja⸢matu⸣nu ku̥⸢karu],ヤマトゥヌクカル,連
[ja⸢matu⸣pḁka],ヤマトゥパカ,名
[ja⸢matu⸣pu̥su],ヤマトゥプス,名
[ja⸢ma⸣dumi],ヤマドゥミ,名
[ja⸢matumiʣu⸣nu],ヤマトゥミズヌ,名
[ja⸢matu⸣muni],ヤマトゥムニ,名
[ja⸢matu⸣juː],ヤマトゥユー,名
[ja⸢ma⸣duru],ヤマドゥル,名
[ja⸢ma⸣ naruŋ],ヤマナルン,連
[ja⸢ma⸣ naruŋ],ヤマナルン,連
[ja⸢manin⸣ʣu],ヤマニンズ,名
[ja⸢ma⸣nu ⸣ʔaʃi],ヤマヌアシ,連
[ja⸢ma⸣nu ⸣kaŋ],ヤマヌカン,連
[ja⸢manuki⸣ru],ヤマヌキル,名
[ja⸢manuʃi̥⸣turu],ヤマヌシトゥル,名
[ja⸢ma⸣nu ti⸢ʤi],ヤマヌティジ,連
[ja⸢ma⸣nu na⸢da⸣ka],ヤマヌナダカ,連
[ja⸢ma⸣nu pḁ⸢ta],ヤマヌパタ,連
[ja⸢ma⸣bakoː],ヤマバコー,名
[ja⸢ma⸣baŋ],ヤマバン,名
[ja⸢ma⸣pini],ヤマピニ,名
[ja⸢maçibi⸣ki],ヤマヒビキ,名
[ja⸢ma⸣piru],ヤマピル,名
[ja⸢mapiŋgi⸣munu],ヤマピンギムヌ,名
[ja⸢mabuː⸣nu],ヤマブーヌ,名
[ja⸢maɸuʤi⸣ru],ヤマフジル,名
[ja⸢ma⸣ɸuda],ヤマフダ,名
[ja⸢maɸuna⸣bu],ヤマフナブ,名
[ja⸢ma⸣ɸumi],ヤマフミ,名
[ja⸢mamaː⸣ru],ヤママール,名
[ja⸢mamaː⸣ru],ヤママール,名
[ja⸢ma⸣majaː],ヤママヤー,名
[ja⸢ma⸣miʤi],ヤマミジ,名
[ja⸢ma⸣miʧi],ヤマミチ,名
[ja⸢majaː⸣sa],ヤマヤーサ,名
[ja⸢maŋgara⸣ʃi],ヤマンガラシ,名
[ja⸢maŋgara⸣ʃi],ヤマンガラシ,名
[ja⸢maŋ⸣gi],ヤマンギ,名
[ja⸢maŋ⸣gu],ヤマング,名
[ja⸢maŋgu⸣pada],ヤマングパダ,名
[ja⸢maŋguma⸣ri],ヤマングマリ,名
[ja⸢maŋgoː⸣ma],ヤマンゴーマ,名
[ja⸢maŋ⸣goːŋ],ヤマンゴーン,形
[ja⸢maŋ⸣goːŋ],ヤマンゴーン,形
[ja⸢mam⸣miː],ヤマンミー,名
[ja⸢mam⸣miː],ヤマンミー,名
[ja⸢mi],ヤミ,名
[ja⸢miʔuʧi],ヤミウチ,名
[ja⸢mi⸣pu̥su],ヤミプス,名
[ja⸢miruŋ],ヤミルン,他動
[⸣jamuŋ],ヤムン,自動
[⸣jamuŋ],ヤムン,自動
[ja⸢muŋ],ヤムン,自動
[ja⸢muŋ],ヤムン,他動
[ja⸢meːma],ヤメーマ,名
[ja⸢meːma],ヤメーマ,名
[ja⸢ra],ヤラ,名
[ja⸢rai⸣ruŋ],ヤライルン,他動
[ja⸢raʣairuŋ],ヤラザイルン,他動
[ja⸢raʣauŋ],ヤラザウン,他動
[ja⸢rasuŋ],ヤラスン,他動
[ja⸢rasuŋ],ヤラスン,他動
[ja⸢ranu⸣pama],ヤラヌパマ,名
[ja⸢ra⸣bi],ヤラビ,名
[ja⸢rabiasi̥⸣kai],ヤラビアシゥカイ,名
[ja⸢rabiffaː⸣ma],ヤラビッふァーマ,名
[ja⸢rabi⸣naː],ヤラビナー,名
[ja⸢rabi⸣pada],ヤラビパダ,名
[ja⸢ra⸣biŋkeː],ヤラビンケー,名
[ja⸢rabu],ヤラブ,名
[ja⸢ra⸣buʣaki],ヤラブザキ,固
[ja⸢rabuŋ],ヤラブン,他動
[ja⸢rabeː⸣ma],ヤラベーマ,名
[ja⸢ri-],ヤリ,接頭
[ja⸢ri],ヤリ,名
[ja⸢ri⸣kakoː],ヤリカコー,名
[ja⸢ri⸣kiː],ヤリキー,接続
[ja⸢ri⸣kiŋ],ヤリキン,名
[⸣jari ʃi̥⸢tiruŋ],ヤリシティルン,連
[⸣jari ʃi̥⸢tuŋ],ヤリシトゥン,連
[ja⸢ritʦaː⸣suŋ],ヤリッツァースン,他動
[ja⸢ritʦaː⸣ruŋ],ヤリッツァールン,自動
[ja⸢ri⸣paku],ヤリパク,名
[ja⸢ri⸣ɸu̥ʧi],ヤリフチ,名
[ja⸢riɸuŋ],ヤリフン,名
[ja⸢ri⸣ruŋ],ヤリルン,自動
[ja⸢runu],ヤルヌ,接
[⸣jaruŋ],ヤルン,他動
[ja⸢runda],ヤルンダ,接続
[ja⸢rundu],ヤルンドゥ,接続
[ja⸢roː⸣ruŋ],ヤロールン,連
[⸢jaŋ],ヤン,助動
[⸣jaŋ],ヤン,名
[⸢jaŋgamaːra⸣saŋ],ヤンガマーラサン,形
[⸢jaŋgui],ヤングイ,名
[⸢jaŋgu⸣tu],ヤングトゥ,名
[⸣jaŋgoː],ヤンゴー,名
[⸢janʣasuː],ヤンザスー,名
[⸢jansuku⸣rai],ヤンスクライ,名
[⸣janʣumeː],ヤンズメー,名
[⸢janʦaŋ],ヤンツァン,係助
[⸣jampanaʃi̥ki],ヤンパナシキ,名
[⸢jam⸣baraː],ヤンバラー,名
[⸢jambara⸣ʔiʃi],ヤンバライシ,名
[⸢jam⸣baru],ヤンバル,名
[⸢jambarugoː⸣raː],ヤンバルゴーラー,名
[⸢jambaru⸣ʃiŋ],ヤンバルシン,名
[⸢jampika⸣ri],ヤンピカリ,名
[⸢jam⸣ma],ヤンマ,名
[⸢jam⸣mai],ヤンマイ,名
[⸢jammai⸣muʧi],ヤンマイムチ,名
[⸢-ju],ユ,格助
[⸢juː],ユー,終助
[⸣juː],ユー,名
[⸣juː],ユー,名
[⸣juː],ユー,名
[⸢juː],ユー,名
[⸢juː],ユー,名
[⸢juː],ユー,名
[⸣juː],ユー,副
[⸣juː],ユー,副助
[⸣juː],ユー,並立
[⸣juː],ユー,並立
[⸣juː ʔa⸢kasuŋ],ユーアカスン,連
[⸢juːʔagiʤirama],ユーアギジラマ,名
[⸢juːʔakiduː⸣ʃi],ユーアキドゥーシ,名
[⸢juːʔasa⸣bi],ユーアサビ,名
[⸢juː⸣ʔami],ユーアミ,名
[⸢juːka],ユーカ,名
[⸢juːkaʤira],ユーカジラ,名
[⸢juːkasoːʤi],ユーカソージ,名
[⸢juːkata],ユーカタ,名
[⸢juːkadu],ユーカドゥ,名
[⸢juːkana⸣ti],ユーカナティ,名
[⸢juːgara⸣sa],ユーガラサ,名
[⸢juː⸣ki],ユーキ,名
[⸢juː⸣kikaːki],ユーキカーキ,名
[⸢juː⸣kuːŋ],ユークーン,自動
[⸢juː⸣kui],ユークイ,連
[⸢juːkuiʤira⸣ma],ユークイジラマ,名
[⸢juːkeːra],ユーケーラ,名
[⸢juːkoː⸣suŋ],ユーコースン,他動
[⸢juːʣasuŋ],ユーザスン,他動
[⸣juː ⸢saŋ⸣kaː],ユーサンカー,連
[⸣juː ⸢san⸣toː],ユーサントー,連
[⸣juːʣeː],ユージェー,名
[⸣juː ⸢ʃeː⸣ŋ],ユーシェーン,連
[⸢juːʃigi⸣roːruŋ],ユーシギロールン,自動
[⸢juːʃigu⸣tu],ユーシグトゥ,名
[⸢juː⸣ʃittai],ユーシッタイ,感
[⸢juːʃinu],ユーシヌ,名
[⸢juːʃiba⸣ru],ユーシバル,名
[⸢juːʃimi],ユーシミ,名
[⸢juː⸣ʃuː],ユーシュー,名
[⸢juːʃiruŋ],ユーシルン,自動
[⸢juːʃiruŋ],ユーシルン,他動
[⸢juː⸣ʣu],ユーズ,名
[⸢juː⸣ʣu],ユーズ,名
[⸢juː⸣ʣukiʣaru],ユーズキザル,名
[⸢juːʣupiː⸣ʣu],ユーズピーズ,名
[⸢juː⸣ʣujaː],ユーズヤー,名
[⸢juːsuŋ],ユースン,他動
[⸢juː⸣suŋ],ユースン,助動
[⸢juːʣuŋ],ユーズン,自動
[⸢juː⸣ʣoː ⸢naː⸣nu],ユーゾーナーヌ,連
[⸢juːʦi],ユーチ,名
[⸢juːʦi],ユーチ,名
[⸢juːʧinu piː⸣ʧi],ユーチヌピーチ,連
[⸢juːʧibari],ユーチバリ,名
[⸢juː⸣ʧimiː],ユーチミー,名
[⸢juːʧiŋgu],ユーチング,名
[⸢juː⸣ ssuŋ],ユーッスン,連
[⸢juːti],ユーティ,名
[⸢juːti],ユーティ,名
[⸢juːtina⸣ti],ユーティナティ,名
[⸢juːtoːpaː⸣reː],ユートーパーレー,名
[⸢juːdoː⸣ɸu],ユードーフ,名
[⸢juː⸣du],ユードゥ,副
[⸢juːduː⸣si],ユードゥーシ,名
[⸢juːduː⸣si],ユードゥーシ,名
[⸢juːduma⸣ri],ユードゥマリ,名
[⸢juː⸣duri],ユードゥリ,名
[⸢juː⸣turu],ユートゥル,名
[⸢juː⸣naki],ユーナキ,名
[⸢juː⸣naki],ユーナキ,名
[⸢juːnaŋka],ユーナンカ,名
[⸢juːniŋgai],ユーニンガイ,名
[⸢juː⸣nu ⸢ʔaːruŋ],ユーヌアールン,連
[⸢juː⸣nu ʔa⸢kiruŋ⸣keŋ],ユーヌアキルンケン,連
[⸢juː⸣nu kaː⸢ʤi],ユーヌカージ,連
[⸢juːnu⸣ su⸢bi],ユーヌスビ,連
[⸢juː⸣nu na⸢ma⸣ʃi̥ki],ユーヌナマシキ,連
[⸢juː⸣bai],ユーバイ,名
[⸢juːbai⸣pu̥ʃi],ユーバイプシ,名
[⸢juːpana⸣ʃi],ユーパナシ,名
[⸢juː⸣pi̥ki],ユーピキ,名
[⸢juːpi̥sajaː],ユーピサヤー,名
[⸢juː⸣ɸuru],ユーフル,名
[⸢juːɸuru⸣ʧiŋ],ユーフルチン,名
[⸢juː⸣ɸurujaː],ユーフルヤー,名
[⸢juː⸣beː],ユーベー,名
[⸢juːbeː⸣buʃi],ユーベーブシ,名
[⸢juː⸣boŋ],ユーボン,名
[⸢juː⸣bonʤibuŋ],ユーボンジブン,名
[⸢juː⸣bompu̥ʃi],ユーボンプシ,名
[⸢juːmaː⸣ru],ユーマール,名
[⸢juːmaː⸣ru],ユーマール,名
[⸢juːmaː⸣reː],ユーマーレー,名
[⸢juːmaki],ユーマキ,名
[⸢juː⸣miʤi],ユーミジ,名
[⸢juː⸣miʧi],ユーミチ,名
[⸢juːmuʃi],ユームシ,名
[⸢juːmuʧi],ユームチ,名
[⸢juː⸣jaki],ユーヤキ,名
[⸢juː⸣riː],ユーリー,名
[⸢juːrikiː],ユーリキー,名
[⸢juːriʃi̥ki],ユーリシキ,名
[⸢juːrissa],ユーリッサ,名
[⸢juːrituʃi],ユーリトゥシ,名
[⸢juːrimunu],ユーリムヌ,名
[⸢juː⸣ru],ユール,名
[⸢juː⸣ru],ユール,名
[⸢juːrupiː⸣ru],ユールピール,名
[⸢juːrujuna⸣ka],ユールユナカ,名
[⸢juːruŋ],ユールン,自動
[⸢juːruŋ],ユールン,自動
[⸢juː⸣reː],ユーレー,名
[⸢juː⸣roː ⸢piːru⸣ nasuŋ],ユーローピールナスン,成
[⸢juːŋ],ユーン,他動
[⸢juːŋgaːru],ユーンガール,名
[⸢juːŋguma⸣ru],ユーングマル,名
[⸢jui],ユイ,名
[jui],ユイ,名
[⸣jui],ユイ,名
[⸣jui],ユイ,名
[⸢juikau],ユイカウ,名
[⸢jui⸣ kabuŋ],ユイカブン,連
[⸢jui⸣saː],ユイサー,感
[⸢jui⸣saː],ユイサー,感
[⸢juiʃiŋka],ユイシンカ,名
[⸢juipu̥su],ユイプス,名
[⸢juimaːru],ユイマール,名
[⸢juira],ユイラ,名
[ju⸢gaɸu],ユガフ,名
[ju⸢gaɸuʔami],ユガフアミ,名
[ju⸢gaɸuduʃi],ユガフドゥシ,名
[ju⸢gamasuŋ],ユガマスン,他動
[ju⸢gamiruŋ],ユガミルン,他動
[ju⸢kamu⸣ʧi],ユカムチ,名
[ju⸢gamuŋ],ユガムン,自動
[ju⸢karasu̥ku],ユカラスク,副
[ju⸢kara⸣pu̥su],ユカラプス,名
[ju⸢kara⸣pu̥sugumboː],ユカラプスグンボー,名
[ju⸢karu],ユカル,形
[ju⸢kiː],ユキー,形動
[ju⸢kiːjukiː⸣ʃi],ユキーユキーシ,副
[ju⸢kiːjukiː⸣ʃi],ユキーユキーシ,副
[⸣juku],ユク,名
[ju⸢ku],ユク,名
[ju⸢ku],ユク,名
[⸣jukuːŋ],ユクーン,自動
[⸣jukui ⸢ʔoː⸣ruŋ],ユクイオールン,連
[ju⸢kukata],ユクカタ,名
[ju⸢kukimu],ユクキム,名
[ju⸢kuʣa⸣ki],ユクザキ,名
[ju⸢ku⸣ʃi],ユクシ,名
[ju⸢kuʃi̥kikaː⸣ʃi̥ki],ユクシキカーシキ,副
[ju⸢kuʣijmaː],ユクジマー,名
[ju⸢kuʤimakaː⸣ʤima],ユクジマカージマ,副
[ju⸢kuʃi⸣muni],ユクシムニ,名
[ju⸢kuʃi⸣muni ⸢ʃiːmunu],ユクシムニシームヌ,連
[ju⸢ku⸣ʤiŋ],ユクジン,名
[ju⸢ku⸣ su̥kuŋ],ユクスクン,連
[ju⸢gusuŋ],ユグスン,他動
[ju⸢kutaːrasuŋ],ユクターラスン,他動
[ju⸢kutaːruŋ],ユクタールン,自動
[ju⸢kutairuŋ],ユクタイルン,他動
[ju⸢kutauŋ],ユクタウン,他動
[ju⸢kutani],ユクタニ,名
[ju⸢kutoŋ],ユクトン,名
[ju⸢kuni],ユクニ,名
[ju⸢kuninu⸣ tani],ユクニヌタニ,連
[ju⸢kunibi],ユクニビ,名
[ju⸢kunudu],ユクヌドゥ,名
[ju⸢ku⸣nu ⸣matasaka],ユクヌマタサカ,成
[ju⸢kubata],ユクバタ,名
[ju⸢kumiʧi],ユクミチ,名
[ju⸢kumiʧi],ユクミチ,名
[ju⸢kumuni],ユクムニ,名
[ju⸢kumuni⸣ku̥timuni],ユクムニクティムニ,名
[ju⸢kumunu],ユクムヌ,名
[ju⸢kujaŋ],ユクヤン,名
[ju⸢guri],ユグリ,名
[ju⸢guri],ユグリ,名
[ju⸢guritiː⸣paŋ],ユグリティーパン,名
[ju⸢gurihaikaraː],ユグリハイカラー,名
[ju⸢gurimunu],ユグリムヌ,名
[ju⸢guriruŋ],ユグリルン,自動
[ju⸢guruŋ],ユグルン,自動
[ju⸢kuŋ],ユクン,副
[⸣jukuŋ],ユクン,名
[ju⸢kunʦa⸣miː],ユクンツァミー,名
[ju⸢koː],ユコー,名
[ju⸢koː⸣ma],ユコーマ,名
[ju⸢koː⸣ŋ],ユコーン,形
[⸣jusa],ユサ,名
[ju⸢ʃiʔaʃi],ユシアシ,名
[⸢juʃi̥⸣ki],ユシキ,名
[⸢juʃi̥⸣kiʃidaru],ユシキシダル,名
[⸢juʃi̥⸣kiʃinʣa],ユシキシンザ,名
[⸢juʃi̥⸣kidaː],ユシキダー,名
[⸢juʃi̥⸣kidaminatu],ユシキダミナトゥ,名
[⸢juʃi̥⸣kipḁʃi],ユシキパシ,名
[ju⸢ʃigutu],ユシグトゥ,名
[ju⸢ʃi⸣ʣaŋ],ユシザン,名
[ju⸢ʃidoːɸu],ユシドーフ,名
[ju⸢ʤiruŋ],ユジルン,他動
[⸣juʃiŋ],ユシン,名
[ju⸢suguŋ],ユスグン,他動
[ju⸢ta],ユタ,名
[ju⸢da],ユダ,名
[ju⸢da],ユダ,名
[ju⸢daːrimunu],ユダーリムヌ,名
[ju⸢dapaː],ユダパー,名
[ju⸢damu⸣ʧi],ユダムチ,名
[ju⸢tamuni],ユタムニ,名
[ju⸢dajaː],ユダヤー,名
[ju⸢dajaː⸣niːbaru],ユダヤーニーバル,名
[ju⸢da⸣riŋ],ユダリン,自動
[ju⸢da⸣riŋ],ユダリン,自動
[ju⸢daru],ユダル,名
[ju⸢darussu],ユダルッス,名
[ju⸢darupaki],ユダルパキ,名
[ju⸢darumuʃi],ユダルムシ,名
[ju⸢daŋ],ユダン,名
[ju⸢daŋ⸣kadaŋ],ユダンカダン,名
[ju⸢dan⸣saːŋ],ユダンサーン,形
[ju⸢ʧiʔaʃi],ユチアシ,名
[ju⸢ʧi⸣ku],ユチク,名
[ju⸢ʧi⸣kuni],ユチクニ,副
[ju⸢ʧidaki],ユチダキ,名
[ju⸢ʧi⸣raː ⸢naː⸣nu],ユチラーナーヌ,連
[ju⸢ʧiru],ユチル,名
[ju⸢ʧirudaki],ユチルダキ,名
[⸣juʧiŋ],ユチン,名
[⸣juʧiŋgaːra],ユチンガーラ,名
[⸣juʧiŋwaŋ],ユチンワン,名
[⸢jukka],ユッカ,名
[⸢jukki],ユッキ,名
[ju⸢dikoː⸣ma],ユディコーマ,名
[ju⸢di⸣tḁku],ユディタク,名
[ju⸢di⸣tḁku],ユディタク,名
[ju⸢di⸣ruŋ],ユディルン,他動
[ju⸢duma⸣naː],ユドゥマナー,副
[ju⸢du⸣muŋ],ユドゥムン,自動
[⸣juduŋ],ユドゥン,他動
[⸣juduŋ],ユドゥン,名
[⸣juna],ユナ,名
[ju⸢naːmina],ユナーミナ,名
[ju⸢na⸣ka],ユナカ,名
[ju⸢naka⸣ʔiː],ユナカイー,名
[ju⸢nakasana⸣ka],ユナカサナカ,名
[ju⸢nakasok⸣koː],ユナカソッコー,名
[ju⸢nakassaː⸣ku],ユナカッサーク,名
[ju⸢naka⸣nu ⸣pai],ユナカヌパイ,連
[ju⸢na⸣ku],ユナク,名
[ju⸢na⸣gu],ユナグ,名
[ju⸢na⸣deː],ユナデー,名
[ju⸢na⸣denu ʔi⸢ʣunu⸣jaː],ユナデヌイズヌヤー,連
[ju⸢nabaru],ユナバル,固
[ju⸢naramiʣu],ユナラミズ,名
[ju⸢na⸣ruŋ],ユナルン,自動
[ju⸢naŋ],ユナン,名
[ju⸢ni],ユニ,名
[ju⸢niʦi],ユニチ,名
[ju⸢niʦi],ユニチ,名
[ju⸢niduʃi],ユニドゥシ,名
[ju⸢nu],ユヌ,連体
[ju⸢nu⸣ku],ユヌク,名
[ju⸢nu⸣kubata],ユヌクバタ,名
[ju⸢nu⸣ʣaː],ユヌザー,名
[ju⸢nu⸣ʃiri],ユヌシリ,名
[ju⸢nu⸣su̥ku],ユヌスク,名
[ju⸢nu⸣su̥ku],ユヌスク,名
[ju⸢nu⸣taki],ユヌタキ,名
[ju⸢nu⸣taki],ユヌタキ,名
[ju⸢nu⸣tu̥ʃi],ユヌトゥシ,名
[ju⸢nu⸣nai],ユヌナイ,名
[ju⸢nunaka],ユヌナカ,名
[ju⸢nunada⸣ka],ユヌナダカ,名
[ju⸢nu nat⸣ʧiŋ],ユヌナッチン,連
[ju⸢nu⸣ nadu],ユヌナドゥ,連
[ju⸢nu⸣ paŋʃi],ユヌパンシ,連
[ju⸢nu⸣pu̥su],ユヌプス,名
[ju⸢nu⸣munu],ユヌムヌ,名
[ju⸢nu⸣reː],ユヌレー,名
[ju⸢nuŋgu⸣tu],ユヌングトゥ,名
[ju⸢nuŋgu⸣tu],ユヌングトゥ,副
[ju⸢nuŋgoːra⸣suŋ],ユヌンゴーラスン,他動
[ju⸢nuŋgoːri⸣miʤi],ユヌンゴーリミジ,名
[ju⸢nuŋgoː⸣ruŋ],ユヌンゴールン,自動
[⸣juneŋ],ユネン,名
[⸣juneŋgata],ユネンガタ,名
[⸣juneŋ ʃi̥⸢ki⸣ti],ユネンシキティ,連
[⸣junentida],ユネンティダ,名
[ju⸢nen⸣nu kaː⸢ʤi],ユネンヌカージ,連
[ju⸢nen⸣nu ⸣saː],ユネンヌサー,連
[ju⸢nen⸣nupai],ユネンヌパイ,名
[ju⸢nennoː⸣ri],ユネンノーリ,名
[ju⸢neŋ⸣jaki],ユネンヤキ,名
[ju⸢noːramiʣu],ユノーラミズ,名
[ju⸢noː⸣reː],ユノーレー,名
[ju⸢noŋ],ユノン,名
[ju⸢noŋ⸣ʔabutaː],ユノンアブター,名
[⸣jubi],ユビ,名
[ju⸢biʣasuŋ],ユビザスン,他動
[ju⸢bitaː],ユビター,名
[ju⸢bidaʃikoːjaku],ユビダシコーヤク,名
[⸣jubu],ユブ,名
[ju⸢ɸuːdu],ユフードゥ,副
[ju⸢ɸasuŋ],ユファスン,他動
[ju⸢ɸarasuŋ],ユファラスン,他動
[ju⸢ɸaramunu],ユファラムヌ,名
[ju⸢ɸaruŋ],ユファルン,自動
[ju⸢bu⸣sa],ユブサ,名
[ju⸢bu⸣sammaː],ユブサンマー,名
[ju⸢bu⸣ʃi],ユブシ,名
[ju⸢buŋ],ユブン,他動
[⸣jumi],ユミ,名
[ju⸢mi],ユミ,名
[ju⸢miʣaːŋ],ユミザーン,名
[ju⸢miʃi̥tu],ユミシトゥ,名
[ju⸢miffa],ユミッふァ,名
[ju⸢minʣa],ユミンザ,名
[ju⸢mu],ユム,接頭
[ju⸢mu],ユム,接頭
[ju⸢mukasama⸣saːŋ],ユムカサマサーン,形
[ju⸢mukata⸣ʧi],ユムカタチ,名
[ju⸢mukun⸣ʣoː],ユムクンゾー,名
[ju⸢mu⸣ʤiraː],ユムジラー,名
[ju⸢munit⸣taːŋ],ユムニッターン,形
[ju⸢mujumu⸣tu],ユムユムトゥ,副
[ju⸢mujumu⸣tu],ユムユムトゥ,副
[⸣jumuŋ],ユムン,他動
[⸣jumuŋ],ユムン,他動
[⸣jumuŋ],ユムン,他動
[⸣jurai],ユライ,名
[⸣jurai ⸢ʔoː⸣ruŋ],ユライオールン,連
[ju⸢raiʣu],ユライズ,名
[ju⸢rai⸣ʣu],ユライズ,名
[ju⸢raʃi],ユラシ,名
[ju⸢raʃinu⸣ miː],ユラシヌミー,連
[ju⸢ra⸣suŋ],ユラスン,他動
[ju⸢rasuŋ],ユラスン,他動
[ju⸢rasuŋ],ユラスン,他動
[⸣juriː],ユリー,名
[⸣juriː],ユリー,名
[juriː⸢juriː],ユリーユリー,副
[ju⸢rittu],ユリットゥ,副
[ju⸢ruːjuruː⸣ʃi],ユルーユルーシ,副
[ju⸢ru⸣kubi],ユルクビ,名
[ju⸢ru⸣kubuŋ],ユルクブン,自動
[ju⸢ru⸣ʃi],ユルシ,名
[ju⸢ru⸣suŋ],ユルスン,他動
[ju⸢rumi⸣ruŋ],ユルミルン,他動
[ju⸢ru⸣muŋ],ユルムン,自動
[ju⸢reː],ユレー,名
[ju⸢reːnu⸣ su̥⸢ku⸣reʣaːteː],ユレーヌスクレザーテー,連
[ju⸢reːnu⸣ hḁ⸢ʦoːʣaːteː],ユレーヌハツォーザーテー,連
[ju⸢reːnu maː⸣saʣaːteː],ユレーヌマーサザーテー,連
[⸣juŋ],ユン,名
[⸣juŋ],ユン,名
[⸢juŋ],ユン,助動
[⸣juŋ],ユン,係助
[⸢juŋgutu],ユングトゥ,名
[⸢jun⸣ta],ユンタ,名
[⸣junda],ユンダ,接助
[⸢jun⸣taku],ユンタク,名
[⸢jun⸣takukantaku],ユンタクカンタク,名
[⸢junʧu],ユンチュ,名
[⸢junʦaː⸣suŋ],ユンツァースン,他動
[⸢junnaː⸣ri],ユンナーリ,名
[⸢jummaː⸣ruŋ],ユンマールン,他動
[⸢jummaː⸣ruŋ],ユンマールン,自動
[⸢jummaka⸣suŋ],ユンマカスン,他動
[⸣joː],ヨー,名
[⸣joː],ヨー,名
[⸣joː],ヨー,名
[⸢joː],ヨー,助
[⸢joː],ヨー,終助
[⸢joː],ヨー,終助
[⸢joː],ヨー,終助
[jo⸢ː],ヨー,感
[⸢joː⸣ka],ヨーカ,名
[⸢joː⸣gaː],ヨーガー,名
[⸢joː⸣kaːpiːkaː],ヨーカーピーカー,副
[⸢joːgaːpeː⸣gaː],ヨーガーペーガー,副
[⸢joː⸣kamiː],ヨーカミー,名
[⸢joː⸣kajaː],ヨーカヤー,名
[⸢joː⸣kajaːnu ʔu⸢ki⸣naʣaːteː],ヨーカヤーヌウキナザーテー,連
[⸢joː⸣kajaːnu ⸣maʧaːçiːteː],ヨーカヤーヌマチャーヒーテー,連
[⸢joːgaraː],ヨーガラー,名
[⸢joːgarikaː⸣gari],ヨーガリカーガリ,副
[⸢joːgarimunu],ヨーガリムヌ,名
[⸢joːgaruŋ],ヨーガルン,自動
[⸢joːgareː],ヨーガレー,名
[⸢joːkoi],ヨーコイ,名
[⸢joː⸣ʃi],ヨーシ,名
[⸢joː⸣si],ヨーシ,名
[⸢joː⸣ʤi],ヨージ,名
[⸢joː⸣ʤi],ヨージ,名
[⸢joː⸣ʣoː],ヨーゾー,名
[⸢joː⸣ʣoː],ヨーゾー,名
[⸢joːʣoːʔuku⸣ri],ヨーゾーウクリ,名
[⸢joː⸣soroː],ヨーソロー,感
[⸢joː⸣ʧi],ヨーチ,名
[⸢joːttabasuŋ],ヨーッタバスン,他動
[⸢joːttabikaːt⸣tabi],ヨーッタビカーッタビ,副
[⸢joːttabuŋ],ヨーッタブン,自動
[⸢joːttajoːtta],ヨーッタヨーッタ,副
[⸢joːttajoːtta],ヨーッタヨーッタ,副
[⸣joːna],ヨーナ,助動
[joː⸢ni],ヨーニ,副
[⸢joː⸣baː],ヨーバー,名
[⸢joːpai⸣ru],ヨーパイル,名
[⸢joː⸣piː],ヨーピー,名
[⸢joːɸu̥kikaː⸣ɸu̥ki],ヨーフキカーフキ,副
[⸢joː⸣beː],ヨーベー,名
[⸢joː⸣maruŋ],ヨーマルン,自動
[⸢joː⸣maruŋ],ヨーマルン,自動
[⸢joː⸣mi],ヨーミ,名
[⸢joː⸣mi ʔi⸢ruŋ],ヨーミイルン,連
[⸢joːmi⸣saŋ],ヨーミサン,形
[⸢joːmi⸣ruŋ],ヨーミルン,他動
[⸢joː⸣muŋ],ヨームン,自動
[⸢joːja⸣ku],ヨーヤク,副
[joː⸢joː],ヨーヨー,感
[⸢joː⸣ra],ヨーラ,名
[⸢joːra⸣saː],ヨーラサー,名
[⸢joː⸣rikaːri],ヨーリカーリ,副
[⸢joː⸣ruŋ],ヨールン,自動
[⸢joː⸣ruŋ],ヨールン,補動
[⸢joː⸣ruŋ],ヨールン,補動
[⸢joː⸣ruŋ],ヨールン,補動
[⸢joːŋ],ヨーン,名
[⸢joː⸣ŋ],ヨーン,形
[⸢joːnnaː],ヨーンナー,副
[⸢joːn⸣ nasuŋ],ヨーンナスン,連
[⸢joːn⸣ naruŋ],ヨーンナルン,連
[⸢joːnnu⸣ miː],ヨーンヌミー,連
[⸢joːnnu⸣ juː],ヨーンヌユー,連
[⸢joːmbai],ヨーンバイ,名
[⸣joi],ヨイ,名
[⸢joigu⸣tu],ヨイグトゥ,名
[⸢joi⸣saː],ヨイサー,名
[⸢joi⸣saː],ヨイサー,感
[⸢joi⸣ʣaː],ヨイザー,名
[⸢joiʃi⸣kiŋ],ヨイシキン,名
[⸢joiʃi⸣pu̥su],ヨイシプス,名
[⸢joiʃi⸣munu],ヨイシムヌ,名
[⸢joiʃi⸣jaː],ヨイシヤー,名
[⸢joiʃiŋ⸣ka],ヨイシンカ,名
[⸣joi ⸢suŋ],ヨイスン,連
[⸣joi ⸢suŋ],ヨイスン,連
[⸢joi⸣nu ⸣maku],ヨイヌマク,連
[⸢joinu⸣munu],ヨイヌムヌ,名
[⸢joinu⸣munu],ヨイヌムヌ,名
[⸣joijuːʣu],ヨイユーズ,名
[jo⸢ʦuwari],ヨツワリ,名
[⸣ra],ラ,格助
[⸣ra],ラ,格助
[⸣ra],ラ,格助
[⸣ra],ラ,格助
[⸣raː],ラー,接助
[raː⸢ʃiːraːʃiː],ラーシーラーシー,副
[⸢raːs⸣saŋ],ラーッサン,形
[⸢raːs⸣saŋ],ラーッサン,接尾
[⸣raku],ラク,名
[⸣raku],ラク,名
[ra⸢kudai],ラクダイ,名
[ra⸢kurakuː⸣tu],ラクラクートゥ,副
[⸢rak⸣kjoː],ラッキョー,名
[⸢ra⸣riŋ],ラリン,助動
[⸢raŋga⸣sa],ランガサ,名
[⸣rampu],ランプ,名
[⸢ram⸣boː],ランボー,名
[⸢ramboː⸣munu],ランボームヌ,名
[⸣ri],リ,名
[⸣riː],リー,名
[⸣riː],リー,名
[⸢riː],リー,名
[⸢riːgi],リーギ,名
[ri⸢kut⸣ʧi],リクッチ,名
[ri⸢kut⸣ʧi],リクッチ,名
[ri⸢kut⸣ʧi],リクッチ,名
[ri⸢kut⸣ʧi f⸢fuŋ],リクッチッふン,連
[ri⸢kut⸣ʧaː],リクッチャー,名
[ri⸢ʃi],リシ,名
[⸢riʃ⸣ʃiŋ],リッシン,名
[⸢rip⸣pa],リッパ,形動
[⸢rjuː],リュー,名
[⸢rjuː],リュー,名
[⸢rjuːguː⸣nukaŋ],リューグーヌカン,名
[⸢rjuːguːmaʧi⸣ri],リューグーマチリ,名
[⸢rjoːbaːnukiru],リョーバーヌキル,名
[⸢rjoːŋ⸣gu],リョーング,名
[⸢rjoːŋgu⸣buŋ],リョーングブン,名
[⸢ri⸣ruŋ],リルン,助動
[⸢riŋ],リン,助動
[⸢riŋ⸣ki],リンキ,名
[⸢rim⸣bjoː],リンビョー,名
[⸣-ru],ル,接尾
[⸣-ru],ル,係助
[⸣-ru],ル,係助
[⸣-ru],ル,係助
[⸣-ru],ル,係助
[⸣-ru],ル,係助
[⸣-ru],ル,係助
[⸣-ru],ル,係助
[⸣-ru],ル,係助
[⸣rugai],ルガイ,名
[⸣ruku],ルク,名
[ru⸢kusaku⸣boː],ルクサクボー,名
[rukuʣuːʔi⸢ʧi⸣nu ⸣joi],ルクジューイチヌヨイ,連
[ru⸢kuŋga⸣ʧi],ルクンガチ,名
[ru⸢kuŋga⸣ʧi ʃi̥⸢tiguʤi],ルクンガチシティグジ,連
[⸢rukka⸣ku],ルッカク,名
[⸢rup⸣pu],ルップ,名
[⸢-reː],レー,終助
[⸢-reː],レー,終助
[⸣roː],ロー,名
[⸢roː⸣su̥ku],ロースク,名
[⸣-wa],ワ,終助
[⸣-wa],ワ,終助
[⸢waː],ワー,代
[⸢waːʃibuteː],ワーシブテー,名
[⸢waːtaː],ワーター,代
[waːt⸢ti],ワーッティ,副
[⸢waːba],ワーバ,名
[⸢waːbagutu],ワーバグトゥ,名
[⸢waːbaʃigutu],ワーバシグトゥ,名
[⸢waːbaʤiŋ],ワーバジン,名
[⸢waːbamuni],ワーバムニ,名
[⸢wauwau⸣si],ワウワウシ,副
[⸣waki],ワキ,名
[⸣waki],ワキ,名
[⸣waki ⸢suŋ],ワキスン,連
[⸣waʣa],ワザ,名
[⸣waʣa],ワザ,名
[wa⸢ʣa⸣ku],ワザク,名
[wa⸢ʣatu],ワザトゥ,副
[⸣waʣamuʧi],ワザムチ,名
[⸣waʣamuʧi],ワザムチ,名
[wa⸢ʣawai],ワザワイ,名
[wa⸢ʣawaʣa],ワザワザ,副
[wa⸢ʤi⸣ka],ワジカ,副
[wa⸢taː],ワター,代
[wa⸢taː],ワター,代
[wa⸢ta⸣ku̥saː],ワタクサー,名
[wa⸢tan⸣ʤa],ワタンジャー,名
[wa⸢ʧiraːsuŋ],ワチラースン,他動
[wa⸢ʧirauŋ],ワチラウン,自動
[⸢was⸣saŋ],ワッサン,形
[⸢wat⸣teː],ワッテー,名
[wa⸢bi],ワビ,名
[wa⸢biruŋ],ワビルン,自動
[warawa⸢raːtti],ワラワラーッティ,副
[wa⸢ri⸣jai],ワリヤイ,名
[⸣wanʣa],ワンザ,代
[⸣wanʣammeː],ワンザンメー,代
[⸢wandaːs⸣saŋ],ワンダーッサン,形
[⸢ŋm、n、ŋ、ŋ],ン,格助
[⸢ŋm、n、ŋ、ŋ],ン,格助
[⸢ŋm、n、ŋ、ŋ],ン,格助
[⸢ŋm、n、ŋ、ŋ],ン,係助
[⸢ŋm、n、ŋ、ŋ],ン,係助
[⸢ŋm、n、ŋ、ŋ],ン,係助
[⸢ŋm、n、ŋ、ŋ],ン,係助
[⸢ŋm、n、ŋ、ŋ],ン,係助
[⸢ŋm、n、ŋ、ŋ],ン,係助
[⸢ŋm、n、ŋ、ŋ],ン,係助
[⸢ŋm、n、ŋ、ŋ],ン,係助
[⸢ŋm、n、ŋ、ŋ],ン,係助
[⸢ŋm、n、ŋ、ŋ],ン,係助
[ʔŋː],ンー,感
[⸢ʔŋ⸣ː],ンー,感
[⸢ʔnːna],ンーナ,接頭
[⸢ʔnː⸣na],ンーナ,名
[⸢ʔnː⸣naː],ンーナー,名
[⸢ʔnːnaʔaːri],ンーナアーリ,名
[⸢ʔnːnaʔauri],ンーナアウリ,名
[⸢ʔnːnaʔiki],ンーナイキ,名
[⸢ʔnːnaʔibari],ンーナイバリ,名
[⸢ʔnːnaʔumui],ンーナウムイ,名
[⸢ʔnːnakaku],ンーナカク,名
[⸢ʔnːnagara],ンーナガラ,名
[⸢ʔnːnakimu],ンーナキム,名
[⸢ʔnːnaguru],ンーナグル,名
[⸢ʔnːnasaː],ンーナサー,名
[⸢ʔnːnasanija],ンーナサニヤ,名
[⸢ʔnːnaʤiː],ンーナジー,名
[⸢ʔnːnasi̥kai],ンーナシゥカイ,名
[⸢ʔnːnasi̥kai],ンーナシゥカイ,名
[⸢ʔnːnasi̥kanai],ンーナシゥカナイ,名
[⸢ʔnːnaʃini],ンーナシニ,名
[⸢ʔnːnasima],ンーナシマ,名
[⸢ʔnːnaʃiru],ンーナシル,名
[⸢ʔnːnaʃiŋ],ンーナシン,名
[⸢ʔnːnasoː],ンーナソー,名
[⸢ʔnːnatarugaki],ンーナタルガキ,名
[⸢ʔnːnaffai],ンーナッふァイ,名
[⸢ʔnːnatiː],ンーナテイー,名
[⸢ʔnːnatiː],ンーナティー,名
[⸢ʔnːnaduː],ンーナドゥー,名
[⸢ʔnːnatoŋ],ンーナトン,名
[⸢ʔnːnanaki],ンーナナキ,名
[⸢ʔnːnanada],ンーナナダ,名
[⸢ʔnːnanaŋgi],ンーナナンギ,名
[⸢ʔnːnanigai],ンーナニガイ,名
[⸢ʔnːnabata],ンーナバタ,名
[⸢ʔnːnapataraki],ンーナパタラキ,名
[⸢ʔnːnapanaʃi],ンーナパナシ,名
[⸢ʔnːnabarai],ンーナバライ,名
[⸢ʔnːnaɸu̥ʧi],ンーナフチ,名
[⸢ʔnːnabuŋgi],ンーナブンギ,名
[⸢ʔnːnamaːri],ンーナマーリ,名
[⸢ʔnːnamagiː],ンーナマギー,名
[⸢ʔnːnamati],ンーナマティ,名
[⸢ʔnːnamuduru],ンーナムドゥル,名
[⸢ʔnːnamuni],ンーナムニ,名
[⸢ʔnːnamunu],ンーナムヌ,名
[⸢ʔnːnamuŋ],ンーナムン,名
[⸢ʔnːnajaː],ンーナヤー,名
[⸢ʔnːnajaʃi̥ki],ンーナヤシキ,名
[⸢ʔnːni],ンーニ,名
[⸢ʔnːni],ンーニ,名
[⸢ʔnːni],ンーニ,名
[⸢ʔnːni⸣ ʔutuŋ],ンーニウトゥン,連
[⸢ʔnːni⸣ su̥kuŋ],ンーニスクン,連
[⸢ʔnːninu⸣ ba⸢ruŋ⸣keŋba⸢riruŋkeŋ],ンーニヌバルンケンバリルンケン,連
[⸢ʔnːni⸣ bi⸢suŋ],ンーニビスン,連
[⸢ʔnːni⸣ ja⸢kuŋ],ンーニヤクン,連
[⸣ʔnːne],ンーネ,名
[⸢ʔmː⸣ba],ンーバ,感
[⸢ʔmː⸣pa⸢ʔmː⸣pa ⸢suŋ],ンーパンーパスン,連
[⸢ʔmː⸣ma],ンーマ,名
[⸢ʔmː⸣ma],ンーマ,名
[⸢ʔmː⸣ma],ンーマ,名
[ʔmː⸢maː⸣maː],ンーマーマ,名
[⸢ʔmːmagaː⸣ta],ンーマガータ,名
[⸢ʔmːma⸣nu kḁ⸢ta],ンーマヌカタ,連
[⸢ʔmːma⸣nu ⸣kura],ンーマヌクラ,連
[⸢ʔmːma⸣nu ⸣ʃinu],ンーマヌシヌ,連
[⸢ʔmːma⸣nu ⸣ʃira],ンーマヌシラ,連
[⸢ʔmːma⸣nu ⸣ffa],ンーマヌッふァ,連
[⸢ʔmːma⸣nu f⸢fa],ンーマヌッふァ,連
[⸢ʔmːma⸣nu f⸢fa],ンーマヌッふァ,連
[⸢ʔmː⸣mi],ンーミ,名
[ʔŋː⸢ŋː],ンーンー,感
[ʔŋːʔŋː],ンーンー,感
[⸢ʔŋːʔŋː⸣ʃi],ンーンーシ,副
[ʔŋ⸢ga-],ンガ,接頭
[ʔŋ⸢gaː],ンガー,名
[ʔŋ⸢kaːsuŋ],ンカースン,他動
[ʔŋ⸢gaː⸣ŋ],ンガーン,形
[ʔŋ⸢gaʔaki⸣ri],ンガアキリ,名
[ʔŋ⸢kaikaʤi],ンカイカジ,名
[ʔŋ⸢kaikoːʃi],ンカイコーシ,名
[ʔŋ⸢ga⸣ʔiʃi],ンガイシ,名
[ʔŋ⸢kaiʤira],ンカイジラ,名
[ʔŋ⸢kaiʣuːʃi],ンカイズーシ,名
[ʔŋ⸢kaibana],ンカイバナ,名
[ʔŋkaibiː],ンカイビー,名
[ʔŋ⸢kairuŋ],ンカイルン,他動
[ʔŋ⸢kauŋ],ンカウン,他動
[ʔŋ⸢kauŋ],ンカウン,他動
[ʔŋ⸢ga⸣kaʣa],ンガカザ,名
[ʔŋ⸢ka⸣ʣa],ンカザ,名
[⸢ŋgasa],ンガサ,係助
[ʔŋga⸣ʤiru],ンガジル,名
[ʔŋ⸢ga⸣su̥ku],ンガスク,名
[ʔŋ⸢ga⸣suŋ],ンガスン,他動
[ʔŋ⸢ga⸣suŋ],ンガスン,他動
[ʔŋ⸢ga⸣daki],ンガダキ,名
[ʔŋ⸢ga⸣tiː],ンガティー,名
[ʔŋ⸢ga⸣tiː],ンガティー,名
[ʔŋ⸢ga⸣tida],ンガティダ,名
[ʔŋga⸣tu̥ʃi],ンガトゥシ,名
[ʔŋ⸢ga⸣naː],ンガナー,名
[ʔŋ⸢ganaː],ンガナー,名
[ʔŋ⸢ga⸣naki],ンガナキ,名
[ʔŋ⸢ga⸣naʧi],ンガナチ,名
[ʔŋ⸢gani],ンガニ,名
[ʔŋ⸢gani suŋ],ンガニスン,連
[ʔŋ⸢ga⸣barai],ンガバライ,名
[ʔŋ⸢gapira⸣ku],ンガピラク,名
[ʔŋ⸢ga⸣pu̥su],ンガプス,名
[ʔŋ⸢gapusu⸣ma],ンガプスマ,名
[ʔŋ⸢ga⸣ɸu̥ʧi],ンガフチ,名
[ʔŋ⸢gaɸu̥ʧi⸣ru],ンガフチル,名
[ʔŋ⸢gama⸣saŋ],ンガマサン,形
[ʔŋ⸢ga⸣miŋ],ンガミン,名
[ʔŋ⸢ga⸣muni],ンガムニ,名
[ʔŋ⸢ga⸣juː],ンガユー,名
[ʔŋ⸢gajoːŋ],ンガヨーン,名
[ʔŋ⸢ga⸣ri],ンガリ,名
[ʔŋ⸢gi],ンギ,名
[ʔŋ⸢gi],ンギ,名
[ʔŋ⸢gi⸣ʔuʃi],ンギウシ,名
[ʔŋ⸢kikoː⸣ma],ンキコーマ,名
[⸢ŋ⸣gisaŋ],ンギサン,助動
[ʔŋ⸢gi⸣pu̥su],ンギプス,名
[ʔŋ⸢ki⸣ruŋ],ンキルン,自動
[ʔŋ⸢gi⸣ruŋ],ンギルン,自動
[ʔŋ⸢kubi],ンクビ,名
[ʔŋ⸢gumuŋ],ングムン,自動
[⸢ŋguri⸣saŋ],ングリサン,助動
[⸢ŋguri⸣saŋ],ングリサン,助動
[⸢ŋguri⸣saŋ],ングリサン,助動
[⸣ʔŋkuŋ],ンクン,他動
[⸣ʔŋguŋ],ングン,自動
[⸢ʔŋkeː⸣ri],ンケーリ,接尾
[ʔŋ⸢koː⸣ruŋ],ンコールン,他動
[ʔŋ⸢goːŋgoː],ンゴーンゴー,感
[⸣ʔnʣa],ンザ,名
[⸣ʔnʣa],ンザ,名
[ʔn⸢ʣa⸣ʃipeːraʃi],ンザシペーラシ,名
[ʔn⸢ʣaʃi⸣mai],ンザシマイ,名
[ʔn⸢ʣaʃi⸣miː],ンザシミー,名
[ʔn⸢ʣa⸣suŋ],ンザスン,他動
[ʔnʤeː⸢peːripeː⸣ri],ンジェーペーリペーリ,副
[ʔn⸢ʤi⸣paː],ンジパー,名
[ʔn⸢ʤi⸣bana],ンジバナ,名
[ʔn⸢ʤi⸣ɸu̥ʧi],ンジフチ,名
[ʔn⸢ʤi⸣ɸuni],ンジフニ,名
[⸣ʔnʤipeːri],ンジペーリ,名
[ʔn⸢ʤi⸣mai],ンジマイ,名
[ʔn⸢ʤi⸣munu],ンジムヌ,名
[ʔn⸢ʤi⸣ruŋ],ンジルン,自動
[⸣ʔnʣuŋ],ンズン,自動
[ʔn⸢ʣo⸣sakanasa],ンゾサカナサ,連
[⸣ʔntaː],ンター,名
[⸣ʔndaː],ンダー,感
[ʔn⸢damaruŋ],ンダマルン,自動
[ʔn⸢damiruŋ],ンダミルン,他動
[ʔn⸢damuŋ],ンダムン,他動
[⸣ʔnʧa],ンチャ,感
[ʔn⸢ʦairuŋ],ンツァイルン,自動
[ʔn⸢ʦauŋ],ンツァウン,自動
[⸢nʦaŋ],ンツァン,係助
[⸢nʦaŋ],ンツァン,係助
[ʔn⸢ʦuŋ],ンツン,自動
[⸢nteː⸣na],ンテーナ,接助
[n⸣doːʃi],ンドーシ,連
[⸣-ndoːreː],ンドーレー,副助
[⸣-ndoːreː],ンドーレー,副助
[⸣-ndoːreː],ンドーレー,副助
[⸢-n⸣du],ンドゥ,接助
[⸣nduŋ],ンドゥン,副助
[⸢-nnaː⸣ni],ンナーニ,格助
[ʔn⸢ni],ンニ,名
[ʔn⸢ni],ンニ,名
[ʔn⸢niʔagi],ンニアギ,名
[ʔn⸢niʔuʧi],ンニウチ,名
[ʔn⸢nigiː],ンニギー,名
[ʔn⸢nigita],ンニギタ,名
[ʔn⸢nitaraːʃi],ンニタラーシ,名
[ʔn⸢nibuni],ンニブニ,名
[⸢n⸣noːŋ],ンノーン,副助
[⸢m⸣paː ⸢suŋ],ンパースン,連
[ʔm⸢baimunu],ンバイムヌ,名
[ʔm⸢bairuŋ],ンバイルン,自動
[ʔm⸢bauŋ],ンバウン,自動
[ʔm⸢bauŋ],ンバウン,他動
[ʔm⸢bauŋ],ンバウン,自動
[ʔm⸢paruŋ],ンパルン,自動
[⸣ʔmbuː],ンブー,名
[ʔm⸢bu⸣saː],ンブサー,名
[ʔm⸢busa⸣riŋ],ンブサリン,連
[ʔm⸢buʃi],ンブシ,名
[ʔm⸢buʃi⸣nabi],ンブシナビ,名
[ʔm⸢buʃi⸣muʧi],ンブシムチ,名
[ʔm⸢buʃi⸣munu],ンブシムヌ,名
[ʔm⸢bu⸣suŋ],ンブスン,他動
[ʔm⸢buniː],ンブニー,名
[ʔm⸢buri⸣ruŋ],ンブリルン,自動
[ʔm⸢bu⸣ruŋ],ンブルン,自動
[⸣ʔmbeː],ンベー,名
[⸣ʔmbeː],ンベー,名
[ʔm⸢beːma],ンベーマ,副
[ʔm⸢beːruŋ],ンベールン,自動
[ʔm⸢beː⸣ ʔm⸢beː],ンベーンベー,感
[ʔm⸢boː⸣ma],ンボーマ,名
[ʔm⸢boː⸣ma],ンボーマ,名
[ʔm⸢boː⸣ŋ],ンボーン,形
[⸣ʔmma],ンマ,名
[ʔm⸢maː⸣munu],ンマームヌ,名
[ʔm⸢maː⸣ŋ],ンマーン,形
[ʔm⸢maː⸣ŋgisaŋ],ンマーンギサン,連
[ʔm⸢maːʔmmaː⸣ʃi ni⸢buŋ],ンマーンマーシニブン,連
[ʔm⸢ma⸣kaʣa],ンマカザ,名
[ʔm⸢ma⸣sakabasa],ンマサカバサ,名
[ʔm⸢maʣa⸣ki],ンマザキ,名
[ʔm⸢ma⸣dimari],ンマディマリ,名
[ʔm⸢ma⸣niː],ンマニー,名
[ʔm⸢manuː⸣ru],ンマヌール,名
[ʔm⸢manu⸣paː],ンマヌパー,名
[ʔm⸢ma⸣munu],ンマムヌ,名
[⸣ʔmmi],ンミ,名
[ʔm⸢mibuʃi],ンミブシ,名
[ʔm⸢meːma],ンメーマ,副
[ʔm⸢meːma⸣su̥kaː],ンメーマスカー,連
[ʔm⸢meːma⸣su̥kaː],ンメーマスカー,連
[ʔm⸢meːma⸣naː],ンメーマナー,連
